sequence,temp_c,humidity_pct
0,27.90,54.40
1,27.90,54.50
2,27.90,54.70
3,27.90,54.80
4,27.90,54.80
5,27.90,54.70
6,27.90,54.60
7,27.90,54.50
8,27.90,54.40
9,27.90,54.40
10,27.90,54.40
11,27.90,54.50
12,27.90,54.40
13,27.90,54.40
14,27.90,54.50
15,27.90,54.50
16,27.80,54.50
17,27.90,54.50
18,27.80,54.60
19,27.90,54.50
20,27.80,54.40
21,27.80,54.50
22,27.80,54.60
23,27.90,54.70
24,27.80,54.60
25,27.90,54.60
26,27.80,54.60
27,27.80,54.50
28,27.80,54.60
29,27.90,54.60
30,27.80,54.60
31,27.80,54.60
32,27.80,54.80
33,27.80,54.70
34,27.80,54.70
35,27.90,54.60
36,27.80,54.50
37,27.80,54.40
38,27.80,54.60
39,27.80,54.60
40,27.80,54.50
41,27.90,54.50
42,27.80,54.50
43,27.90,54.50
44,27.80,54.50
45,27.90,54.50
46,27.80,54.30
47,27.80,54.20
48,27.80,54.30
49,27.80,54.40
50,27.80,54.30
51,27.80,54.30
52,27.80,54.30
53,27.80,54.30
54,27.80,54.20
55,27.80,54.30
56,27.80,54.40
57,27.80,54.40
58,27.80,54.40
59,27.80,54.30
60,27.80,54.30
61,27.80,54.30
62,27.80,54.40
63,27.80,54.40
64,27.80,54.40
65,27.80,54.30
66,27.80,54.30
67,27.80,54.40
68,27.80,54.50
69,27.80,54.60
70,27.80,54.50
71,27.80,54.50
72,27.80,54.40
73,27.80,54.40
74,27.80,54.50
75,27.80,54.60
76,27.90,54.50
77,27.90,54.40
78,27.90,54.40
79,27.90,54.40
80,27.90,54.40
81,27.90,54.50
82,27.90,54.50
83,27.90,54.40
84,27.90,54.40
85,27.90,54.30
86,27.90,54.30
87,27.90,54.10
88,27.90,54.10
89,27.90,54.10
90,28.00,54.00
91,27.90,53.90
92,27.90,53.90
93,28.00,53.90
94,27.90,54.10
95,27.90,54.10
96,28.00,54.10
97,27.90,54.00
98,27.90,54.00
99,27.90,54.00
100,27.90,53.90
101,27.90,53.90
102,28.00,53.90
103,27.90,53.90
104,27.90,53.90
105,27.90,53.90
106,27.90,53.90
107,27.90,53.90
108,27.90,53.90
109,27.90,53.90
110,27.90,54.00
111,27.90,53.90
112,27.90,53.90
113,27.90,53.90
114,27.80,54.00
115,27.80,54.00
116,27.90,54.00
117,27.80,54.00
118,27.80,54.10
119,27.80,54.20
120,27.80,54.20
121,27.90,54.30
122,27.90,54.30
123,27.80,54.30
124,27.80,54.30
125,27.80,54.20
126,27.90,54.10
127,27.90,54.10
128,27.90,54.00
129,27.90,54.10
130,27.90,54.20
131,27.90,54.20
132,27.90,54.20
133,27.90,54.10
134,27.90,54.00
135,27.90,54.20
136,27.80,54.20
137,27.90,54.30
138,27.90,54.20
139,27.90,54.20
140,27.90,54.20
141,27.90,54.20
142,27.90,54.20
143,27.90,54.10
144,27.90,54.00
145,27.90,54.10
146,27.90,54.20
147,27.90,54.10
148,27.90,54.00
149,27.90,54.00
150,27.90,53.80
151,27.90,54.10
152,27.90,54.00
153,27.90,53.90
154,27.90,53.90
155,27.90,54.00
156,27.90,54.00
157,27.90,54.10
158,28.00,54.10
159,27.90,54.00
160,27.90,53.90
161,27.90,53.90
162,27.90,54.10
163,27.90,54.10
164,27.90,54.10
165,28.00,54.00
166,28.00,53.90
167,28.00,53.90
168,28.00,53.90
169,28.00,53.90
170,27.90,53.90
171,28.00,53.90
172,28.00,53.90
173,28.00,54.00
174,28.00,54.00
175,28.00,54.00
176,28.00,54.10
177,28.00,54.00
178,28.10,54.00
179,28.00,54.00
180,28.00,54.00
181,28.10,53.90
182,28.10,53.90
183,28.10,53.90
184,28.10,53.80
185,28.10,53.80
186,28.00,53.70
187,28.10,53.80
188,28.10,53.80
189,28.10,53.80
190,28.10,53.70
191,28.10,53.80
192,28.10,53.80
193,28.10,53.90
194,28.10,53.90
195,28.10,53.90
196,28.00,54.00
197,28.10,54.00
198,28.10,54.00
199,28.10,54.00
200,28.10,54.00
201,28.00,54.10
202,28.10,54.10
203,28.10,54.10
204,28.10,54.20
205,28.10,54.20
206,28.10,54.20
207,28.10,54.10
208,28.10,54.10
209,28.10,54.10
210,28.10,54.10
211,28.10,54.10
212,28.10,54.20
213,28.20,54.20
214,28.20,54.20
215,28.20,54.30
216,28.20,54.30
217,28.20,54.30
218,28.20,54.30
219,28.20,54.30
220,28.20,54.30
221,28.20,54.40
222,28.20,54.40
223,28.20,54.30
224,28.30,54.30
225,28.20,54.30
226,28.20,54.30
227,28.30,54.30
228,28.20,54.30
229,28.20,54.30
230,28.30,54.30
231,28.30,54.40
232,28.30,54.40
233,28.30,54.30
234,28.30,54.40
235,28.30,54.40
236,28.30,54.40
237,28.30,54.40
238,28.30,54.40
239,28.30,54.50
240,28.30,54.50
241,28.30,54.40
242,28.30,54.40
243,28.30,54.40
244,28.30,54.30
245,28.30,54.30
246,28.30,54.20
247,28.30,54.20
248,28.30,54.20
249,28.40,54.10
250,28.30,54.10
251,28.30,54.20
252,28.30,54.20
253,28.30,54.10
254,28.30,54.10
255,28.40,54.20
256,28.40,54.20
257,28.30,54.30
258,28.40,54.30
259,28.30,54.40
260,28.40,54.40
261,28.40,54.50
262,28.40,54.50
263,28.30,54.60
264,28.40,54.60
265,28.40,54.60
266,28.40,54.70
267,28.30,54.70
268,28.30,54.70
269,28.40,54.70
270,28.30,54.70
271,28.30,54.70
272,28.30,54.80
273,28.30,54.80
274,28.30,54.70
275,28.30,54.80
276,28.30,54.80
277,28.30,54.80
278,28.30,54.80
279,28.30,54.80
280,28.30,54.80
281,28.30,54.70
282,28.30,54.70
283,28.40,54.70
284,28.40,54.70
285,28.30,54.60
286,28.40,54.60
287,28.30,54.60
288,28.40,54.60
289,28.40,54.60
290,28.40,54.60
291,28.40,54.60
292,28.40,54.50
293,28.40,54.50
294,28.40,54.50
295,28.40,54.50
296,28.40,54.50
297,28.40,54.50
298,28.40,54.50
299,28.40,54.50
300,28.40,54.50
301,28.40,54.40
302,28.40,54.50
303,28.40,54.50
304,28.40,54.40
305,28.40,54.40
306,28.40,54.40
307,28.40,54.40
308,28.40,54.40
309,28.40,54.40
310,28.50,54.40
311,28.40,54.40
312,28.40,54.40
313,28.50,54.30
314,28.40,54.20
315,28.40,54.10
316,28.40,54.10
317,28.40,54.10
318,28.40,54.10
319,28.40,54.10
320,28.40,54.00
321,28.40,54.00
322,28.40,54.10
323,28.40,54.20
324,28.40,54.20
325,28.40,54.20
326,28.40,54.10
327,28.40,54.10
328,28.30,54.00
329,28.40,54.00
330,28.40,53.90
331,28.30,53.90
332,28.30,53.90
333,28.30,53.90
334,28.30,54.10
335,28.30,54.20
336,28.30,54.20
337,28.30,54.30
338,28.30,54.30
339,28.30,54.30
340,28.30,54.40
341,28.30,54.30
342,28.30,54.30
343,28.30,54.30
344,28.30,54.30
345,28.30,54.30
346,28.30,54.30
347,28.30,54.40
348,28.30,54.30
349,28.30,54.20
350,28.30,54.10
351,28.30,54.00
352,28.30,54.00
353,28.30,54.10
354,28.30,54.00
355,28.30,54.10
356,28.30,54.00
357,28.30,54.10
358,28.30,54.20
359,28.30,54.00
360,28.30,54.00
361,28.30,53.90
362,28.40,53.80
363,28.30,53.80
364,28.30,53.70
365,28.30,53.80
366,28.30,53.80
367,28.30,53.90
368,28.30,53.90
369,28.30,54.00
370,28.30,54.00
371,28.20,54.00
372,28.30,54.10
373,28.20,54.20
374,28.30,54.40
375,28.20,54.50
376,28.30,54.40
377,28.20,54.40
378,28.20,54.40
379,28.30,54.40
380,28.20,54.20
381,28.20,54.20
382,28.30,54.10
383,28.20,53.90
384,28.30,53.90
385,28.20,54.00
386,28.30,54.00
387,28.30,54.10
388,28.20,53.90
389,28.20,54.10
390,28.20,54.30
391,28.20,54.40
392,28.20,54.50
393,28.20,54.60
394,28.20,54.60
395,28.20,54.70
396,28.20,54.60
397,28.20,54.60
398,28.20,54.60
399,28.20,54.50
400,28.20,54.50
401,28.20,54.70
402,28.20,54.60
403,28.20,54.70
404,28.20,54.70
405,28.20,54.70
406,28.20,54.70
407,28.20,54.80
408,28.20,54.70
409,28.20,54.70
410,28.20,54.70
411,28.20,54.70
412,28.20,54.80
413,28.20,54.80
414,28.20,54.80
415,28.20,54.80
416,28.20,54.80
417,28.20,54.70
418,28.30,54.60
419,28.20,54.40
420,28.20,54.40
421,28.20,54.30
422,28.20,54.30
423,28.20,54.40
424,28.20,54.40
425,28.20,54.50
426,28.20,54.50
427,28.20,54.50
428,28.20,54.50
429,28.20,54.50
430,28.20,54.50
431,28.20,54.40
432,28.20,54.40
433,28.20,54.30
434,28.30,54.40
435,28.20,54.30
436,28.20,54.30
437,28.20,54.30
438,28.20,54.30
439,28.20,54.30
440,28.20,54.40
441,28.20,54.30
442,28.20,54.40
443,28.20,54.30
444,28.20,54.30
445,28.20,54.20
446,28.20,54.20
447,28.20,54.30
448,28.20,54.20
449,28.20,54.20
450,28.20,54.20
451,28.20,54.20
452,28.20,54.20
453,28.20,54.10
454,28.20,54.20
455,28.10,54.20
456,28.10,54.10
457,28.10,53.90
458,28.10,53.80
459,28.10,53.80
460,28.10,53.80
461,28.10,53.90
462,28.10,53.90
463,28.10,53.90
464,28.10,54.00
465,28.10,54.00
466,28.10,54.10
467,28.10,54.00
468,28.10,54.00
469,28.10,54.00
470,28.10,54.10
471,28.00,54.10
472,28.00,54.20
473,28.00,54.20
474,28.00,54.20
475,28.00,54.20
476,28.00,54.30
477,28.00,54.10
478,28.00,53.90
479,28.00,54.00
480,28.00,54.00
481,28.00,54.00
482,28.00,53.90
483,28.00,54.00
484,28.00,53.90
485,28.00,53.90
486,28.00,53.80
487,28.00,53.80
488,28.10,53.80
489,28.10,54.00
490,28.10,54.00
491,28.10,54.00
492,28.10,54.00
493,28.10,54.00
494,28.10,54.10
495,28.10,54.10
496,28.10,54.00
497,28.10,54.00
498,28.10,54.00
499,28.10,53.90
500,28.10,53.80
501,28.10,53.80
502,28.10,53.70
503,28.10,53.80
504,28.10,53.80
505,28.10,53.90
506,28.20,53.90
507,28.10,53.90
508,28.10,54.00
509,28.10,54.00
510,28.10,54.00
511,28.10,54.10
512,28.10,54.10
513,28.10,54.10
514,28.10,54.10
515,28.10,54.10
516,28.10,54.10
517,28.10,54.00
518,28.10,54.00
519,28.10,54.00
520,28.20,53.90
521,28.20,54.00
522,28.20,53.90
523,28.20,53.80
524,28.20,53.90
525,28.20,53.90
526,28.20,53.80
527,28.20,53.80
528,28.20,53.60
529,28.20,53.70
530,28.20,53.70
531,28.20,53.70
532,28.20,53.70
533,28.20,53.70
534,28.20,53.70
535,28.20,53.70
536,28.20,53.70
537,28.20,53.70
538,28.20,53.70
539,28.20,53.70
540,28.20,53.70
541,28.20,53.70
542,28.20,53.80
543,28.20,53.70
544,28.20,53.60
545,28.20,53.60
546,28.20,53.60
547,28.20,53.70
548,28.20,53.70
549,28.20,53.70
550,28.20,53.70
551,28.20,53.60
552,28.20,53.70
553,28.20,53.70
554,28.20,53.70
555,28.20,53.70
556,28.20,53.70
557,28.20,53.70
558,28.20,53.60
559,28.20,53.70
560,28.30,53.60
561,28.30,53.60
562,28.30,53.60
563,28.30,53.50
564,28.30,53.60
565,28.30,53.50
566,28.30,53.50
567,28.30,53.50
568,28.30,53.60
569,28.20,53.50
570,28.30,53.60
571,28.30,53.50
572,28.30,53.60
573,28.30,53.60
574,28.30,53.60
575,28.30,53.60
576,28.30,53.40
577,28.30,53.40
578,28.30,53.30
579,28.30,53.30
580,28.30,53.30
581,28.30,53.30
582,28.20,53.30
583,28.20,53.30
584,28.20,53.40
585,28.20,53.40
586,28.20,53.60
587,28.20,53.50
588,28.20,53.60
589,28.20,53.60
590,28.10,53.60
591,28.20,53.60
592,28.10,53.50
593,28.10,53.50
594,28.10,53.50
595,28.10,53.50
596,28.10,53.60
597,28.10,53.60
598,28.10,53.50
599,28.10,53.60
600,28.10,53.50
601,28.00,53.50
602,28.00,53.60
603,28.10,53.60
604,28.00,53.50
605,28.00,53.50
606,28.00,53.40
607,28.00,53.40
608,28.00,53.40
609,28.00,53.40
610,28.00,53.50
611,28.00,53.60
612,28.00,53.70
613,28.00,53.70
614,27.90,53.60
615,27.90,53.70
616,27.90,53.80
617,27.90,53.90
618,27.90,54.00
619,27.90,53.90
620,27.90,54.00
621,27.90,54.00
622,27.90,54.00
623,27.80,54.10
624,27.90,54.10
625,27.90,54.10
626,27.80,54.10
627,27.80,54.10
628,27.80,54.10
629,27.80,54.20
630,27.80,54.20
631,27.80,54.20
632,27.80,54.10
633,27.80,54.20
634,27.80,54.20
635,27.80,54.20
636,27.70,54.30
637,27.70,54.20
638,27.80,54.30
639,27.70,54.30
640,27.70,54.30
641,27.70,54.40
642,27.80,54.30
643,27.70,54.30
644,27.70,54.40
645,27.70,54.40
646,27.70,54.50
647,27.70,54.60
648,27.70,54.50
649,27.70,54.50
650,27.70,54.60
651,27.70,54.60
652,27.70,54.60
653,27.70,54.70
654,27.60,54.60
655,27.60,54.70
656,27.70,54.60
657,27.60,54.60
658,27.60,54.60
659,27.60,54.70
660,27.60,54.60
661,27.60,54.60
662,27.60,54.60
663,27.60,54.60
664,27.60,54.60
665,27.60,54.60
666,27.60,54.60
667,27.60,54.60
668,27.60,54.60
669,27.60,54.70
670,27.60,54.70
671,27.60,54.70
672,27.60,54.80
673,27.60,54.80
674,27.50,54.70
675,27.50,54.80
676,27.60,54.80
677,27.50,54.80
678,27.60,54.80
679,27.50,54.80
680,27.50,54.80
681,27.50,54.80
682,27.50,54.80
683,27.50,54.90
684,27.50,54.80
685,27.50,54.90
686,27.50,54.80
687,27.50,54.90
688,27.50,54.80
689,27.50,54.90
690,27.50,54.90
691,27.50,54.90
692,27.50,55.00
693,27.50,55.10
694,27.50,55.10
695,27.50,55.10
696,27.50,55.20
697,27.50,55.20
698,27.50,55.20
699,27.50,55.20
700,27.50,55.20
701,27.50,55.20
702,27.50,55.20
703,27.50,55.20
704,27.50,55.20
705,27.50,55.30
706,27.50,55.30
707,27.50,55.30
708,27.50,55.20
709,27.50,55.10
710,27.50,55.10
711,27.50,55.00
712,27.50,55.00
713,27.50,55.00
714,27.50,55.00
715,27.50,55.10
716,27.50,55.10
717,27.50,55.20
718,27.50,55.20
719,27.50,55.10
720,27.50,55.10
721,27.50,55.10
722,27.50,55.10
723,27.50,55.10
724,27.50,55.20
725,27.50,55.20
726,27.50,55.20
727,27.50,55.10
728,27.50,55.10
729,27.50,55.10
730,27.50,55.10
731,27.50,55.10
732,27.50,55.10
733,27.50,55.10
734,27.50,55.20
735,27.40,55.20
736,27.40,55.20
737,27.40,55.30
738,27.50,55.20
739,27.50,55.20
740,27.40,55.20
741,27.40,55.20
742,27.40,55.30
743,27.50,55.20
744,27.50,55.30
745,27.40,55.30
746,27.50,55.30
747,27.40,55.30
748,27.40,55.30
749,27.50,55.30
750,27.40,55.40
751,27.40,55.30
752,27.40,55.30
753,27.40,55.30
754,27.40,55.10
755,27.40,55.10
756,27.40,55.10
757,27.40,55.10
758,27.50,55.10
759,27.40,55.10
760,27.40,55.10
761,27.40,55.10
762,27.50,55.10
763,27.40,55.10
764,27.50,55.10
765,27.40,54.90
766,27.40,54.90
767,27.40,54.80
768,27.40,54.80
769,27.50,54.70
770,27.40,54.70
771,27.40,54.70
772,27.50,54.80
773,27.40,55.00
774,27.40,55.00
775,27.50,55.20
776,27.40,55.10
777,27.40,55.10
778,27.40,55.10
779,27.40,55.10
780,27.40,55.10
781,27.40,55.10
782,27.40,55.10
783,27.40,55.10
784,27.40,55.20
785,27.40,55.30
786,27.50,55.30
787,27.40,55.30
788,27.40,55.30
789,27.40,55.30
790,27.40,55.30
791,27.40,55.40
792,27.40,55.40
793,27.50,55.40
794,27.40,55.40
795,27.50,55.40
796,27.40,55.40
797,27.40,55.50
798,27.40,55.70
799,27.40,55.70
800,27.50,55.70
801,27.40,55.70
802,27.50,55.70
803,27.40,55.60
804,27.50,55.70
805,27.40,55.70
806,27.40,55.80
807,27.50,55.90
808,27.50,55.90
809,27.40,56.00
810,27.50,56.00
811,27.50,56.10
812,27.50,56.10
813,27.40,56.10
814,27.50,56.00
815,27.50,56.10
816,27.50,56.10
817,27.40,56.20
818,27.40,56.20
819,27.50,56.20
820,27.40,56.20
821,27.50,56.20
822,27.50,56.20
823,27.50,56.20
824,27.40,56.20
825,27.40,56.20
826,27.50,56.40
827,27.50,56.50
828,27.50,56.50
829,27.40,56.50
830,27.40,56.50
831,27.40,56.40
832,27.50,56.40
833,27.50,56.40
834,27.50,56.50
835,27.40,56.40
836,27.40,56.40
837,27.40,56.40
838,27.40,56.40
839,27.50,56.40
840,27.40,56.50
841,27.40,56.40
842,27.50,56.50
843,27.40,56.50
844,27.40,56.50
845,27.40,56.50
846,27.40,56.60
847,27.40,56.50
848,27.40,56.50
849,27.50,56.50
850,27.50,56.50
851,27.40,56.60
852,27.50,56.60
853,27.50,56.70
854,27.40,56.70
855,27.40,56.70
856,27.50,56.70
857,27.50,56.60
858,27.50,56.70
859,27.50,56.70
860,27.50,56.80
861,27.50,56.80
862,27.50,56.70
863,27.50,56.80
864,27.50,56.70
865,27.40,56.80
866,27.50,56.70
867,27.50,56.80
868,27.50,56.90
869,27.50,56.90
870,27.50,56.80
871,27.50,56.80
872,27.50,56.80
873,27.50,56.80
874,27.50,56.90
875,27.40,56.90
876,27.50,56.90
877,27.40,56.90
878,27.50,57.00
879,27.50,56.90
880,27.50,56.90
881,27.50,56.90
882,27.50,57.00
883,27.50,57.10
884,27.50,57.10
885,27.40,57.10
886,27.50,57.10
887,27.50,57.10
888,27.50,57.20
889,27.50,57.20
890,27.50,57.20
891,27.50,57.20
892,27.50,57.20
893,27.40,57.20
894,27.50,57.20
895,27.50,57.10
896,27.50,57.10
897,27.50,57.10
898,27.50,57.10
899,27.50,57.10
900,27.50,57.00
901,27.50,57.00
902,27.50,57.00
903,27.50,57.00
904,27.50,57.00
905,27.50,57.00
906,27.50,57.00
907,27.50,57.10
908,27.50,57.00
909,27.50,57.00
910,27.50,57.00
911,27.50,57.00
912,27.50,56.90
913,27.40,57.00
914,27.50,56.90
915,27.50,57.00
916,27.50,57.00
917,27.50,57.10
918,27.50,57.00
919,27.50,57.00
920,27.50,57.00
921,27.50,57.00
922,27.50,57.10
923,27.50,57.00
924,27.50,57.00
925,27.50,57.00
926,27.40,57.00
927,27.50,57.00
928,27.40,57.00
929,27.50,57.00
930,27.50,57.10
931,27.50,57.00
932,27.40,57.00
933,27.50,57.00
934,27.50,57.10
935,27.50,57.00
936,27.50,57.10
937,27.40,57.10
938,27.50,57.10
939,27.50,57.10
940,27.50,57.10
941,27.50,57.10
942,27.40,57.00
943,27.50,57.00
944,27.50,57.10
945,27.50,57.10
946,27.50,57.00
947,27.50,57.00
948,27.40,57.00
949,27.40,57.00
950,27.40,57.00
951,27.50,57.00
952,27.40,57.00
953,27.40,56.90
954,27.40,56.80
955,27.40,56.80
956,27.50,56.90
957,27.40,56.80
958,27.40,56.90
959,27.50,56.90
960,27.50,56.90
961,27.40,56.90
962,27.50,56.80
963,27.40,56.90
964,27.40,56.80
965,27.40,56.80
966,27.40,56.70
967,27.40,56.70
968,27.40,56.70
969,27.40,56.70
970,27.40,56.90
971,27.40,56.80
972,27.40,56.90
973,27.40,56.90
974,27.40,56.80
975,27.50,56.80
976,27.40,56.70
977,27.40,56.80
978,27.40,56.80
979,27.40,56.90
980,27.50,57.00
981,27.50,56.90
982,27.50,57.00
983,27.40,57.10
984,27.50,57.00
985,27.40,57.00
986,27.40,57.00
987,27.50,57.00
988,27.50,57.00
989,27.50,57.10
990,27.40,57.00
991,27.40,57.00
992,27.40,56.90
993,27.50,57.00
994,27.50,57.00
995,27.50,57.00
996,27.50,56.90
997,27.50,56.90
998,27.50,57.00
999,27.50,56.90
1000,27.40,56.90
1001,27.50,56.90
1002,27.50,56.80
1003,27.50,56.70
1004,27.50,56.70
1005,27.50,56.50
1006,27.50,56.60
1007,27.50,56.60
1008,27.40,56.60
1009,27.40,56.60
1010,27.50,56.60
1011,27.50,56.60
1012,27.50,56.60
1013,27.50,56.50
1014,27.50,56.50
1015,27.50,56.50
1016,27.50,56.60
1017,27.50,56.60
1018,27.50,56.70
1019,27.50,56.70
1020,27.50,56.70
1021,27.50,56.70
1022,27.50,56.70
1023,27.50,56.80
1024,27.50,56.80
1025,27.50,56.70
1026,27.50,56.80
1027,27.50,56.80
1028,27.50,56.90
1029,27.50,56.90
1030,27.50,56.80
1031,27.50,56.80
1032,27.50,57.00
1033,27.50,57.00
1034,27.50,56.90
1035,27.50,56.90
1036,27.50,56.90
1037,27.50,57.00
1038,27.50,56.90
1039,27.50,56.90
1040,27.50,56.90
1041,27.50,56.90
1042,27.50,56.70
1043,27.50,56.80
1044,27.50,56.80
1045,27.50,56.70
1046,27.50,56.80
1047,27.50,56.70
1048,27.50,56.80
1049,27.50,56.70
1050,27.50,56.80
1051,27.50,56.70
1052,27.50,56.80
1053,27.50,56.70
1054,27.50,56.70
1055,27.50,56.70
1056,27.50,56.70
1057,27.50,56.70
1058,27.50,56.70
1059,27.50,56.70
1060,27.50,56.70
1061,27.50,56.70
1062,27.50,56.70
1063,27.50,56.70
1064,27.50,56.70
1065,27.50,56.80
1066,27.50,56.70
1067,27.50,56.70
1068,27.50,56.70
1069,27.50,56.80
1070,27.50,56.80
1071,27.50,56.80
1072,27.50,56.70
1073,27.50,56.70
1074,27.50,56.60
1075,27.50,56.70
1076,27.50,56.60
1077,27.50,56.70
1078,27.50,56.70
1079,27.50,56.70
1080,27.50,56.60
1081,27.40,56.60
1082,27.50,56.60
1083,27.50,56.60
1084,27.50,56.50
1085,27.50,56.60
1086,27.50,56.60
1087,27.50,56.60
1088,27.50,56.50
1089,27.50,56.60
1090,27.50,56.60
1091,27.50,56.50
1092,27.50,56.50
1093,27.50,56.30
1094,27.50,56.30
1095,27.50,56.10
1096,27.50,56.20
1097,27.50,56.20
1098,27.50,56.30
1099,27.50,56.30
1100,27.50,56.30
1101,27.50,56.30
1102,27.50,56.20
1103,27.50,56.10
1104,27.50,56.00
1105,27.50,56.00
1106,27.50,56.00
1107,27.50,55.90
1108,27.50,55.90
1109,27.50,55.90
1110,27.50,56.00
1111,27.50,56.00
1112,27.50,56.00
1113,27.50,56.00
1114,27.50,55.90
1115,27.50,56.10
1116,27.50,56.00
1117,27.50,56.00
1118,27.50,56.10
1119,27.50,56.10
1120,27.40,56.10
1121,27.50,56.20
1122,27.50,56.30
1123,27.50,56.20
1124,27.50,56.30
1125,27.50,56.20
1126,27.50,56.30
1127,27.50,56.20
1128,27.50,56.20
1129,27.50,56.20
1130,27.50,56.20
1131,27.50,56.20
1132,27.50,56.20
1133,27.50,56.20
1134,27.50,56.20
1135,27.50,56.10
1136,27.50,56.20
1137,27.50,56.20
1138,27.50,56.20
1139,27.50,56.20
1140,27.50,56.20
1141,27.50,56.10
1142,27.40,56.20
1143,27.50,56.20
1144,27.50,56.10
1145,27.50,56.10
1146,27.50,56.00
1147,27.50,55.90
1148,27.50,55.90
1149,27.50,56.00
1150,27.50,55.90
1151,27.50,56.00
1152,27.50,56.00
1153,27.50,56.10
1154,27.50,56.10
1155,27.50,56.10
1156,27.50,56.10
1157,27.50,56.10
1158,27.50,56.10
1159,27.50,56.10
1160,27.50,56.10
1161,27.50,56.00
1162,27.50,56.10
1163,27.50,56.10
1164,27.50,56.10
1165,27.50,56.00
1166,27.40,56.00
1167,27.50,56.00
1168,27.50,56.00
1169,27.50,56.00
1170,27.50,56.00
1171,27.50,56.00
1172,27.50,56.00
1173,27.50,55.90
1174,27.50,55.90
1175,27.50,56.00
1176,27.50,56.00
1177,27.50,55.90
1178,27.50,55.90
1179,27.50,55.90
1180,27.50,56.00
1181,27.50,56.00
1182,27.50,55.90
1183,27.50,55.90
1184,27.50,55.80
1185,27.50,55.70
1186,27.50,55.80
1187,27.50,55.90
1188,27.50,55.90
1189,27.50,55.90
1190,27.50,55.90
1191,27.50,55.90
1192,27.50,55.90
1193,27.50,55.90
1194,27.50,56.10
1195,27.50,55.90
1196,27.40,55.90
1197,27.50,55.90
1198,27.50,55.70
1199,27.50,55.50
1200,27.60,64.90
1201,27.60,75.50
1202,27.70,80.60
1203,27.80,79.50
1204,27.80,72.10
1205,27.80,69.90
1206,27.90,69.10
1207,27.90,65.60
1208,28.00,63.00
1209,28.00,61.20
1210,28.10,59.60
1211,28.10,58.20
1212,28.10,57.10
1213,28.20,56.20
1214,28.20,55.80
1215,28.30,55.50
1216,28.30,55.10
1217,28.30,54.80
1218,28.40,54.60
1219,28.40,54.30
1220,28.50,54.10
1221,28.70,53.50
1222,29.30,51.50
1223,29.30,51.50
1224,29.30,51.60
1225,29.30,52.50
1226,29.30,53.40
1227,29.30,52.50
1228,29.30,51.90
1229,29.30,51.50
1230,29.40,51.20
1231,29.30,51.10
1232,29.30,51.10
1233,29.30,51.30
1234,29.40,51.30
1235,29.30,51.00
1236,29.30,50.90
1237,29.30,50.80
1238,29.30,50.70
1239,29.30,50.70
1240,29.30,50.60
1241,29.30,50.60
1242,29.30,50.60
1243,29.30,50.70
1244,29.30,50.60
1245,29.30,50.60
1246,29.30,51.10
1247,29.30,51.70
1248,29.30,51.80
1249,29.30,51.40
1250,29.30,51.20
1251,29.30,51.00
1252,29.30,51.00
1253,29.30,51.00
1254,29.30,51.00
1255,29.30,50.80
1256,29.30,50.80
1257,29.30,50.70
1258,29.30,50.60
1259,29.30,50.60
1260,29.30,50.60
1261,29.30,50.60
1262,29.30,50.60
1263,29.40,50.60
1264,29.30,50.50
1265,29.30,50.40
1266,29.40,50.50
1267,29.40,50.30
1268,29.40,50.40
1269,29.40,50.50
1270,29.40,50.60
1271,29.40,50.60
1272,29.40,50.60
1273,29.40,50.50
1274,29.50,50.30
1275,29.40,50.30
1276,29.50,50.20
1277,29.50,50.10
1278,29.40,50.20
1279,29.50,51.30
1280,29.50,59.50
1281,29.50,64.70
1282,29.50,67.50
1283,29.60,69.20
1284,29.60,70.50
1285,29.60,71.30
1286,29.60,71.80
1287,29.70,72.10
1288,29.70,72.20
1289,29.80,72.40
1290,29.80,72.50
1291,29.80,72.80
1292,29.90,73.30
1293,29.90,73.60
1294,29.90,73.80
1295,29.90,73.90
1296,30.00,73.90
1297,30.00,73.90
1298,30.00,73.60
1299,30.00,73.90
1300,30.10,74.00
1301,30.10,73.80
1302,30.10,73.70
1303,30.10,73.60
1304,30.10,73.30
1305,30.20,73.10
1306,30.20,67.90
1307,30.20,63.30
1308,30.20,60.80
1309,30.10,58.80
1310,30.10,57.70
1311,30.20,57.10
1312,30.10,56.50
1313,30.10,56.10
1314,30.10,55.60
1315,30.10,55.70
1316,30.10,55.60
1317,30.00,55.30
1318,30.00,55.40
1319,30.00,55.40
1320,29.90,55.50
1321,29.90,55.70
1322,29.90,55.60
1323,29.80,55.60
1324,29.80,55.50
1325,29.80,55.70
1326,29.80,55.80
1327,29.80,56.00
1328,29.80,56.00
1329,29.70,56.20
1330,29.70,59.50
1331,29.80,65.70
1332,29.80,68.50
1333,29.80,70.20
1334,29.80,71.10
1335,29.80,71.40
1336,29.90,71.80
1337,29.90,71.90
1338,29.90,72.20
1339,29.90,72.50
1340,29.90,72.60
1341,30.00,72.60
1342,30.00,72.60
1343,30.00,72.60
1344,30.00,72.90
1345,30.00,72.80
1346,30.10,73.10
1347,30.10,73.00
1348,30.10,72.70
1349,30.20,72.60
1350,30.20,72.50
1351,30.20,72.50
1352,30.20,72.30
1353,30.30,72.40
1354,30.30,72.50
1355,30.30,72.40
1356,30.30,72.50
1357,30.30,72.30
1358,30.40,72.10
1359,30.40,71.90
1360,30.40,71.70
1361,30.40,71.70
1362,30.50,71.50
1363,30.50,71.40
1364,30.50,71.40
1365,30.50,71.40
1366,30.50,70.90
1367,30.60,70.50
1368,30.60,70.70
1369,30.60,70.90
1370,30.60,70.90
1371,30.70,70.90
1372,30.70,71.00
1373,30.70,70.90
1374,30.70,70.90
1375,30.70,70.80
1376,30.70,70.60
1377,30.70,70.50
1378,30.80,70.40
1379,30.80,70.30
1380,30.80,70.30
1381,30.80,70.30
1382,30.80,70.20
1383,30.80,70.10
1384,30.80,70.10
1385,30.90,70.10
1386,30.90,69.80
1387,30.90,69.60
1388,30.90,69.40
1389,30.90,69.30
1390,30.90,69.40
1391,30.90,69.50
1392,31.00,69.50
1393,31.00,69.40
1394,31.00,69.30
1395,31.00,69.20
1396,31.00,69.10
1397,31.00,69.10
1398,31.00,69.20
1399,31.00,69.50
1400,31.10,69.70
1401,31.10,69.70
1402,31.10,69.60
1403,31.10,69.40
1404,31.10,69.30
1405,31.10,69.40
1406,31.20,69.60
1407,31.20,69.30
1408,31.20,69.20
1409,31.20,69.00
1410,31.30,68.80
1411,31.30,68.80
1412,31.30,68.80
1413,31.30,68.90
1414,31.30,68.80
1415,31.40,68.70
1416,31.40,68.60
1417,31.40,68.50
1418,31.40,68.40
1419,31.40,68.30
1420,31.40,68.40
1421,31.50,68.40
1422,31.50,68.30
1423,31.50,68.40
1424,31.50,68.40
1425,31.50,68.40
1426,31.60,68.40
1427,31.60,68.30
1428,31.60,68.40
1429,31.60,68.30
1430,31.60,68.20
1431,31.70,68.20
1432,31.70,68.10
1433,31.70,68.10
1434,31.70,68.20
1435,31.70,68.10
1436,31.70,68.10
1437,31.80,68.00
1438,31.80,67.80
1439,31.80,67.70
1440,31.90,67.60
1441,31.80,67.40
1442,31.90,67.30
1443,31.90,67.20
1444,32.00,67.20
1445,32.10,66.90
1446,32.20,66.70
1447,32.30,66.50
1448,32.30,66.30
1449,32.40,66.10
1450,32.50,65.90
1451,32.60,65.70
1452,32.60,65.50
1453,32.70,65.50
1454,32.80,65.30
1455,32.80,65.70
1456,32.90,65.60
1457,33.00,65.30
1458,33.00,65.00
1459,33.00,64.80
1460,33.10,64.70
1461,33.20,64.60
1462,33.20,64.30
1463,33.20,64.10
1464,33.20,64.10
1465,33.20,64.00
1466,33.30,64.10
1467,33.30,64.30
1468,33.30,64.30
1469,33.40,64.10
1470,33.40,64.00
1471,33.50,63.90
1472,33.70,63.80
1473,33.70,63.60
1474,33.90,63.60
1475,34.00,63.10
1476,34.10,62.80
1477,34.20,62.70
1478,34.30,62.70
1479,34.50,62.50
1480,34.60,62.30
1481,34.80,61.90
1482,34.90,61.90
1483,35.00,61.50
1484,35.20,61.10
1485,35.30,60.90
1486,35.50,60.60
1487,35.50,60.40
1488,35.60,60.40
1489,35.60,60.00
1490,35.70,59.90
1491,35.80,60.00
1492,35.90,59.80
1493,36.00,59.70
1494,36.00,59.30
1495,36.10,59.10
1496,36.10,58.50
1497,36.20,58.30
1498,36.30,57.90
1499,36.40,57.70
1500,36.50,57.60
1501,36.50,56.90
1502,36.50,56.40
1503,36.60,55.90
1504,36.50,55.90
1505,36.50,56.10
1506,36.50,56.20
1507,36.60,56.60
1508,36.60,56.60
1509,36.50,56.90
1510,36.50,57.40
1511,36.50,57.60
1512,36.50,57.70
1513,36.50,57.80
1514,36.60,57.80
1515,36.50,57.80
1516,36.60,58.20
1517,36.80,58.00
1518,36.90,57.70
1519,36.90,57.50
1520,36.90,57.40
1521,37.00,57.00
1522,37.10,57.00
1523,37.00,56.70
1524,36.90,56.50
1525,37.00,56.30
1526,37.00,56.30
1527,36.70,56.40
1528,36.60,56.80
1529,36.60,56.80
1530,36.50,56.40
1531,36.40,56.30
1532,36.20,56.60
1533,36.10,56.70
1534,36.00,57.10
1535,35.80,57.50
1536,35.70,57.50
1537,35.60,57.70
1538,35.50,57.80
1539,35.40,57.60
1540,35.20,57.90
1541,35.20,58.10
1542,35.20,58.20
1543,35.10,58.30
1544,35.20,58.30
1545,35.10,58.30
1546,35.00,58.60
1547,35.00,58.60
1548,35.00,58.90
1549,34.90,59.10
1550,34.90,59.30
1551,34.80,59.60
1552,34.70,59.90
1553,34.70,60.30
1554,34.60,60.50
1555,34.60,60.80
1556,34.50,61.10
1557,34.50,61.10
1558,34.40,61.30
1559,34.30,61.20
1560,34.30,61.30
1561,34.20,61.40
1562,34.20,61.50
1563,34.10,61.60
1564,34.10,61.90
1565,34.10,61.90
1566,34.10,62.00
1567,34.00,62.10
1568,34.00,62.30
1569,34.00,62.40
1570,33.90,62.50
1571,33.90,62.70
1572,33.90,63.10
1573,33.90,63.20
1574,33.80,63.30
1575,33.80,63.40
1576,33.80,63.50
1577,33.70,63.50
1578,33.70,63.50
1579,33.70,63.60
1580,33.70,63.70
1581,33.60,63.90
1582,33.60,63.90
1583,33.60,64.00
1584,33.50,64.10
1585,33.50,64.10
1586,33.50,64.20
1587,33.40,64.40
1588,33.40,64.00
1589,33.40,64.20
1590,33.30,64.40
1591,33.30,64.50
1592,33.30,64.70
1593,33.30,64.80
1594,33.30,65.00
1595,33.20,65.10
1596,33.20,65.20
1597,33.20,65.30
1598,33.20,65.10
1599,33.10,64.60
1600,33.10,63.80
1601,33.00,63.40
1602,33.00,62.80
1603,33.00,62.20
1604,32.80,53.80
1605,32.70,49.30
1606,32.60,47.50
1607,32.50,46.50
1608,32.40,46.00
1609,32.20,45.90
1610,31.80,46.10
1611,31.40,46.40
1612,31.30,47.00
1613,31.20,47.10
1614,31.10,47.60
1615,31.00,48.00
1616,30.90,47.90
1617,30.80,48.00
1618,30.70,48.00
1619,30.60,48.40
1620,30.50,48.50
1621,30.50,48.60
1622,30.40,49.00
1623,30.30,48.60
1624,30.20,48.40
1625,30.10,48.50
1626,30.10,48.80
1627,30.00,48.40
1628,29.90,48.50
1629,29.80,48.60
1630,29.80,48.90
1631,29.70,49.00
1632,29.70,49.30
1633,29.60,49.50
1634,29.60,49.60
1635,29.60,49.60
1636,29.50,50.30
1637,29.50,50.40
1638,29.50,50.50
1639,29.40,50.70
1640,29.40,50.70
1641,29.40,50.60
1642,29.50,50.50
1643,29.40,50.50
1644,29.40,50.30
1645,29.50,50.20
1646,29.40,50.00
1647,29.40,49.90
1648,29.40,49.80
1649,29.40,49.70
1650,29.40,49.50
1651,29.40,49.50
1652,29.40,49.70
1653,29.40,49.70
1654,29.40,49.80
1655,29.40,49.90
1656,29.40,49.90
1657,29.40,50.10
1658,29.50,50.20
1659,29.40,50.10
1660,29.40,50.00
1661,29.40,49.90
1662,29.40,49.90
1663,29.40,50.20
1664,29.40,50.70
1665,29.50,51.20
1666,29.40,51.60
1667,29.50,51.50
1668,29.50,51.20
1669,29.40,50.80
1670,29.40,50.80
1671,29.50,50.50
1672,29.50,50.10
1673,29.50,50.10
1674,29.50,50.00
1675,29.50,49.90
1676,29.50,50.00
1677,29.50,50.20
1678,29.50,50.20
1679,29.50,50.20
1680,29.50,50.10
1681,29.50,50.00
1682,29.50,50.10
1683,29.50,50.20
1684,29.50,50.20
1685,29.50,50.10
1686,29.50,50.00
1687,29.50,50.10
1688,29.50,50.30
1689,29.50,50.20
1690,29.50,50.30
1691,29.50,50.50
1692,29.50,50.60
1693,29.60,50.30
1694,29.60,50.20
1695,29.60,50.10
1696,29.60,50.00
1697,29.50,49.90
1698,29.60,49.80
1699,29.50,49.80
1700,29.60,49.80
1701,29.60,49.70
1702,29.60,49.70
1703,29.60,49.70
1704,29.60,49.70
1705,29.60,49.60
1706,29.60,49.60
1707,29.60,49.70
1708,29.60,49.70
1709,29.60,49.80
1710,29.60,49.80
1711,29.60,49.70
1712,29.70,49.70
1713,29.60,49.70
1714,29.70,49.70
1715,29.70,49.70
1716,29.70,49.60
1717,29.70,49.50
1718,29.70,49.40
1719,29.70,49.30
1720,29.70,49.20
1721,29.70,49.20
1722,29.70,49.20
1723,29.70,49.20
1724,29.70,49.20
1725,29.70,49.20
1726,29.70,49.20
1727,29.70,49.20
1728,29.70,49.30
1729,29.70,49.40
1730,29.70,49.40
1731,29.70,49.60
1732,29.70,49.60
1733,29.70,49.60
1734,29.70,49.70
1735,29.70,49.90
1736,29.70,49.80
1737,29.70,50.00
1738,29.80,49.90
1739,29.70,49.60
1740,29.70,49.30
1741,29.80,49.10
1742,29.80,49.10
1743,29.80,49.10
1744,29.80,49.10
1745,29.80,49.10
1746,29.80,49.30
1747,29.80,49.30
1748,29.80,49.30
1749,29.80,49.30
1750,29.80,49.30
1751,29.80,49.30
1752,29.80,49.30
1753,29.80,49.20
1754,29.80,49.20
1755,29.80,49.00
1756,29.90,49.00
1757,29.90,49.00
1758,29.80,49.10
1759,29.80,49.10
1760,29.90,49.20
1761,29.80,49.20
1762,29.80,49.10
1763,29.80,49.10
1764,29.80,49.20
1765,29.90,49.10
1766,29.80,49.20
1767,29.80,49.10
1768,29.90,49.10
1769,29.90,49.10
1770,29.90,49.00
1771,29.90,49.00
1772,29.90,48.90
1773,29.90,48.90
1774,29.90,48.90
1775,29.90,48.90
1776,29.90,48.90
1777,29.90,49.00
1778,29.90,48.90
1779,29.90,48.80
1780,30.00,48.70
1781,29.90,48.80
1782,29.90,48.80
1783,29.90,48.80
1784,29.90,48.80
1785,30.00,48.80
1786,29.90,48.70
1787,30.00,48.70
1788,30.00,48.70
1789,29.90,48.80
1790,29.90,48.80
1791,29.90,48.70
1792,29.90,48.60
1793,30.00,48.60
1794,30.00,48.50
1795,29.90,48.50
1796,29.90,48.50
1797,30.00,48.50
1798,30.00,48.40
1799,30.00,48.40
1800,30.00,48.30
1801,30.00,48.20
1802,30.00,48.20
1803,30.00,48.30
1804,30.00,48.40
1805,30.00,48.40
1806,30.00,48.40
1807,30.00,48.50
1808,30.00,48.50
1809,30.00,48.60
1810,30.00,48.60
1811,30.00,48.50
1812,30.00,48.60
1813,30.00,48.50
1814,30.00,48.30
1815,30.00,48.30
1816,30.00,48.50
1817,30.10,48.50
1818,30.10,48.40
1819,30.00,48.40
1820,30.10,48.40
1821,30.10,48.50
1822,30.10,48.40
1823,30.10,48.50
1824,30.10,48.40
1825,30.10,48.40
1826,30.10,48.40
1827,30.10,49.80
1828,30.10,49.30
1829,30.00,49.30
1830,30.00,49.10
1831,30.00,49.10
1832,29.90,49.20
1833,29.90,49.30
1834,29.90,49.40
1835,29.90,49.60
1836,29.80,49.80
1837,29.80,50.00
1838,29.80,50.50
1839,29.80,51.00
1840,29.80,51.40
1841,29.80,51.80
1842,29.80,52.10
1843,29.80,52.30
1844,29.90,52.50
1845,29.90,52.70
1846,30.00,52.80
1847,30.00,52.80
1848,30.10,53.10
1849,30.10,53.20
1850,30.20,53.10
1851,30.20,52.90
1852,30.30,52.80
1853,30.40,52.60
1854,30.40,52.30
1855,30.50,52.30
1856,30.60,52.30
1857,30.70,51.90
1858,30.80,51.70
1859,30.90,51.40
1860,30.90,51.30
1861,31.10,51.00
1862,31.10,50.70
1863,31.30,50.30
1864,31.40,50.00
1865,31.50,49.60
1866,31.70,49.30
1867,31.80,48.90
1868,32.00,48.60
1869,32.10,48.30
1870,32.90,47.00
1871,33.10,46.70
1872,33.30,46.50
1873,33.50,46.20
1874,33.70,46.00
1875,33.80,45.50
1876,33.80,45.50
1877,33.90,45.00
1878,34.10,44.80
1879,34.20,44.30
1880,34.30,44.00
1881,34.40,44.00
1882,34.50,44.30
1883,34.60,44.70
1884,34.60,44.80
1885,34.70,44.60
1886,34.70,44.20
1887,34.70,43.90
1888,34.70,43.60
1889,34.80,43.20
1890,34.80,43.20
1891,34.80,43.00
1892,34.80,42.90
1893,34.80,42.90
1894,34.80,42.70
1895,34.80,42.70
1896,34.80,42.70
1897,34.80,42.70
1898,34.80,42.60
1899,34.80,42.70
1900,34.70,42.70
1901,34.70,42.60
1902,34.70,42.60
1903,34.70,42.70
1904,34.60,42.70
1905,34.60,42.70
1906,34.60,42.70
1907,34.60,42.70
1908,34.50,42.70
1909,34.50,42.70
1910,34.50,42.70
1911,34.50,42.70
1912,34.40,42.70
1913,34.40,42.80
1914,34.40,42.80
1915,34.40,42.80
1916,34.30,42.70
1917,34.30,42.90
1918,34.30,42.80
1919,34.20,42.90
1920,34.20,42.90
1921,34.10,43.00
1922,34.10,42.90
1923,34.10,43.00
1924,34.00,43.00
1925,34.00,43.10
1926,33.90,43.10
1927,33.90,43.10
1928,33.90,43.30
1929,33.90,43.40
1930,33.80,43.80
1931,33.80,45.80
1932,33.70,46.20
1933,nan,nan
1934,33.70,58.50
1935,33.60,54.00
1936,33.60,49.70
1937,33.50,47.30
1938,33.50,45.50
1939,33.40,44.40
1940,33.40,43.90
1941,33.30,43.60
1942,33.20,43.40
1943,33.10,43.30
1944,33.00,43.60
1945,32.90,43.60
1946,32.90,43.70
1947,32.80,43.80
1948,32.70,43.50
1949,32.60,43.70
1950,32.60,43.80
1951,32.50,43.90
1952,32.40,44.00
1953,32.30,44.20
1954,32.30,44.40
1955,32.20,44.50
1956,32.10,44.60
1957,32.10,44.60
1958,32.00,44.80
1959,31.90,44.80
1960,31.80,45.00
1961,31.80,45.10
1962,31.70,45.40
1963,31.70,45.40
1964,31.60,45.50
1965,31.50,45.60
1966,31.50,45.70
1967,31.40,45.80
1968,31.30,46.00
1969,31.30,46.10
1970,31.20,46.20
1971,31.10,46.20
1972,31.10,46.40
1973,31.00,46.40
1974,30.90,46.50
1975,30.90,46.60
1976,30.90,46.60
1977,30.80,46.80
1978,30.80,47.00
1979,30.70,47.20
1980,30.70,47.40
1981,30.70,47.50
1982,30.60,47.40
1983,30.60,47.50
1984,30.60,47.70
1985,30.50,47.80
1986,30.50,47.90
1987,30.50,47.90
1988,30.50,47.90
1989,30.50,48.00
1990,30.40,48.00
1991,30.40,48.30
1992,30.30,48.30
1993,30.30,48.30
1994,30.30,48.40
1995,30.30,48.50
1996,30.20,48.50
1997,30.20,48.50
1998,30.20,48.60
1999,30.20,48.50
2000,30.20,48.60
2001,30.20,48.70
2002,30.20,48.70
2003,30.10,48.70
2004,30.10,48.80
2005,30.10,48.80
2006,30.10,48.80
2007,30.10,48.90
2008,30.10,48.90
2009,30.10,49.10
2010,30.10,49.20
2011,30.10,49.40
2012,30.20,49.40
2013,30.20,49.40
2014,30.40,49.20
2015,30.50,49.10
2016,30.60,48.80
2017,30.70,48.70
2018,30.90,48.40
2019,31.00,48.10
2020,31.20,47.80
2021,31.30,47.50
2022,31.50,47.30
2023,31.60,47.10
2024,31.80,46.70
2025,32.00,46.50
2026,32.10,46.10
2027,32.30,45.80
2028,32.40,45.50
2029,32.60,45.20
2030,32.80,45.00
2031,32.90,45.00
2032,33.10,44.80
2033,33.20,44.50
2034,33.40,44.30
2035,33.50,43.90
2036,33.70,43.70
2037,33.80,43.50
2038,34.00,43.20
2039,34.20,42.80
2040,34.40,42.60
2041,34.60,42.30
2042,34.70,42.10
2043,34.90,41.80
2044,35.00,41.50
2045,35.20,41.30
2046,35.40,41.00
2047,35.50,41.00
2048,35.70,40.80
2049,35.80,40.60
2050,36.00,40.20
2051,36.20,40.10
2052,36.30,39.80
2053,36.50,39.60
2054,36.50,39.40
2055,36.60,39.20
2056,36.80,39.10
2057,36.90,38.90
2058,37.10,38.80
2059,37.20,38.80
2060,37.30,38.70
2061,37.40,38.60
2062,37.60,38.50
2063,37.70,38.60
2064,37.80,38.70
2065,38.00,38.70
2066,38.00,38.60
2067,38.20,38.50
2068,38.30,38.30
2069,38.40,38.30
2070,38.50,38.10
2071,38.60,38.00
2072,38.70,37.80
2073,38.80,37.70
2074,38.90,37.40
2075,39.10,37.40
2076,39.10,37.10
2077,39.30,36.90
2078,39.30,36.80
2079,39.40,36.60
2080,39.50,36.50
2081,39.60,36.40
2082,39.60,36.30
2083,39.70,36.30
2084,39.80,36.20
2085,39.80,36.10
2086,39.90,36.20
2087,40.00,36.20
2088,40.00,36.10
2089,40.10,36.20
2090,40.20,36.00
2091,40.20,36.00
2092,40.30,35.80
2093,40.40,35.70
2094,40.40,35.50
2095,40.50,35.40
2096,40.60,35.30
2097,40.70,35.10
2098,40.80,35.10
2099,40.90,35.00
2100,41.00,34.70
2101,41.10,34.50
2102,41.20,34.30
2103,41.40,34.20
2104,41.50,34.00
2105,41.60,33.90
2106,41.70,33.60
2107,41.90,33.50
2108,42.00,33.30
2109,42.10,33.20
2110,42.20,33.00
2111,42.30,32.90
2112,42.40,32.80
2113,42.50,32.80
2114,42.60,32.50
2115,42.70,32.40
2116,42.80,32.30
2117,42.90,32.30
2118,43.10,32.20
2119,43.20,32.30
2120,43.20,32.30
2121,43.30,32.40
2122,43.40,32.20
2123,43.50,32.10
2124,43.60,31.90
2125,43.70,31.80
2126,43.70,31.70
2127,43.80,31.60
2128,43.80,31.50
2129,43.90,31.40
2130,44.00,31.30
2131,44.10,31.30
2132,44.10,31.40
2133,44.20,31.30
2134,44.20,31.30
2135,44.30,31.30
2136,44.40,31.10
2137,44.40,31.10
2138,44.50,31.10
2139,44.50,30.80
2140,44.60,30.70
2141,44.70,30.60
2142,44.70,30.50
2143,44.80,30.50
2144,44.90,30.20
2145,44.90,30.10
2146,45.00,30.10
2147,45.10,30.00
2148,45.10,29.90
2149,45.20,29.90
2150,45.30,29.80
2151,45.40,29.70
2152,45.40,29.50
2153,45.60,29.40
2154,45.60,29.30
2155,45.70,29.20
2156,45.70,29.00
2157,45.80,29.10
2158,45.80,28.90
2159,45.90,28.90
2160,46.00,28.70
2161,46.00,28.70
2162,46.10,28.70
2163,46.20,28.70
2164,46.20,28.60
2165,46.30,28.60
2166,46.30,28.60
2167,46.30,28.60
2168,46.40,28.50
2169,46.50,28.60
2170,46.60,28.50
2171,46.60,28.40
2172,46.60,28.20
2173,46.70,28.30
2174,46.70,28.20
2175,46.80,28.10
2176,46.80,28.20
2177,46.90,28.10
2178,46.90,28.10
2179,47.00,28.10
2180,47.00,28.10
2181,47.10,28.00
2182,47.10,27.90
2183,47.20,27.70
2184,47.20,27.70
2185,47.20,27.80
2186,47.20,27.80
2187,47.30,27.70
2188,47.30,27.70
2189,47.30,27.70
2190,47.30,27.70
2191,47.30,27.70
2192,47.30,27.80
2193,47.30,27.70
2194,47.30,27.70
2195,47.40,27.80
2196,47.40,27.90
2197,47.40,27.80
2198,47.50,27.70
2199,47.50,27.60
2200,47.60,27.50
2201,47.60,27.40
2202,47.70,27.20
2203,47.70,27.20
2204,47.80,27.20
2205,47.80,27.20
2206,47.90,27.10
2207,47.90,27.10
2208,47.90,27.10
2209,48.00,27.20
2210,48.00,27.10
2211,48.00,27.20
2212,48.00,27.30
2213,48.10,27.30
2214,48.10,27.30
2215,48.20,27.30
2216,48.20,27.40
2217,48.20,27.40
2218,48.30,27.30
2219,48.30,27.40
2220,48.30,27.50
2221,48.30,27.50
2222,48.30,27.50
2223,48.30,27.50
2224,48.40,27.40
2225,48.40,27.40
2226,48.40,27.30
2227,48.50,27.30
2228,48.50,27.30
2229,48.50,27.20
2230,48.60,27.10
2231,48.70,27.10
2232,48.70,27.00
2233,48.70,27.00
2234,48.80,27.00
2235,48.80,27.10
2236,48.80,27.00
2237,48.80,27.00
2238,48.80,27.00
2239,48.80,27.10
2240,48.90,26.90
2241,48.90,26.90
2242,48.90,26.70
2243,48.90,26.70
2244,48.90,26.60
2245,49.00,26.60
2246,48.90,26.70
2247,49.00,26.60
2248,49.00,26.60
2249,49.00,26.60
2250,49.00,26.60
2251,49.00,26.60
2252,49.10,26.50
2253,49.10,26.40
2254,49.10,26.30
2255,49.10,26.30
2256,49.10,26.20
2257,49.10,26.20
2258,49.20,26.00
2259,49.10,26.10
2260,49.20,26.10
2261,49.20,26.10
2262,49.20,26.20
2263,49.20,26.30
2264,49.30,26.30
2265,49.30,26.30
2266,49.30,26.30
2267,49.30,26.30
2268,49.40,26.30
2269,49.40,26.20
2270,49.50,26.20
2271,49.50,26.20
2272,49.60,26.10
2273,49.60,26.10
2274,49.70,26.10
2275,49.70,26.00
2276,49.80,26.10
2277,49.90,25.90
2278,49.90,25.90
2279,50.00,26.10
2280,50.00,26.10
2281,50.00,26.00
2282,50.10,26.00
2283,50.10,25.80
2284,50.20,25.80
2285,50.20,25.70
2286,50.30,25.70
2287,50.30,25.70
2288,50.40,25.60
2289,50.40,25.60
2290,50.40,25.50
2291,50.50,25.50
2292,50.50,25.40
2293,50.50,25.30
2294,50.60,25.30
2295,50.60,25.30
2296,50.60,25.20
2297,50.60,25.10
2298,50.70,25.20
2299,25.30,12.60
2300,50.60,25.20
2301,50.60,25.20
2302,50.60,25.20
2303,50.60,25.20
2304,50.50,25.10
2305,50.50,25.20
2306,50.40,25.20
2307,50.40,25.20
2308,50.40,25.10
2309,50.40,25.20
2310,50.40,25.20
2311,50.30,25.20
2312,50.30,25.30
2313,50.30,25.40
2314,50.30,25.40
2315,50.30,25.30
2316,50.30,25.40
2317,50.20,25.30
2318,50.30,25.30
2319,50.30,25.30
2320,50.30,25.20
2321,50.30,25.20
2322,50.40,25.20
2323,50.40,25.20
2324,50.40,25.20
2325,50.40,25.10
2326,50.40,25.00
2327,50.40,25.00
2328,50.50,25.10
2329,50.50,25.00
2330,50.60,25.10
2331,50.60,25.10
2332,50.70,25.10
2333,50.70,25.00
2334,50.70,25.10
2335,50.70,25.10
2336,50.70,25.10
2337,50.80,25.10
2338,50.80,25.10
2339,50.80,25.00
2340,50.80,24.90
2341,50.80,25.10
2342,50.80,25.00
2343,50.70,25.10
2344,50.80,25.20
2345,50.80,25.10
2346,50.80,25.30
2347,50.80,25.30
2348,50.90,25.30
2349,51.00,25.30
2350,51.10,25.30
2351,51.30,25.30
2352,51.50,25.20
2353,51.70,25.00
2354,52.00,24.80
2355,52.20,24.70
2356,52.50,24.50
2357,52.70,24.30
2358,53.10,24.20
2359,53.40,24.10
2360,53.60,23.90
2361,53.90,23.80
2362,54.30,23.60
2363,54.70,23.20
2364,27.50,11.50
2365,55.90,22.60
2366,56.30,22.40
2367,56.70,22.20
2368,57.10,21.80
2369,57.50,21.60
2370,57.80,21.40
2371,58.10,21.40
2372,58.50,21.20
2373,58.80,21.00
2374,59.10,20.80
2375,59.30,20.70
2376,59.60,20.50
2377,59.80,20.40
2378,60.00,20.20
2379,60.50,20.00
2380,60.60,19.90
2381,60.80,19.80
2382,61.00,19.60
2383,61.10,19.60
2384,61.20,19.50
2385,61.30,19.50
2386,61.40,19.40
2387,61.40,19.30
2388,61.50,19.30
2389,61.50,19.30
2390,61.60,19.20
2391,61.70,19.20
2392,61.70,19.20
2393,61.70,19.10
2394,61.80,19.10
2395,61.80,19.20
2396,61.70,19.20
2397,61.80,19.20
2398,61.70,19.10
2399,61.70,19.20
2400,61.70,19.00
2401,61.70,19.00
2402,61.70,19.00
2403,61.70,19.00
2404,61.60,19.00
2405,61.60,19.00
2406,61.60,18.90
2407,61.50,18.90
2408,61.50,18.90
2409,61.40,19.00
2410,61.40,19.00
2411,61.30,19.00
2412,61.30,19.10
2413,61.20,19.10
2414,61.20,19.00
2415,61.10,19.10
2416,61.00,19.20
2417,61.00,19.10
2418,60.80,19.40
2419,60.80,19.40
2420,60.70,19.50
2421,60.60,19.50
2422,60.50,19.60
2423,60.40,19.60
2424,60.20,19.70
2425,60.10,19.70
2426,60.00,19.70
2427,59.90,19.80
2428,59.70,19.80
2429,59.60,19.90
2430,59.50,19.80
2431,59.30,19.90
2432,59.20,20.00
2433,59.10,20.00
2434,59.00,20.10
2435,58.80,20.00
2436,58.70,20.10
2437,58.50,20.10
2438,58.40,20.30
2439,58.20,20.30
2440,58.00,20.40
2441,57.90,20.40
2442,57.70,20.50
2443,57.60,20.50
2444,57.50,20.60
2445,57.30,20.60
2446,57.20,20.60
2447,57.00,20.70
2448,56.90,20.70
2449,56.80,20.80
2450,56.60,20.90
2451,56.50,20.90
2452,56.40,21.00
2453,56.20,21.00
2454,55.90,21.20
2455,55.80,21.20
2456,55.70,21.30
2457,55.50,21.30
2458,55.40,21.30
2459,55.20,21.40
2460,55.10,21.40
2461,55.00,21.60
2462,54.90,21.60
2463,54.70,21.60
2464,54.60,21.70
2465,54.40,21.80
2466,54.30,21.80
2467,54.20,21.90
2468,54.00,22.00
2469,53.70,22.10
2470,53.60,22.10
2471,53.50,22.30
2472,53.40,22.30
2473,53.30,22.40
2474,53.10,22.40
2475,53.00,22.40
2476,52.90,22.50
2477,52.70,22.50
2478,52.60,22.60
2479,52.50,22.70
2480,52.40,22.70
2481,52.20,22.90
2482,52.10,22.90
2483,51.90,23.00
2484,51.70,23.10
2485,51.60,23.10
2486,51.50,23.20
2487,51.40,23.30
2488,51.20,23.30
2489,51.10,23.50
2490,51.00,23.50
2491,50.90,23.50
2492,50.70,23.70
2493,50.60,23.70
2494,50.50,23.80
2495,50.40,23.80
2496,50.30,24.00
2497,50.20,23.90
2498,50.00,24.10
2499,50.00,24.10
2500,49.70,24.30
2501,49.50,24.40
2502,49.40,24.40
2503,49.30,24.60
2504,49.20,24.50
2505,49.10,24.70
2506,49.00,24.70
2507,48.80,24.80
2508,48.70,24.90
2509,48.60,24.90
2510,48.50,25.00
2511,48.30,25.10
2512,48.20,25.10
2513,48.20,25.30
2514,48.00,25.30
2515,47.90,25.40
2516,47.80,25.50
2517,47.70,25.50
2518,47.60,25.60
2519,47.40,25.80
2520,47.30,25.80
2521,47.20,25.90
2522,47.10,25.90
2523,47.00,26.00
2524,46.90,26.20
2525,46.80,26.20
2526,46.70,26.30
2527,46.60,26.40
2528,46.50,26.40
2529,46.40,26.40
2530,46.20,26.60
2531,46.20,26.60
2532,46.00,26.70
2533,46.00,26.80
2534,45.80,26.80
2535,45.70,26.90
2536,45.60,27.00
2537,45.50,27.10
2538,45.50,27.20
2539,45.30,27.30
2540,45.20,27.30
2541,45.10,27.40
2542,45.10,27.50
2543,44.90,27.60
2544,44.80,27.60
2545,44.70,27.70
2546,44.70,27.80
2547,44.50,27.90
2548,44.50,28.00
2549,44.40,28.00
2550,44.30,28.10
2551,44.20,28.20
2552,44.10,28.30
2553,44.00,28.30
2554,43.90,28.40
2555,43.80,28.40
2556,43.70,28.50
2557,43.60,28.70
2558,43.60,28.80
2559,43.50,28.80
2560,43.40,28.90
2561,43.30,28.90
2562,43.20,28.90
2563,43.10,29.10
2564,43.00,29.10
2565,43.00,29.10
2566,42.90,29.20
2567,42.80,29.30
2568,42.70,29.50
2569,42.60,29.50
2570,42.50,29.60
2571,42.40,29.60
2572,42.30,29.70
2573,42.30,29.80
2574,42.20,29.90
2575,42.10,29.90
2576,42.00,30.00
2577,42.00,30.10
2578,41.90,30.20
2579,41.80,30.30
2580,41.70,30.30
2581,41.60,30.40
2582,41.60,30.50
2583,41.50,30.50
2584,41.40,30.60
2585,41.30,30.70
2586,41.20,30.70
2587,41.20,30.80
2588,41.10,30.80
2589,41.00,30.80
2590,41.00,31.00
2591,40.90,31.00
2592,40.80,31.10
2593,40.80,31.10
2594,40.70,31.40
2595,40.60,31.30
2596,40.50,31.40
2597,40.50,31.50
2598,40.40,31.60
2599,40.30,31.60
2600,40.20,31.70
2601,40.20,31.80
2602,40.10,31.80
2603,40.00,31.90
2604,40.00,31.90
2605,39.90,32.00
2606,39.90,32.00
2607,39.80,32.10
2608,39.70,32.20
2609,39.70,32.20
2610,39.60,32.40
2611,39.50,32.50
2612,39.50,32.50
2613,39.40,32.50
2614,39.30,32.60
2615,39.30,32.70
2616,39.20,32.80
2617,39.20,32.80
2618,39.10,32.80
2619,39.00,32.90
2620,39.00,32.90
2621,38.90,33.00
2622,38.90,33.10
2623,38.80,33.20
2624,38.80,33.30
2625,38.70,33.30
2626,38.60,33.40
2627,38.60,33.40
2628,38.50,33.40
2629,38.50,33.60
2630,38.40,33.60
2631,38.40,33.60
2632,38.30,33.80
2633,38.30,33.80
2634,38.20,33.90
2635,38.10,33.90
2636,38.10,34.00
2637,38.10,34.00
2638,38.00,34.10
2639,37.90,34.10
2640,37.90,34.20
2641,37.90,34.30
2642,37.80,34.30
2643,37.80,34.40
2644,37.70,34.40
2645,37.70,34.50
2646,37.60,34.60
2647,37.60,34.60
2648,37.50,34.70
2649,37.50,34.70
2650,37.40,34.80
2651,37.30,34.80
2652,37.30,34.90
2653,37.30,35.00
2654,37.20,35.00
2655,37.20,35.00
2656,37.10,35.20
2657,37.10,35.20
2658,37.00,35.20
2659,37.00,35.20
2660,37.00,35.30
2661,36.90,35.40
2662,36.90,35.40
2663,36.80,35.50
2664,36.80,35.50
2665,36.80,35.50
2666,36.70,35.60
2667,36.70,35.70
2668,36.60,35.70
2669,36.60,35.80
2670,36.60,35.80
2671,36.50,35.80
2672,36.50,35.90
2673,36.40,35.90
2674,36.40,36.00
2675,36.30,36.00
2676,36.30,36.10
2677,36.30,36.20
2678,36.20,36.20
2679,36.20,36.30
2680,36.10,36.40
2681,36.10,36.40
2682,36.00,36.30
2683,36.00,36.50
2684,36.00,36.60
2685,35.90,36.60
2686,35.90,36.60
2687,35.90,36.60
2688,35.80,36.70
2689,35.80,36.80
2690,35.80,36.80
2691,35.70,36.80
2692,35.70,36.90
2693,35.60,37.00
2694,35.60,37.00
2695,35.60,37.00
2696,35.50,37.10
2697,35.50,37.20
2698,35.50,37.00
2699,35.40,37.00
2700,35.40,37.00
2701,35.40,37.10
2702,35.30,37.20
2703,35.20,37.20
2704,35.20,37.20
2705,35.20,37.20
2706,35.20,37.30
2707,35.10,37.30
2708,35.10,37.30
2709,35.10,37.40
2710,35.10,37.50
2711,35.00,37.50
2712,35.00,37.50
2713,34.90,37.50
2714,34.90,37.50
2715,34.90,37.60
2716,34.80,37.70
2717,34.80,37.80
2718,34.70,37.70
2719,34.80,37.80
2720,34.80,37.90
2721,34.70,38.00
2722,34.70,38.00
2723,34.60,37.90
2724,34.60,38.00
2725,34.60,38.00
2726,34.50,38.10
2727,34.50,38.20
2728,34.50,38.20
2729,34.40,38.20
2730,34.40,38.30
2731,34.40,38.30
2732,34.40,38.40
2733,34.40,38.50
2734,34.30,38.40
2735,34.30,38.50
2736,34.30,38.60
2737,34.20,38.50
2738,34.20,38.60
2739,34.20,38.70
2740,34.20,38.60
2741,34.10,38.70
2742,34.10,38.70
2743,34.10,38.80
2744,34.10,38.80
2745,34.00,38.80
2746,34.00,38.90
2747,33.90,38.80
2748,34.00,38.90
2749,33.90,38.90
2750,33.90,39.00
2751,33.90,39.10
2752,33.90,39.10
2753,33.80,39.10
2754,33.80,39.10
2755,33.80,39.20
2756,33.70,39.20
2757,33.70,39.20
2758,33.70,39.30
2759,33.70,39.30
2760,33.70,39.30
2761,33.60,39.40
2762,33.60,39.40
2763,33.60,39.50
2764,33.60,39.50
2765,33.50,39.50
2766,33.50,39.60
2767,33.50,39.60
2768,33.50,39.60
2769,33.50,39.70
2770,33.50,39.70
2771,33.40,39.70
2772,33.40,39.80
2773,33.40,39.80
2774,33.40,39.80
2775,33.30,39.90
2776,33.30,39.90
2777,33.30,39.90
2778,33.30,40.00
2779,33.20,40.00
2780,33.20,40.00
2781,33.20,40.10
2782,33.20,40.10
2783,33.10,40.20
2784,33.10,40.10
2785,33.10,40.20
2786,33.10,40.20
2787,33.10,40.20
2788,33.10,40.30
2789,33.00,40.30
2790,33.00,40.30
2791,33.00,40.30
2792,33.00,40.40
2793,33.00,40.50
2794,32.90,40.60
2795,32.90,40.50
2796,32.90,40.60
2797,32.90,40.60
2798,32.90,40.70
2799,32.80,40.80
2800,32.80,40.70
2801,32.80,40.80
2802,32.80,40.50
2803,32.70,40.60
2804,32.70,40.60
2805,32.70,40.60
2806,32.70,40.60
2807,32.70,40.70
2808,32.60,40.70
2809,32.70,40.80
2810,32.60,40.80
2811,32.60,40.80
2812,32.60,40.80
2813,32.50,40.80
2814,32.50,40.90
2815,32.50,40.90
2816,32.50,40.90
2817,32.50,41.00
2818,32.50,41.00
2819,32.40,41.00
2820,32.50,41.10
2821,32.40,41.10
2822,32.40,41.10
2823,32.40,41.10
2824,32.40,41.10
2825,32.40,41.10
2826,32.30,41.20
2827,32.30,41.20
2828,32.30,41.20
2829,32.30,41.30
2830,32.30,41.30
2831,32.20,41.30
2832,32.30,41.30
2833,32.20,41.40
2834,32.20,41.40
2835,32.20,41.50
2836,32.20,41.40
2837,32.20,41.50
2838,32.10,41.50
2839,32.10,41.50
2840,32.10,41.50
2841,32.10,41.60
2842,32.10,41.60
2843,32.00,41.60
2844,32.00,41.70
2845,32.00,41.70
2846,32.00,41.70
2847,32.00,41.70
2848,32.00,41.80
2849,31.90,41.80
2850,31.90,41.80
2851,31.90,41.80
2852,31.90,41.90
2853,31.90,41.90
2854,31.90,42.00
2855,31.90,42.00
2856,31.80,42.00
2857,31.80,42.00
2858,31.80,42.10
2859,31.80,42.00
2860,31.80,42.10
2861,31.70,42.10
2862,31.80,42.10
2863,31.80,42.10
2864,31.70,42.20
2865,31.70,42.20
2866,31.70,42.20
2867,31.70,42.30
2868,31.60,42.20
2869,31.70,42.30
2870,31.60,42.40
2871,31.60,42.40
2872,31.60,42.40
2873,31.60,42.40
2874,31.50,42.50
2875,31.50,42.50
2876,31.50,42.50
2877,31.50,42.50
2878,31.50,42.50
2879,31.50,42.50
2880,31.50,42.50
2881,31.50,42.50
2882,31.50,42.70
2883,31.50,42.60
2884,31.40,42.60
2885,31.40,42.70
2886,31.40,42.70
2887,31.40,42.70
2888,31.40,42.70
2889,31.30,42.70
2890,31.30,42.80
2891,31.30,42.70
2892,31.30,42.80
2893,31.30,42.90
2894,31.30,42.80
2895,31.30,42.90
2896,31.20,42.90
2897,31.20,42.90
2898,31.20,43.00
2899,31.20,43.00
2900,31.20,43.00
2901,31.20,43.00
2902,31.20,43.00
2903,31.20,43.10
2904,31.20,43.10
2905,31.10,43.10
2906,31.10,43.20
2907,31.10,43.20
2908,31.10,43.20
2909,31.10,43.20
2910,31.10,43.20
2911,31.10,43.20
2912,31.00,43.30
2913,31.10,43.30
2914,31.10,43.30
2915,31.00,43.30
2916,31.00,43.30
2917,31.00,43.40
2918,31.00,43.40
2919,31.00,43.40
2920,31.00,43.50
2921,31.00,43.50
2922,31.00,43.50
2923,30.90,43.50
2924,30.90,43.50
2925,30.90,43.60
2926,30.90,43.60
2927,30.90,43.60
2928,30.90,43.60
2929,30.80,43.60
2930,30.80,43.70
2931,30.80,43.80
2932,30.80,43.70
2933,30.80,43.80
2934,30.80,43.80
2935,30.80,43.80
2936,30.80,43.80
2937,30.80,43.80
2938,30.80,43.90
2939,30.70,43.90
2940,30.70,43.90
2941,30.70,43.90
2942,30.70,43.90
2943,30.70,44.00
2944,30.70,44.00
2945,30.70,44.00
2946,30.70,44.00
2947,30.70,44.10
2948,30.60,44.00
2949,30.70,44.10
2950,30.60,44.00
2951,30.60,44.10
2952,30.60,44.20
2953,30.60,44.10
2954,30.60,44.20
2955,30.60,44.20
2956,30.60,44.20
2957,30.60,44.10
2958,30.50,44.20
2959,30.60,44.30
2960,30.50,44.30
2961,30.50,44.30
2962,30.50,44.30
2963,30.50,44.30
2964,30.50,44.30
2965,30.50,44.40
2966,30.50,44.40
2967,30.50,44.40
2968,30.50,44.50
2969,30.50,44.40
2970,30.40,44.40
2971,30.40,44.40
2972,30.40,44.50
2973,30.40,44.40
2974,30.40,44.50
2975,30.40,44.50
2976,30.40,44.40
2977,30.40,44.40
2978,30.40,44.50
2979,30.40,44.50
2980,30.30,44.60
2981,30.30,44.60
2982,30.30,44.60
2983,30.30,44.60
2984,30.30,44.60
2985,30.30,44.70
2986,30.30,44.70
2987,30.30,44.80
2988,30.30,44.70
2989,30.30,44.70
2990,30.30,44.70
2991,30.30,44.90
2992,30.30,44.80
2993,30.20,44.80
2994,30.20,44.80
2995,30.20,44.90
2996,30.20,44.90
2997,30.20,44.90
2998,30.20,44.80
2999,30.20,44.90
3000,30.20,44.90
3001,30.20,44.90
3002,30.20,45.00
3003,30.10,44.90
3004,30.10,45.00
3005,30.10,45.00
3006,30.20,45.00
3007,30.10,45.00
3008,30.10,45.10
3009,30.10,45.00
3010,30.10,45.10
3011,30.10,45.00
3012,30.10,45.10
3013,30.10,45.10
3014,30.10,45.20
3015,30.10,45.10
3016,30.00,45.10
3017,30.00,45.20
3018,30.00,45.20
3019,30.00,45.20
3020,30.00,45.00
3021,30.00,45.00
3022,30.00,45.00
3023,30.00,45.00
3024,30.00,45.10
3025,30.00,45.10
3026,30.00,45.10
3027,29.90,45.10
3028,30.00,45.10
3029,29.90,45.20
3030,30.00,45.10
3031,29.90,45.20
3032,29.90,45.20
3033,29.90,45.20
3034,29.90,45.20
3035,29.90,45.20
3036,29.90,45.20
3037,29.90,45.30
3038,29.90,45.30
3039,29.90,45.30
3040,29.90,45.30
3041,29.80,45.30
3042,29.80,45.30
3043,29.80,45.40
3044,29.80,45.30
3045,29.80,45.30
3046,29.80,45.30
3047,29.80,45.30
3048,29.80,45.40
3049,29.80,45.40
3050,29.80,45.40
3051,29.80,45.40
3052,29.80,45.40
3053,29.80,45.40
3054,29.70,45.50
3055,29.70,45.50
3056,29.70,45.50
3057,29.70,45.50
3058,29.80,45.50
3059,29.80,45.50
3060,29.70,45.50
3061,29.70,45.60
3062,29.70,45.60
3063,29.70,45.60
3064,29.70,45.60
3065,29.70,45.60
3066,29.70,45.60
3067,29.60,45.60
3068,29.70,45.60
3069,29.70,45.60
3070,29.70,45.60
3071,29.60,45.60
3072,29.60,45.60
3073,29.60,45.60
3074,29.60,45.70
3075,29.60,45.60
3076,29.60,45.80
3077,29.60,45.70
3078,29.60,45.70
3079,29.60,45.80
3080,29.60,45.70
3081,29.60,45.70
3082,29.60,45.70
3083,29.60,45.70
3084,29.60,45.80
3085,29.50,45.80
3086,29.60,45.80
3087,29.50,45.80
3088,29.50,45.80
3089,29.50,45.80
3090,29.60,45.80
3091,29.50,45.90
3092,29.50,45.80
3093,29.50,45.90
3094,29.50,45.80
3095,29.50,45.90
3096,29.50,45.80
3097,29.50,45.90
3098,29.50,45.90
3099,29.50,45.90
3100,29.50,45.90
3101,29.50,45.90
3102,29.50,45.90
3103,29.40,46.00
3104,29.50,46.00
3105,29.40,46.00
3106,29.50,46.00
3107,29.40,45.90
3108,29.50,46.00
3109,29.40,46.00
3110,29.40,46.00
3111,29.40,46.00
3112,29.40,46.00
3113,29.40,46.00
3114,29.40,46.10
3115,29.40,46.00
3116,29.40,46.00
3117,29.40,46.10
3118,29.40,46.10
3119,29.40,46.10
3120,29.30,46.10
3121,29.30,46.10
3122,29.40,46.10
3123,29.30,46.20
3124,29.30,46.10
3125,29.30,46.10
3126,29.30,46.10
3127,29.30,46.10
3128,29.30,46.10
3129,29.30,46.10
3130,29.30,46.10
3131,29.30,46.20
3132,29.30,46.20
3133,29.30,46.20
3134,29.30,46.20
3135,29.30,46.10
3136,29.30,46.20
3137,29.30,46.20
3138,29.30,46.20
3139,29.30,46.10
3140,29.20,46.20
3141,29.30,46.20
3142,29.30,46.20
3143,29.20,46.20
3144,29.30,46.20
3145,29.20,46.20
3146,29.20,46.20
3147,29.20,46.20
3148,29.20,46.20
3149,29.20,46.20
3150,29.20,46.30
3151,29.20,46.20
3152,29.20,46.20
3153,29.20,46.20
3154,29.20,46.30
3155,29.20,46.20
3156,29.20,46.30
3157,29.20,46.20
3158,29.20,46.30
3159,29.20,46.30
3160,29.20,46.30
3161,29.10,46.30
3162,29.20,46.30
3163,29.20,46.30
3164,29.20,46.40
3165,29.20,46.30
3166,29.20,46.30
3167,29.10,46.30
3168,29.10,46.30
3169,29.10,46.30
3170,29.10,46.30
3171,29.10,46.30
3172,29.10,46.40
3173,29.10,46.30
3174,29.10,46.30
3175,29.10,46.30
3176,29.10,46.40
3177,29.10,46.40
3178,29.10,46.40
3179,29.10,46.40
3180,29.10,46.40
3181,29.10,46.30
3182,29.10,46.40
3183,29.10,46.40
3184,29.10,46.40
3185,29.00,46.40
3186,29.00,46.40
3187,29.00,46.40
3188,29.00,46.40
3189,29.00,46.40
3190,29.00,46.40
3191,29.00,46.40
3192,29.00,46.50
3193,29.00,46.40
3194,29.00,46.40
3195,29.00,46.50
3196,29.00,46.50
3197,29.00,46.50
3198,29.00,46.50
3199,29.00,46.50
3200,29.00,46.60
3201,29.00,46.50
3202,28.90,46.50
3203,29.00,46.60
3204,28.90,46.50
3205,29.00,46.60
3206,28.90,46.60
3207,29.00,46.60
3208,28.90,46.60
3209,28.90,46.70
3210,28.90,46.60
3211,28.90,46.70
3212,28.90,46.70
3213,28.90,46.70
3214,28.90,46.70
3215,28.90,46.70
3216,28.90,46.70
3217,28.90,46.80
3218,28.90,46.70
3219,28.90,46.70
3220,28.90,46.80
3221,28.80,46.80
3222,28.90,46.80
3223,28.90,46.80
3224,28.80,46.70
3225,28.80,46.80
3226,28.80,46.80
3227,28.80,46.90
3228,28.80,46.80
3229,28.80,46.80
3230,28.80,46.80
3231,28.80,46.90
3232,28.80,46.90
3233,28.80,46.90
3234,28.80,46.90
3235,28.70,46.90
3236,28.80,46.90
3237,28.80,46.90
3238,28.80,46.90
3239,28.80,46.90
3240,28.80,46.90
3241,28.80,46.90
3242,28.70,46.90
3243,28.70,46.90
3244,28.70,47.00
3245,28.80,47.00
3246,28.70,47.00
3247,28.80,47.00
3248,28.80,47.00
3249,28.80,47.00
3250,28.70,46.90
3251,28.70,47.00
3252,28.70,47.00
3253,28.70,47.00
3254,28.70,47.00
3255,28.70,47.00
3256,28.70,47.00
3257,28.70,47.00
3258,28.70,47.00
3259,28.70,47.10
3260,28.70,47.00
3261,28.70,47.10
3262,28.70,47.10
3263,28.70,47.10
3264,28.70,47.10
3265,28.70,47.10
3266,28.70,47.10
3267,28.60,47.10
3268,28.60,47.10
3269,28.70,47.10
3270,28.70,47.10
3271,28.60,47.20
3272,28.60,47.10
3273,28.60,47.10
3274,28.60,47.20
3275,28.70,47.10
3276,28.60,47.10
3277,28.60,47.20
3278,28.60,47.20
3279,28.60,47.20
3280,28.60,47.20
3281,28.60,47.20
3282,28.60,47.20
3283,28.60,47.20
3284,28.60,47.30
3285,28.60,47.20
3286,28.60,47.30
3287,28.60,47.20
3288,28.60,47.30
3289,28.60,47.30
3290,28.60,47.30
3291,28.60,47.30
3292,28.60,47.30
3293,28.50,47.30
3294,28.50,47.30
3295,28.60,47.30
3296,28.60,47.30
3297,28.60,47.40
3298,28.60,47.40
3299,28.60,47.40
3300,28.60,47.40
3301,28.50,47.40
3302,28.50,47.40
3303,28.50,47.50
3304,28.50,47.40
3305,28.50,47.50
3306,28.50,47.50
3307,28.50,47.50
3308,28.50,47.50
3309,28.50,47.50
3310,28.50,47.50
3311,28.50,47.50
3312,28.50,47.50
3313,28.50,47.50
3314,28.50,47.60
3315,28.50,47.60
3316,28.50,47.60
3317,28.50,47.50
3318,28.50,47.50
3319,28.50,47.60
3320,28.50,47.60
3321,28.50,47.60
3322,28.50,47.60
3323,28.50,47.60
3324,28.50,47.60
3325,28.50,47.60
3326,28.40,47.60
3327,28.40,47.60
3328,28.40,47.60
3329,28.50,47.60
3330,28.40,47.60
3331,28.40,47.60
3332,28.40,47.70
3333,28.40,47.70
3334,28.40,47.60
3335,28.40,47.70
3336,28.40,47.60
3337,28.40,47.70
3338,28.40,47.70
3339,28.40,47.70
3340,28.40,47.70
3341,28.40,47.70
3342,28.40,47.70
3343,28.40,47.80
3344,28.40,47.70
3345,28.40,47.80
3346,28.40,47.80
3347,28.40,47.80
3348,28.40,47.80
3349,28.40,47.90
3350,28.40,47.90
3351,28.40,47.80
3352,28.40,47.90
3353,28.40,47.90
3354,28.40,47.90
3355,28.40,47.90
3356,28.40,47.90
3357,28.40,47.90
3358,28.30,47.90
3359,28.30,47.90
3360,28.30,47.90
3361,28.30,47.90
3362,28.30,47.90
3363,28.30,48.00
3364,28.30,47.90
3365,28.30,48.00
3366,28.30,48.00
3367,28.30,48.00
3368,28.30,48.00
3369,28.30,48.00
3370,28.30,48.00
3371,28.30,48.00
3372,28.30,48.00
3373,28.30,48.00
3374,28.30,48.00
3375,28.30,48.00
3376,28.30,48.00
3377,28.30,48.00
3378,28.30,48.10
3379,28.30,48.00
3380,28.30,48.10
3381,28.30,48.10
3382,28.30,48.10
3383,28.30,48.00
3384,28.30,48.10
3385,28.30,48.10
3386,28.20,48.20
3387,28.30,48.10
3388,28.20,48.10
3389,28.20,48.20
3390,28.30,48.10
3391,28.20,48.10
3392,28.20,48.20
3393,28.20,48.20
3394,28.20,48.20
3395,28.20,48.20
3396,28.20,48.20
3397,28.20,48.20
3398,28.20,48.20
3399,28.20,48.20
3400,28.20,48.20
3401,28.20,48.20
3402,28.20,48.20
3403,28.20,48.20
3404,28.20,48.20
3405,28.20,48.20
3406,28.20,48.20
3407,28.20,48.20
3408,28.20,48.20
3409,28.20,48.20
3410,28.20,48.20
3411,28.20,48.20
3412,28.20,48.30
3413,28.20,48.30
3414,28.20,48.30
3415,28.20,48.30
3416,28.20,48.30
3417,28.10,48.30
3418,28.10,48.30
3419,28.10,48.20
3420,28.10,48.30
3421,28.10,48.20
3422,28.20,48.30
3423,28.10,48.30
3424,28.20,48.40
3425,28.20,48.30
3426,28.10,48.40
3427,28.10,48.40
3428,28.10,48.40
3429,28.10,48.40
3430,28.10,48.40
3431,28.10,48.40
3432,28.10,48.40
3433,28.10,48.30
3434,28.10,48.40
3435,28.10,48.40
3436,28.10,48.50
3437,28.10,48.50
3438,28.10,48.50
3439,28.10,48.50
3440,28.10,48.50
3441,28.10,48.60
3442,28.10,48.60
3443,28.10,48.50
3444,28.10,48.50
3445,28.00,48.60
3446,28.10,48.50
3447,28.10,48.60
3448,28.10,48.60
3449,28.00,48.50
3450,28.10,48.60
3451,28.10,48.70
3452,28.10,48.70
3453,28.10,48.70
3454,28.00,48.70
3455,28.00,48.70
3456,28.10,48.70
3457,28.10,48.70
3458,28.00,48.70
3459,28.10,48.70
3460,28.10,48.70
3461,28.00,48.80
3462,28.00,48.70
3463,28.00,48.80
3464,28.00,48.70
3465,28.00,48.70
3466,28.00,48.70
3467,28.00,48.70
3468,28.00,48.70
3469,28.00,48.80
3470,28.00,48.80
3471,28.00,48.80
3472,28.00,48.80
3473,28.00,48.70
3474,28.00,48.80
3475,28.00,48.80
3476,28.00,48.80
3477,28.00,48.80
3478,28.00,48.80
3479,28.00,48.80
3480,28.00,48.80
3481,28.00,48.90
3482,28.00,48.80
3483,28.00,48.80
3484,28.00,48.80
3485,28.00,48.90
3486,28.00,48.80
3487,28.00,48.90
3488,28.00,48.90
3489,27.90,48.90
3490,28.00,48.90
3491,27.90,48.90
3492,27.90,48.90
3493,28.00,48.90
3494,28.00,48.90
3495,28.00,48.90
3496,28.00,49.00
3497,28.00,48.90
3498,27.90,49.00
3499,27.90,48.90
3500,27.90,49.00
3501,27.90,49.00
3502,27.90,48.90
3503,27.90,49.00
3504,27.90,49.00
3505,27.90,48.90
3506,27.90,48.90
3507,27.90,49.00
3508,27.90,49.00
3509,27.90,49.00
3510,27.90,49.00
3511,27.90,49.00
3512,27.90,49.00
3513,27.90,49.10
3514,27.90,49.00
3515,27.90,49.00
3516,27.90,49.10
3517,27.90,49.10
3518,27.90,49.10
3519,27.90,49.10
3520,27.90,49.10
3521,27.90,49.10
3522,27.90,49.10
3523,27.90,49.10
3524,27.90,49.10
3525,27.90,49.10
3526,27.90,49.10
3527,27.90,49.00
3528,27.90,49.10
3529,27.80,49.10
3530,27.80,49.20
3531,27.80,49.20
3532,27.80,49.10
3533,27.90,49.10
3534,27.80,49.20
3535,27.80,49.20
3536,27.80,49.10
3537,27.80,49.20
3538,27.80,49.20
3539,27.80,49.20
3540,27.80,49.30
3541,27.80,49.20
3542,27.80,49.20
3543,27.80,49.30
3544,27.80,49.30
3545,27.80,49.30
3546,27.80,49.30
3547,27.80,49.30
3548,27.80,49.30
3549,27.80,49.30
3550,27.80,49.30
3551,27.80,49.30
3552,27.80,49.40
3553,27.80,49.40
3554,27.80,49.30
3555,27.80,49.40
3556,27.80,49.40
3557,27.80,49.40
3558,27.80,49.40
3559,27.80,49.40
3560,27.80,49.40
3561,27.80,49.50
3562,27.80,49.40
3563,27.80,49.50
3564,27.80,49.50
3565,27.80,49.50
3566,27.80,49.50
3567,27.80,49.50
3568,27.80,49.60
3569,27.80,49.50
3570,27.80,49.60
3571,27.80,49.50
3572,27.80,49.50
3573,27.80,49.50
3574,27.80,49.60
3575,27.80,49.60
3576,27.70,49.50
3577,27.70,49.60
3578,27.70,49.60
3579,27.70,49.60
3580,27.80,49.60
3581,27.70,49.60
3582,27.80,49.60
3583,27.70,49.60
3584,27.80,49.60
3585,27.80,49.70
3586,27.70,49.70
3587,27.70,49.70
3588,27.70,49.70
3589,27.70,49.80
3590,27.70,49.70
3591,27.70,49.80
3592,27.70,49.70
3593,27.70,49.80
3594,27.70,49.80
3595,27.70,49.80
3596,27.80,49.80
3597,27.70,49.80
3598,27.70,49.80
3599,27.70,49.80
3600,27.70,49.80
3601,27.70,49.90
3602,27.70,49.80
3603,27.70,49.90
3604,27.70,49.90
3605,27.70,49.90
3606,27.70,49.90
3607,27.70,49.80
3608,27.70,49.90
3609,27.70,49.90
3610,27.70,49.90
3611,27.70,49.90
3612,27.70,50.00
3613,27.70,49.90
3614,27.70,49.90
3615,27.70,50.00
3616,27.70,49.90
3617,27.70,49.90
3618,27.60,50.00
3619,27.60,50.00
3620,27.70,50.00
3621,27.70,50.00
3622,27.70,50.00
3623,27.60,50.10
3624,27.70,50.10
3625,27.70,50.10
3626,27.60,50.10
3627,27.70,50.10
3628,27.70,50.10
3629,27.70,50.10
3630,27.60,50.10
3631,27.60,50.10
3632,27.70,50.20
3633,27.60,50.10
3634,27.60,50.10
3635,27.60,50.20
3636,27.60,50.10
3637,27.60,50.20
3638,27.60,50.20
3639,27.60,50.20
3640,27.70,50.20
3641,27.70,50.20
3642,27.60,50.20
3643,27.60,50.20
3644,27.60,50.20
3645,27.60,50.30
3646,27.60,50.20
3647,27.60,50.30
3648,27.60,50.30
3649,27.60,50.20
3650,27.60,50.30
3651,27.60,50.30
3652,27.60,50.20
3653,27.60,50.30
3654,27.60,50.30
3655,27.60,50.30
3656,27.60,50.30
3657,27.60,50.30
3658,27.60,50.30
3659,27.60,50.30
3660,27.60,50.30
3661,27.60,50.30
3662,27.60,50.30
3663,27.60,50.40
3664,27.60,50.30
3665,27.60,50.30
3666,27.60,50.30
3667,27.60,50.30
3668,27.60,50.30
3669,27.60,50.30
3670,27.60,50.40
3671,27.60,50.40
3672,27.60,50.40
3673,27.60,50.40
3674,27.60,50.30
3675,27.60,50.40
3676,27.60,50.40
3677,27.60,50.40
3678,27.60,50.50
3679,27.60,50.40
3680,27.60,50.40
3681,27.60,50.40
3682,27.60,50.40
3683,27.60,50.40
3684,27.60,50.30
3685,27.60,50.40
3686,27.60,50.40
3687,27.60,50.40
3688,27.50,50.40
3689,27.50,50.40
3690,27.60,50.40
3691,27.60,50.40
3692,27.60,50.50
3693,27.50,50.40
3694,27.60,50.40
3695,27.50,50.40
3696,27.60,50.40
3697,27.50,50.40
3698,27.50,50.50
3699,27.60,50.50
3700,27.50,50.40
3701,27.50,50.50
3702,27.50,50.50
3703,27.50,50.50
3704,27.60,50.50
3705,27.50,50.50
3706,27.60,50.50
3707,27.50,50.40
3708,27.50,50.50
3709,27.50,50.50
3710,27.50,50.50
3711,27.60,50.50
3712,27.50,50.40
3713,27.50,50.50
3714,27.50,50.40
3715,27.50,50.50
3716,27.50,50.50
3717,27.50,50.50
3718,27.50,50.50
3719,27.50,50.50
3720,27.50,50.50
3721,27.50,50.50
3722,27.50,50.50
3723,27.50,50.50
3724,27.50,50.50
3725,27.50,50.50
3726,27.50,50.50
3727,27.50,50.40
3728,27.50,50.50
3729,27.50,50.50
3730,27.50,50.50
3731,27.50,50.50
3732,27.50,50.50
3733,27.50,50.60
3734,27.50,50.50
3735,27.50,50.60
3736,27.50,50.50
3737,27.50,50.50
3738,27.50,50.50
3739,27.50,50.50
3740,27.50,50.50
3741,27.50,50.50
3742,27.50,50.50
3743,27.50,50.50
3744,27.50,50.50
3745,27.50,50.50
3746,27.50,50.50
3747,27.50,50.50
3748,27.50,50.50
3749,27.50,50.50
3750,27.50,50.60
3751,27.50,50.50
3752,27.50,50.50
3753,27.50,50.50
3754,27.50,50.60
3755,27.50,50.50
3756,27.50,50.60
3757,27.50,50.60
3758,27.50,50.50
3759,27.50,50.50
3760,27.50,50.50
3761,27.50,50.60
3762,27.50,50.50
3763,27.50,50.60
3764,27.50,50.50
3765,27.50,50.60
3766,27.50,50.60
3767,27.50,50.60
3768,27.50,50.50
3769,27.50,50.60
3770,27.40,50.60
3771,27.40,50.60
3772,27.50,50.60
3773,27.40,50.60
3774,27.40,50.60
3775,27.40,50.60
3776,27.40,50.60
3777,27.40,50.60
3778,27.50,50.60
3779,27.40,50.60
3780,27.40,50.60
3781,27.40,50.60
3782,27.40,50.70
3783,27.40,50.60
3784,27.40,50.60
3785,27.40,50.60
3786,27.40,50.60
3787,27.40,50.60
3788,27.50,50.60
3789,27.40,50.60
3790,27.40,50.60
3791,27.50,50.60
3792,27.40,50.60
3793,27.40,50.60
3794,27.40,50.60
3795,27.40,50.60
3796,27.40,50.70
3797,27.40,50.60
3798,27.40,50.50
3799,27.40,50.60
3800,27.40,50.60
3801,27.40,50.60
3802,27.40,50.60
3803,27.40,50.60
3804,27.40,50.60
3805,27.40,50.60
3806,27.40,50.60
3807,27.40,50.60
3808,27.40,50.60
3809,27.40,50.60
3810,27.40,50.70
3811,27.40,50.60
3812,27.40,50.70
3813,27.40,50.70
3814,27.40,50.60
3815,27.40,50.60
3816,27.40,50.60
3817,27.30,50.60
3818,27.40,50.70
3819,27.40,50.70
3820,27.40,50.60
3821,27.40,50.60
3822,27.40,50.60
3823,27.40,50.60
3824,27.40,50.70
3825,27.40,50.70
3826,27.40,50.70
3827,27.40,50.60
3828,27.40,50.70
3829,27.40,50.60
3830,27.40,50.60
3831,27.40,50.70
3832,27.40,50.70
3833,27.40,50.60
3834,27.40,50.60
3835,27.40,50.70
3836,27.40,50.70
3837,27.40,50.70
3838,27.40,50.60
3839,27.40,50.70
3840,27.40,50.70
3841,27.40,50.70
3842,27.40,50.60
3843,27.40,50.70
3844,27.40,50.70
3845,27.40,50.70
3846,27.40,50.70
3847,27.40,50.70
3848,27.40,50.70
3849,27.40,50.70
3850,27.30,50.80
3851,27.40,50.70
3852,27.30,50.70
3853,27.30,50.70
3854,27.30,50.70
3855,27.40,50.70
3856,27.40,50.70
3857,27.40,50.70
3858,27.40,50.70
3859,27.40,50.70
3860,27.30,50.80
3861,27.40,50.70
3862,27.30,50.70
3863,27.40,50.70
3864,27.30,50.70
3865,27.30,50.80
3866,27.40,50.70
3867,27.40,50.70
3868,27.40,50.70
3869,27.30,50.70
3870,27.30,50.70
3871,27.40,50.80
3872,27.40,50.70
3873,27.30,50.70
3874,27.30,50.70
3875,27.30,50.70
3876,27.30,50.70
3877,27.30,50.80
3878,27.30,50.80
3879,27.30,50.70
3880,27.30,50.80
3881,27.30,50.70
3882,27.30,50.70
3883,27.30,50.80
3884,27.30,50.70
3885,27.30,50.70
3886,27.30,50.70
3887,27.30,50.70
3888,27.30,50.80
3889,27.30,50.70
3890,27.30,50.70
3891,27.30,50.70
3892,27.30,50.70
3893,27.30,50.70
3894,27.30,50.70
3895,27.30,50.70
3896,27.30,50.70
3897,27.30,50.70
3898,27.30,50.70
3899,27.30,50.70
3900,27.30,50.70
3901,27.30,50.70
3902,27.30,50.70
3903,27.30,50.40
3904,27.30,50.70
3905,27.30,50.80
3906,27.30,50.70
3907,27.30,50.70
3908,27.30,50.70
3909,27.30,50.80
3910,27.30,50.70
3911,27.30,50.70
3912,27.30,50.80
3913,27.30,50.70
3914,27.30,50.80
3915,27.30,50.70
3916,27.30,50.70
3917,27.30,50.70
3918,27.30,50.40
3919,27.30,50.70
3920,27.30,50.40
3921,27.30,50.80
3922,27.30,50.70
3923,27.30,50.80
3924,27.30,50.80
3925,27.30,50.80
3926,27.30,50.40
3927,27.30,50.80
3928,27.30,50.50
3929,27.30,50.80
3930,27.30,50.40
3931,27.30,50.80
3932,27.30,50.80
3933,27.30,50.50
3934,27.30,50.50
3935,27.30,50.50
3936,27.30,50.40
3937,27.30,50.50
3938,27.30,50.50
3939,27.30,50.50
3940,27.30,50.50
3941,27.30,50.80
3942,27.30,50.40
3943,27.30,50.40
3944,27.30,50.80
3945,27.30,50.50
3946,27.30,50.50
3947,27.30,50.80
3948,27.30,50.50
3949,27.30,50.50
3950,27.30,50.50
3951,27.30,50.50
3952,27.30,50.50
3953,27.30,50.50
3954,27.30,50.80
3955,27.30,50.50
3956,27.30,50.50
3957,27.30,50.50
3958,27.30,50.50
3959,27.20,50.50
3960,27.30,50.50
3961,27.30,50.50
3962,27.30,50.50
3963,27.30,50.50
3964,27.30,50.50
3965,27.30,50.50
3966,27.30,50.50
3967,27.30,50.50
3968,27.30,50.50
3969,27.30,50.50
3970,27.30,50.50
3971,27.30,50.50
3972,27.30,50.50
3973,27.30,50.50
3974,27.30,50.50
3975,27.30,50.50
3976,27.30,50.50
3977,27.20,50.50
3978,27.30,50.50
3979,27.30,50.50
3980,27.30,50.50
3981,27.30,50.50
3982,27.30,50.40
3983,27.30,50.40
3984,27.30,50.40
3985,27.30,50.40
3986,27.30,50.80
3987,27.30,50.50
3988,27.30,50.40
3989,27.30,50.50
3990,27.30,50.40
3991,27.30,50.40
3992,27.30,50.40
3993,27.30,50.50
3994,27.20,50.50
3995,27.30,50.40
3996,27.30,50.40
3997,27.30,50.40
3998,27.20,50.50
3999,27.20,50.40
4000,27.30,50.40
4001,27.30,50.40
4002,27.20,50.40
4003,27.30,50.40
4004,27.20,50.40
4005,27.30,50.40
4006,27.20,50.50
4007,27.30,50.40
4008,27.30,50.40
4009,27.30,50.40
4010,27.30,50.40
4011,27.20,50.40
4012,27.30,50.40
4013,27.20,50.40
4014,27.30,50.40
4015,27.30,50.40
4016,27.30,50.40
4017,27.20,50.40
4018,27.20,50.40
4019,27.30,50.40
4020,27.30,50.50
4021,27.20,50.40
4022,27.30,50.40
4023,27.20,50.40
4024,27.20,50.50
4025,27.30,50.40
4026,27.30,50.60
4027,27.20,50.70
4028,27.30,51.00
4029,27.30,51.50
4030,27.30,51.30
4031,27.30,51.80
4032,27.30,52.40
4033,27.30,58.20
4034,27.40,62.90
4035,27.50,69.80
4036,27.60,73.50
4037,27.70,72.80
4038,27.80,63.20
4039,27.90,61.10
4040,28.00,60.50
4041,28.20,67.80
4042,28.30,61.70
4043,28.30,57.30
4044,28.40,54.40
4045,28.40,52.70
4046,28.50,51.40
4047,28.50,50.60
4048,28.50,50.10
4049,28.50,49.90
4050,28.50,49.50
4051,28.50,49.60
4052,28.50,49.40
4053,28.50,49.20
4054,28.50,48.90
4055,28.50,49.00
4056,28.50,49.30
4057,28.40,49.10
4058,28.40,48.80
4059,28.30,49.00
4060,28.40,49.00
4061,28.30,49.30
4062,28.30,49.20
4063,28.30,49.20
4064,28.20,49.00
4065,28.20,48.90
4066,28.20,48.90
4067,28.20,48.90
4068,28.20,48.90
4069,28.10,48.90
4070,28.10,48.90
4071,28.10,49.00
4072,28.00,48.80
4073,28.00,49.00
4074,28.00,49.00
4075,28.00,49.10
4076,27.90,49.20
4077,28.00,49.30
4078,27.90,49.30
4079,27.90,49.50
4080,27.90,49.60
4081,27.90,49.50
4082,27.80,49.50
4083,27.80,49.40
4084,27.80,49.40
4085,27.80,49.60
4086,27.80,49.50
4087,27.70,49.70
4088,27.70,49.70
4089,27.70,49.60
4090,27.70,49.60
4091,27.70,49.60
4092,27.70,49.60
4093,27.60,49.80
4094,27.70,49.50
4095,27.60,49.60
4096,27.60,49.50
4097,27.60,49.70
4098,27.60,49.60
4099,27.50,49.70
4100,27.50,49.70
4101,27.50,50.10
4102,27.60,50.20
4103,27.50,50.30
4104,27.50,50.30
4105,27.50,50.10
4106,27.50,49.90
4107,27.50,49.90
4108,27.50,50.10
4109,27.40,50.90
4110,27.50,52.00
4111,27.50,52.60
4112,27.50,53.10
4113,27.50,53.50
4114,27.60,53.60
4115,27.60,53.60
4116,27.60,53.80
4117,27.80,53.90
4118,27.80,53.90
4119,28.00,53.70
4120,28.00,53.50
4121,28.10,52.80
4122,28.20,52.60
4123,28.30,52.90
4124,28.40,53.00
4125,28.50,53.30
4126,28.60,53.30
4127,28.70,53.20
4128,28.80,53.20
4129,28.90,53.30
4130,28.90,53.30
4131,29.10,53.20
4132,29.10,53.00
4133,29.20,52.80
4134,29.30,52.60
4135,29.40,52.50
4136,29.50,52.20
4137,29.50,52.10
4138,29.60,52.20
4139,29.70,52.10
4140,29.80,52.10
4141,29.80,52.10
4142,29.90,52.10
4143,30.00,52.00
4144,30.00,52.00
4145,30.10,52.00
4146,30.20,51.70
4147,30.20,51.40
4148,30.30,51.30
4149,30.40,51.10
4150,30.40,51.10
4151,30.50,51.20
4152,30.60,51.40
4153,30.60,51.30
4154,30.60,51.20
4155,30.70,51.20
4156,30.70,51.20
4157,30.80,51.20
4158,30.90,51.20
4159,30.90,51.00
4160,31.00,50.80
4161,31.00,50.90
4162,31.10,50.80
4163,31.10,50.60
4164,31.20,50.50
4165,31.20,50.30
4166,31.20,50.20
4167,31.30,50.10
4168,31.30,49.90
4169,31.40,49.90
4170,31.40,49.90
4171,31.40,49.70
4172,31.50,49.70
4173,31.50,49.60
4174,31.50,49.30
4175,31.50,46.90
4176,31.50,45.00
4177,31.60,44.50
4178,31.50,44.20
4179,31.50,43.90
4180,31.50,43.90
4181,31.40,43.80
4182,31.40,43.80
4183,31.30,43.70
4184,31.30,43.70
4185,31.30,43.80
4186,31.20,43.80
4187,31.20,43.80
4188,31.10,43.80
4189,31.00,43.80
4190,31.00,43.90
4191,30.90,44.00
4192,30.90,44.00
4193,30.80,44.10
4194,30.80,44.10
4195,30.70,44.20
4196,30.70,44.20
4197,30.60,44.30
4198,30.60,44.40
4199,30.50,44.50
4200,30.40,44.50
4201,30.40,44.60
4202,30.30,44.80
4203,30.30,44.70
4204,30.20,44.90
4205,30.20,44.90
4206,30.10,44.90
4207,30.10,45.00
4208,30.00,44.90
4209,30.00,45.00
4210,30.00,45.00
4211,29.90,45.10
4212,29.90,45.20
4213,29.80,45.30
4214,29.80,45.40
4215,29.70,45.50
4216,29.70,45.50
4217,29.60,45.50
4218,29.60,45.60
4219,29.60,45.70
4220,29.50,45.80
4221,29.50,45.90
4222,29.40,45.90
4223,29.40,46.00
4224,29.30,46.00
4225,29.30,46.10
4226,29.30,46.20
4227,29.20,46.30
4228,29.20,46.30
4229,29.10,46.40
4230,29.10,46.40
4231,29.10,46.40
4232,29.00,46.40
4233,29.00,46.60
4234,29.00,46.60
4235,28.90,46.70
4236,28.90,46.80
4237,28.90,46.80
4238,28.80,46.90
4239,28.80,46.90
4240,28.80,46.90
4241,28.70,47.10
4242,28.70,47.10
4243,28.70,47.10
4244,28.60,47.30
4245,28.60,47.30
4246,28.60,47.30
4247,28.60,47.30
4248,28.50,47.40
4249,28.50,47.40
4250,28.50,47.50
4251,28.40,47.50
4252,28.40,47.60
4253,28.40,47.70
4254,28.40,47.80
4255,28.40,47.80
4256,28.30,47.90
4257,28.30,47.90
4258,28.30,47.90
4259,28.20,48.00
4260,28.20,48.10
4261,28.20,48.10
4262,28.20,48.20
4263,28.20,48.20
4264,28.10,48.20
4265,28.10,48.20
4266,28.10,48.30
4267,28.10,48.40
4268,28.10,48.40
4269,28.00,48.50
4270,28.10,48.40
4271,28.00,48.60
4272,28.00,48.50
4273,28.00,48.60
4274,28.00,48.70
4275,28.00,48.60
4276,27.90,48.60
4277,27.90,48.80
4278,27.90,48.70
4279,27.90,48.70
4280,27.90,48.80
4281,27.90,48.80
4282,27.90,48.90
4283,27.80,48.90
4284,27.80,48.90
4285,27.80,49.00
4286,27.80,49.00
4287,27.80,49.00
4288,27.80,49.00
4289,27.80,48.90
4290,27.80,49.00
4291,27.70,49.10
4292,27.80,49.10
4293,27.80,49.10
4294,27.70,49.00
4295,27.70,49.10
4296,27.70,49.10
4297,27.70,49.10
4298,27.70,49.20
4299,27.60,49.10
4300,27.60,49.20
4301,27.60,49.20
4302,27.60,49.20
4303,27.60,49.20
4304,27.60,49.20
4305,27.60,49.20
4306,27.60,49.30
4307,27.60,49.30
4308,27.60,49.30
4309,27.60,49.20
4310,27.50,49.30
4311,27.60,49.30
4312,27.50,49.30
4313,27.50,49.40
4314,27.50,49.40
4315,27.50,49.40
4316,27.50,49.50
4317,27.50,49.50
4318,27.50,49.60
4319,27.50,49.50
4320,27.40,49.60
4321,27.50,49.60
4322,27.50,49.60
4323,27.50,49.60
4324,27.50,49.60
4325,27.40,49.60
4326,27.40,49.60
4327,27.40,49.60
4328,27.40,49.60
4329,27.40,49.70
4330,27.40,49.60
4331,27.40,49.60
4332,27.40,49.70
4333,27.40,49.70
4334,27.40,49.70
4335,27.30,49.80
4336,27.30,49.70
4337,27.40,49.70
4338,27.30,49.70
4339,27.30,49.60
4340,27.30,49.70
4341,27.40,49.70
4342,27.30,49.80
4343,27.30,49.70
4344,27.30,49.80
4345,27.30,49.80
4346,27.30,49.80
4347,27.30,49.70
4348,27.30,49.70
4349,27.30,49.80
4350,27.30,49.60
4351,27.30,49.60
4352,27.30,49.80
4353,27.30,49.90
4354,27.30,49.90
4355,27.30,49.60
4356,27.30,49.60
4357,27.20,49.50
4358,27.30,49.90
4359,27.20,49.50
4360,27.30,49.60
4361,27.30,49.70
4362,27.20,49.70
4363,27.30,49.70
4364,27.30,49.70
4365,27.20,49.70
4366,27.30,49.80
4367,27.20,49.70
4368,27.30,49.70
4369,27.30,49.70
4370,27.20,49.70
4371,27.20,49.60
4372,27.20,49.60
4373,27.30,49.70
4374,27.30,49.70
4375,27.30,49.70
4376,27.20,49.70
4377,27.20,49.80
4378,27.20,49.70
4379,27.20,49.70
4380,27.20,49.70
4381,27.20,49.60
4382,27.20,49.70
4383,27.20,49.70
4384,27.20,49.70
4385,27.20,49.70
4386,27.20,49.70
4387,27.20,49.80
4388,27.20,49.80
4389,27.20,49.80
4390,27.20,49.80
4391,27.20,49.90
4392,27.20,49.80
4393,27.20,49.70
4394,27.20,49.70
4395,27.20,49.60
4396,27.20,49.80
4397,27.10,49.80
4398,27.20,49.90
4399,27.20,49.90
4400,27.20,49.90
4401,27.20,49.90
4402,27.10,49.80
4403,27.10,49.90
4404,27.20,49.90
4405,27.20,49.90
4406,27.10,49.90
4407,27.10,49.90
4408,27.20,49.90
4409,27.10,49.90
4410,27.20,49.90
4411,27.20,50.00
4412,27.10,49.90
4413,27.20,50.10
4414,27.20,50.00
4415,27.10,50.10
4416,27.10,50.00
4417,27.20,49.80
4418,27.20,49.80
4419,27.10,49.90
4420,27.10,49.80
4421,27.20,49.70
4422,27.10,49.70
4423,27.20,49.80
4424,27.10,49.80
4425,27.20,49.90
4426,27.10,50.00
4427,27.10,50.00
4428,27.10,50.10
4429,27.10,50.10
4430,27.10,50.10
4431,27.10,50.10
4432,27.10,50.10
4433,27.10,50.10
4434,27.10,50.10
4435,27.10,50.20
4436,27.10,50.10
4437,27.10,50.20
4438,27.10,50.20
4439,27.10,50.20
4440,27.10,50.30
4441,27.10,50.30
4442,27.10,50.30
4443,27.10,50.30
4444,27.10,50.30
4445,27.10,50.30
4446,27.10,50.20
4447,27.10,50.30
4448,27.10,50.20
4449,27.10,50.30
4450,27.10,50.20
4451,27.10,50.10
4452,27.10,50.10
4453,27.10,50.20
4454,27.10,50.30
4455,27.10,50.30
4456,27.10,50.30
4457,27.10,50.40
4458,27.10,50.30
4459,27.10,50.40
4460,27.10,50.30
4461,27.10,50.40
4462,27.10,50.30
4463,27.10,50.30
4464,27.10,50.40
4465,27.10,50.40
4466,27.10,50.40
4467,27.10,50.40
4468,27.10,50.50
4469,27.10,50.40
4470,27.10,50.40
4471,27.10,50.40
4472,27.10,50.30
4473,27.10,50.30
4474,27.10,50.40
4475,27.10,50.40
4476,27.10,50.40
4477,27.10,50.40
4478,27.10,50.40
4479,27.10,50.40
4480,27.10,50.30
4481,27.10,50.40
4482,27.10,50.40
4483,27.10,50.40
4484,27.10,50.40
4485,27.10,50.40
4486,27.10,50.40
4487,27.10,50.50
4488,27.10,50.50
4489,27.10,50.40
4490,27.10,50.40
4491,27.10,50.50
4492,27.10,50.60
4493,27.10,50.50
4494,27.10,50.50
4495,27.00,50.50
4496,27.10,50.40
4497,27.10,50.40
4498,27.10,50.30
4499,27.10,50.40
4500,27.10,50.30
4501,27.00,50.50
4502,27.10,50.50
4503,27.10,50.50
4504,27.10,50.50
4505,27.10,50.60
4506,27.00,50.60
4507,27.10,50.60
4508,27.10,50.60
4509,27.10,50.70
4510,27.10,50.60
4511,27.10,50.70
4512,27.10,50.70
4513,27.10,50.70
4514,27.10,50.70
4515,27.10,50.70
4516,27.10,50.70
4517,27.10,50.70
4518,27.10,50.60
4519,27.10,50.70
4520,27.10,50.70
4521,27.10,50.70
4522,27.10,50.60
4523,27.10,50.70
4524,27.10,50.70
4525,27.10,50.70
4526,27.10,50.70
4527,27.10,50.70
4528,27.10,50.70
4529,27.10,50.60
4530,27.10,50.60
4531,27.10,50.60
4532,27.10,50.60
4533,27.10,50.60
4534,27.10,50.60
4535,27.10,50.60
4536,27.10,50.60
4537,27.10,50.70
4538,27.10,50.60
4539,27.10,50.70
4540,27.10,50.70
4541,27.10,50.70
4542,27.10,50.60
4543,27.10,50.50
4544,27.00,50.50
4545,27.10,50.50
4546,27.10,50.50
4547,27.10,50.40
4548,27.10,50.50
4549,27.10,50.60
4550,27.10,50.60
4551,27.00,50.50
4552,27.10,50.60
4553,27.10,50.70
4554,27.10,50.60
4555,27.10,50.60
4556,27.00,50.60
4557,27.10,50.60
4558,27.10,50.60
4559,27.10,50.70
4560,27.10,50.60
4561,27.10,50.60
4562,27.10,50.60
4563,27.10,50.60
4564,27.10,50.60
4565,27.10,50.60
4566,27.10,50.60
4567,27.10,50.60
4568,27.10,50.50
4569,27.10,50.50
4570,27.10,50.40
4571,27.10,50.40
4572,27.10,50.40
4573,27.10,50.30
4574,27.10,50.40
4575,27.10,50.50
4576,27.10,50.40
4577,27.10,50.50
4578,27.10,50.60
4579,27.10,50.60
4580,27.10,50.60
4581,27.10,50.70
4582,27.10,50.70
4583,27.10,50.70
4584,27.10,50.70
4585,27.10,50.70
4586,27.10,50.70
4587,27.10,50.80
4588,27.10,50.80
4589,27.10,50.70
4590,27.10,50.70
4591,27.10,50.60
4592,27.10,50.60
4593,27.10,50.60
4594,27.10,50.70
4595,27.10,50.70
4596,27.10,50.70
4597,27.10,50.80
4598,27.10,50.80
4599,27.10,50.80
4600,27.10,50.80
4601,27.10,50.80
4602,27.10,50.90
4603,27.10,50.90
4604,27.10,50.90
4605,27.10,50.90
4606,27.10,50.90
4607,27.10,50.90
4608,27.10,50.90
4609,27.10,50.80
4610,27.10,50.80
4611,27.10,50.70
4612,27.10,50.80
4613,27.10,50.70
4614,27.00,50.70
4615,27.00,50.70
4616,27.10,50.70
4617,27.10,50.70
4618,27.10,50.70
4619,27.10,50.70
4620,27.10,50.80
4621,27.00,50.80
4622,27.00,50.80
4623,27.10,50.80
4624,27.10,50.80
4625,27.10,50.80
4626,27.10,50.80
4627,27.10,50.80
4628,27.10,50.80
4629,27.10,50.80
4630,27.00,50.90
4631,27.10,51.00
4632,27.00,50.90
4633,27.10,50.90
4634,27.10,50.90
4635,27.10,50.80
4636,27.10,50.80
4637,27.10,50.80
4638,27.10,50.90
4639,27.10,50.80
4640,27.10,50.90
4641,27.10,50.80
4642,27.00,50.80
4643,27.00,50.80
4644,27.00,50.90
4645,27.10,50.90
4646,27.10,51.00
4647,27.10,51.00
4648,27.10,51.00
4649,27.10,51.00
4650,27.10,51.00
4651,27.10,51.00
4652,27.10,51.00
4653,27.10,51.00
4654,27.10,51.00
4655,27.10,51.00
4656,27.10,51.00
4657,27.10,50.90
4658,27.10,51.00
4659,27.10,50.90
4660,27.10,50.80
4661,27.10,50.90
4662,27.10,50.90
4663,27.10,50.90
4664,27.10,50.90
4665,27.00,50.90
4666,27.10,50.90
4667,27.10,50.90
4668,27.10,50.80
4669,27.10,50.90
4670,27.10,50.80
4671,27.00,50.90
4672,27.10,50.90
4673,27.10,50.80
4674,27.10,50.80
4675,27.10,50.60
4676,27.10,50.60
4677,27.00,50.60
4678,27.10,50.70
4679,27.10,50.60
4680,27.10,50.70
4681,27.10,50.80
4682,27.10,50.80
4683,27.10,50.80
4684,27.10,50.90
4685,27.00,50.90
4686,27.10,50.90
4687,27.10,50.90
4688,27.10,51.00
4689,27.10,50.90
4690,27.10,51.00
4691,27.10,51.00
4692,27.10,51.00
4693,27.10,50.90
4694,27.10,50.90
4695,27.10,50.90
4696,27.00,51.00
4697,27.10,51.00
4698,27.10,50.90
4699,27.10,50.90
4700,27.10,50.90
4701,27.10,51.00
4702,27.00,51.00
4703,27.00,51.00
4704,27.00,51.10
4705,27.10,51.00
4706,27.10,51.10
4707,27.00,51.00
4708,27.00,51.00
4709,27.00,51.10
4710,27.00,51.00
4711,27.10,51.10
4712,27.10,51.10
4713,27.00,51.00
4714,27.00,51.00
4715,27.10,51.00
4716,27.10,51.00
4717,27.10,51.00
4718,27.00,51.00
4719,27.10,51.00
4720,27.10,51.00
4721,27.00,50.90
4722,27.10,50.90
4723,27.10,50.90
4724,27.00,50.90
4725,27.10,50.90
4726,27.10,51.00
4727,27.10,51.00
4728,27.10,50.90
4729,27.00,50.90
4730,27.00,51.00
4731,27.00,51.10
4732,27.10,51.10
4733,27.10,51.10
4734,27.00,51.10
4735,27.10,51.10
4736,27.10,51.00
4737,27.10,51.00
4738,27.10,51.00
4739,27.10,51.00
4740,27.10,51.10
4741,27.10,51.00
4742,27.00,51.10
4743,27.10,51.00
4744,27.10,51.00
4745,27.10,50.90
4746,27.00,50.80
4747,27.10,50.80
4748,27.00,50.70
4749,27.00,50.70
4750,27.10,50.70
4751,27.10,50.70
4752,27.10,50.70
4753,27.10,50.60
4754,27.00,50.60
4755,27.00,50.60
4756,27.00,50.60
4757,27.00,50.60
4758,27.00,50.60
4759,27.10,50.70
4760,27.00,50.70
4761,27.10,50.70
4762,27.00,50.70
4763,27.00,50.80
4764,27.10,50.80
4765,27.10,50.70
4766,27.10,50.80
4767,27.00,50.80
4768,27.10,50.80
4769,27.10,51.00
4770,27.10,51.00
4771,27.10,51.00
4772,27.10,51.00
4773,27.10,51.00
4774,27.00,51.00
4775,27.10,50.90
4776,27.10,51.00
4777,27.10,51.10
4778,27.10,51.10
4779,27.10,51.10
4780,27.10,51.20
4781,27.10,51.10
4782,27.10,51.20
4783,27.10,51.20
4784,27.10,51.10
4785,27.10,51.10
4786,27.10,51.20
4787,27.10,51.10
4788,27.10,51.10
4789,27.10,51.10
4790,27.10,51.10
4791,27.10,51.10
4792,27.10,51.10
4793,27.10,51.10
4794,27.10,51.10
4795,27.10,51.10
4796,27.10,51.10
4797,27.10,51.00
4798,27.10,50.90
4799,27.10,50.90
4800,27.10,50.90
4801,27.10,50.90
4802,27.10,50.90
4803,27.10,51.00
4804,27.10,51.00
4805,27.10,51.00
4806,27.10,51.00
4807,27.10,51.00
4808,27.10,51.00
4809,27.10,51.00
4810,27.10,51.00
4811,27.10,51.00
4812,27.10,51.00
4813,27.10,51.10
4814,27.10,51.00
4815,27.10,51.00
4816,27.10,51.00
4817,27.10,51.10
4818,27.10,50.90
4819,27.10,51.10
4820,27.10,51.00
4821,27.10,51.00
4822,27.10,51.00
4823,27.10,51.00
4824,27.10,51.00
4825,27.10,51.00
4826,27.10,51.00
4827,27.10,51.00
4828,27.10,51.00
4829,27.10,51.00
4830,27.10,51.00
4831,27.10,51.00
4832,27.10,51.00
4833,27.10,51.00
4834,27.10,51.00
4835,27.10,51.10
4836,27.10,51.00
4837,27.10,51.10
4838,27.10,51.10
4839,27.10,51.00
4840,27.10,51.00
4841,27.10,51.00
4842,27.10,51.00
4843,27.10,51.00
4844,27.10,50.90
4845,27.10,51.00
4846,27.10,50.90
4847,27.10,51.00
4848,27.10,51.00
4849,27.10,51.00
4850,27.10,50.90
4851,27.10,51.00
4852,27.10,50.90
4853,27.10,50.90
4854,27.10,50.90
4855,27.10,50.90
4856,27.10,51.00
4857,27.10,50.90
4858,27.10,50.90
4859,27.10,50.90
4860,27.10,50.90
4861,27.10,50.90
4862,27.10,50.90
4863,27.10,50.90
4864,27.10,51.00
4865,27.10,50.90
4866,27.10,51.00
4867,27.10,51.00
4868,27.10,50.90
4869,27.10,51.00
4870,27.10,50.90
4871,27.10,51.00
4872,27.10,51.10
4873,27.10,51.10
4874,27.10,51.00
4875,27.10,51.00
4876,27.10,51.10
4877,27.10,51.10
4878,27.10,51.10
4879,27.10,51.10
4880,27.10,51.10
4881,27.10,51.00
4882,27.10,51.00
4883,27.10,51.00
4884,27.10,51.00
4885,27.10,51.00
4886,27.10,51.00
4887,27.10,51.00
4888,27.10,51.00
4889,27.10,50.90
4890,27.10,51.00
4891,27.10,50.90
4892,27.10,50.90
4893,27.10,50.90
4894,27.10,50.90
4895,27.10,51.00
4896,27.10,50.90
4897,27.10,50.90
4898,27.10,50.90
4899,27.10,50.90
4900,27.10,50.90
4901,27.10,50.90
4902,27.10,50.90
4903,27.10,51.00
4904,27.10,50.90
4905,27.10,51.00
4906,27.10,50.90
4907,27.10,51.00
4908,27.10,51.00
4909,27.10,51.00
4910,27.10,51.00
4911,27.10,51.00
4912,27.10,50.90
4913,27.10,50.90
4914,27.10,50.80
4915,27.10,50.90
4916,27.10,50.80
4917,27.10,50.80
4918,27.10,50.80
4919,27.10,50.80
4920,27.10,50.70
4921,27.10,50.70
4922,27.00,50.70
4923,27.10,50.70
4924,27.10,50.70
4925,27.10,50.70
4926,27.10,50.70
4927,27.10,50.80
4928,27.10,50.80
4929,27.10,50.80
4930,27.10,50.80
4931,27.10,50.80
4932,27.10,50.80
4933,27.10,50.80
4934,27.10,50.80
4935,27.10,50.80
4936,27.00,50.70
4937,27.10,50.80
4938,27.10,50.80
4939,27.10,50.80
4940,27.10,50.70
4941,27.10,50.70
4942,27.10,50.70
4943,27.10,50.70
4944,27.10,50.70
4945,27.10,50.70
4946,27.10,50.70
4947,27.10,50.70
4948,27.10,50.60
4949,27.10,50.60
4950,27.10,50.70
4951,27.10,50.70
4952,27.10,50.70
4953,27.10,50.70
4954,27.10,50.80
4955,27.10,50.80
4956,27.10,50.70
4957,27.10,50.80
4958,27.10,50.80
4959,27.10,50.70
4960,27.10,50.70
4961,27.10,50.70
4962,27.10,50.80
4963,27.10,50.70
4964,27.10,50.70
4965,27.10,50.60
4966,27.10,50.50
4967,27.10,50.50
4968,27.10,50.50
4969,27.10,50.50
4970,27.10,50.50
4971,27.10,50.60
4972,27.10,50.60
4973,27.10,50.60
4974,27.10,50.60
4975,27.10,50.70
4976,27.10,50.70
4977,27.10,50.70
4978,27.10,50.80
4979,27.10,50.80
4980,27.10,50.80
4981,27.10,50.80
4982,27.10,50.80
4983,27.10,50.90
4984,27.10,50.80
4985,27.10,50.90
4986,27.10,50.80
4987,27.10,50.80
4988,27.10,50.80
4989,27.10,50.80
4990,27.10,50.70
4991,27.10,50.80
4992,27.10,50.80
4993,27.10,50.80
4994,27.10,50.70
4995,27.10,50.80
4996,27.10,50.80
4997,27.10,50.80
4998,27.10,50.70
4999,27.10,50.80
5000,27.10,50.60
5001,27.10,50.60
5002,27.10,50.60
5003,27.10,50.60
5004,27.10,50.60
5005,27.10,50.60
5006,27.10,50.60
5007,27.10,50.60
5008,27.10,50.70
5009,27.10,50.60
5010,27.10,50.60
5011,27.10,50.70
5012,27.10,50.70
5013,27.10,50.60
5014,27.10,50.70
5015,27.10,50.70
5016,27.10,50.70
5017,27.10,50.60
5018,27.10,50.70
5019,27.10,50.60
5020,27.10,50.60
5021,27.10,50.60
5022,27.10,50.60
5023,27.10,50.60
5024,27.10,50.60
5025,27.10,50.60
5026,27.10,50.60
5027,27.10,50.60
5028,27.10,50.60
5029,27.10,50.70
5030,27.10,50.60
5031,27.10,50.60
5032,27.10,50.60
5033,27.10,50.50
5034,27.10,50.60
5035,27.10,50.60
5036,27.10,50.60
5037,27.10,50.60
5038,27.10,50.60
5039,27.10,50.60
5040,27.10,50.50
5041,27.10,50.50
5042,27.10,50.50
5043,27.10,50.50
5044,27.10,50.40
5045,27.20,50.50
5046,27.10,50.60
5047,27.20,50.60
5048,27.10,50.60
5049,27.20,50.50
5050,27.20,50.30
5051,27.10,50.20
5052,27.10,50.10
5053,27.10,50.00
5054,27.10,50.00
5055,27.10,50.00
5056,27.10,50.10
5057,27.10,50.10
5058,27.20,50.30
5059,27.10,50.30
5060,27.20,50.30
5061,27.10,50.30
5062,27.10,50.30
5063,27.10,50.30
5064,27.20,50.40
5065,27.10,50.40
5066,27.20,50.40
5067,27.10,50.40
5068,27.10,50.40
5069,27.10,50.40
5070,27.10,50.30
5071,27.10,50.20
5072,27.10,50.00
5073,27.10,49.90
5074,27.10,49.90
5075,27.10,49.80
5076,27.10,49.90
5077,27.10,49.90
5078,27.10,49.90
5079,27.20,50.00
5080,27.10,50.10
5081,27.10,50.10
5082,27.10,50.00
5083,27.10,50.10
5084,27.20,50.10
5085,27.10,50.00
5086,27.10,50.00
5087,27.10,50.00
5088,27.20,49.90
5089,27.10,50.00
5090,27.10,50.20
5091,27.10,50.20
5092,27.10,50.30
5093,27.10,50.20
5094,27.10,50.30
5095,27.10,50.20
5096,27.10,50.10
5097,27.10,50.00
5098,27.10,50.10
5099,27.10,50.00
5100,27.10,50.00
5101,27.10,50.10
5102,27.10,50.20
5103,27.10,50.30
5104,27.10,50.30
5105,27.10,50.30
5106,27.10,50.40
5107,27.10,50.40
5108,27.10,50.40
5109,27.10,50.50
5110,27.10,50.40
5111,27.10,50.40
5112,27.10,50.40
5113,27.10,50.40
5114,27.10,50.50
5115,27.10,50.50
5116,27.10,50.50
5117,27.10,50.40
5118,27.10,50.40
5119,27.10,50.40
5120,27.10,50.40
5121,27.10,50.40
5122,27.10,50.50
5123,27.10,50.60
5124,27.10,50.50
5125,27.10,50.60
5126,27.10,50.50
5127,27.10,50.40
5128,27.10,50.40
5129,27.10,50.40
5130,27.10,50.60
5131,27.10,50.60
5132,27.10,50.60
5133,27.10,50.60
5134,27.10,50.50
5135,27.10,50.60
5136,27.10,50.60
5137,27.10,50.60
5138,27.10,50.50
5139,27.10,50.40
5140,27.10,50.40
5141,27.10,50.40
5142,27.10,50.40
5143,27.10,50.30
5144,27.10,50.30
5145,27.10,50.20
5146,27.10,50.20
5147,27.10,50.20
5148,27.10,50.20
5149,27.10,50.30
5150,27.10,50.40
5151,27.10,50.50
5152,27.10,50.40
5153,27.10,50.50
5154,27.10,50.50
5155,27.10,50.50
5156,27.10,50.60
5157,27.10,50.60
5158,27.10,50.60
5159,27.10,50.70
5160,27.10,50.60
5161,27.10,50.60
5162,27.10,50.50
5163,27.10,50.40
5164,27.10,50.30
5165,27.10,50.30
5166,27.10,50.20
5167,27.10,50.40
5168,27.10,50.50
5169,27.10,50.60
5170,27.10,50.50
5171,27.10,50.60
5172,27.10,50.60
5173,27.10,50.70
5174,27.10,50.70
5175,27.10,50.70
5176,27.10,50.80
5177,27.10,50.80
5178,27.10,50.80
5179,27.10,50.80
5180,27.10,50.80
5181,27.10,50.80
5182,27.00,50.90
5183,27.10,50.90
5184,27.00,50.90
5185,27.00,50.90
5186,27.00,50.90
5187,27.00,50.80
5188,27.00,50.70
5189,27.00,50.60
5190,27.00,50.70
5191,27.00,50.70
5192,27.00,50.70
5193,27.00,50.80
5194,27.00,50.80
5195,27.00,50.90
5196,27.00,50.90
5197,27.00,50.90
5198,27.00,50.80
5199,27.00,50.60
5200,26.90,50.50
5201,27.00,50.40
5202,26.90,50.40
5203,27.00,50.30
5204,26.90,50.30
5205,26.90,50.30
5206,26.90,50.30
5207,26.90,50.30
5208,26.90,50.30
5209,26.90,50.30
5210,26.90,50.20
5211,26.80,50.30
5212,26.80,50.40
5213,26.90,50.50
5214,26.80,50.70
5215,26.80,50.60
5216,26.80,50.60
5217,26.80,50.50
5218,26.80,50.40
5219,26.80,50.40
5220,26.80,50.40
5221,26.80,50.30
5222,26.80,50.40
5223,26.70,50.50
5224,26.70,50.50
5225,26.80,50.50
5226,26.70,50.50
5227,26.80,50.60
5228,26.70,50.70
5229,26.70,50.70
5230,26.70,50.90
5231,26.70,50.80
5232,26.70,50.70
5233,26.70,50.70
5234,26.70,50.70
5235,26.70,50.60
5236,26.70,50.60
5237,26.70,50.60
5238,26.70,50.70
5239,26.70,50.70
5240,26.70,50.80
5241,26.70,50.80
5242,26.70,50.90
5243,26.60,50.80
5244,26.70,50.70
5245,26.60,50.70
5246,26.60,50.70
5247,26.60,50.70
5248,26.60,50.90
5249,26.60,50.90
5250,26.60,50.90
5251,26.60,50.90
5252,26.60,51.00
5253,26.60,51.00
5254,26.60,51.10
5255,26.60,51.10
5256,26.60,51.20
5257,26.60,51.30
5258,26.60,51.30
5259,26.60,51.20
5260,26.60,51.20
5261,26.60,51.10
5262,26.60,51.10
5263,26.60,51.20
5264,26.60,51.20
5265,26.60,51.20
5266,26.60,51.20
5267,26.60,51.20
5268,26.60,51.20
5269,26.60,51.10
5270,26.50,51.10
5271,26.60,51.10
5272,26.60,51.00
5273,26.50,51.00
5274,26.60,51.10
5275,26.50,51.10
5276,26.60,51.00
5277,26.60,50.90
5278,26.60,50.90
5279,26.60,50.90
5280,26.50,50.80
5281,26.60,50.70
5282,26.50,50.80
5283,26.50,50.70
5284,26.60,50.90
5285,26.50,50.90
5286,26.50,50.90
5287,26.50,50.80
5288,26.50,50.80
5289,26.50,50.90
5290,26.50,51.00
5291,26.50,51.00
5292,26.50,51.10
5293,26.50,51.10
5294,26.50,51.30
5295,26.50,51.30
5296,26.50,51.40
5297,26.50,51.40
5298,26.50,51.40
5299,26.50,51.40
5300,26.50,51.30
5301,26.50,51.20
5302,26.50,51.10
5303,26.50,51.10
5304,26.50,51.00
5305,26.50,51.10
5306,26.50,51.10
5307,26.40,51.30
5308,26.40,51.30
5309,26.50,51.40
5310,26.40,51.40
5311,26.50,51.40
5312,26.50,51.50
5313,26.40,51.50
5314,26.50,51.50
5315,26.50,51.40
5316,26.40,51.50
5317,26.40,51.60
5318,26.40,51.60
5319,26.50,51.50
5320,26.40,51.50
5321,26.40,51.40
5322,26.40,51.30
5323,26.40,51.20
5324,26.40,51.20
5325,26.40,51.20
5326,26.40,51.30
5327,26.40,51.20
5328,26.40,51.20
5329,26.40,51.20
5330,26.40,51.20
5331,26.40,51.10
5332,26.50,51.10
5333,26.40,51.10
5334,26.40,51.20
5335,26.40,51.20
5336,26.40,51.20
5337,26.40,51.20
5338,26.40,51.20
5339,26.40,51.30
5340,26.40,51.20
5341,26.40,51.20
5342,26.40,51.30
5343,26.40,51.40
5344,26.40,51.50
5345,26.40,51.50
5346,26.40,51.50
5347,26.40,51.60
5348,26.40,51.50
5349,26.40,51.40
5350,26.40,51.30
5351,26.40,51.30
5352,26.40,51.30
5353,26.40,51.30
5354,26.40,51.30
5355,26.40,51.20
5356,26.40,51.20
5357,26.40,51.20
5358,26.40,51.20
5359,26.40,51.20
5360,26.40,51.20
5361,26.40,51.20
5362,26.30,51.10
5363,26.30,51.10
5364,26.40,51.20
5365,26.40,51.20
5366,26.40,51.30
5367,26.40,51.30
5368,26.40,51.30
5369,26.30,51.40
5370,26.40,51.60
5371,26.40,51.60
5372,26.30,51.70
5373,26.40,51.80
5374,26.40,51.80
5375,26.40,51.80
5376,26.30,51.80
5377,26.30,51.90
5378,26.30,51.90
5379,26.40,51.80
5380,26.30,51.80
5381,26.40,51.80
5382,26.30,51.90
5383,26.40,51.90
5384,26.40,52.00
5385,26.40,52.00
5386,26.30,52.20
5387,26.40,52.20
5388,26.30,52.20
5389,26.40,52.00
5390,26.40,51.80
5391,26.40,51.80
5392,26.40,51.70
5393,26.40,51.60
5394,26.30,51.70
5395,26.30,51.60
5396,26.30,51.70
5397,26.40,51.80
5398,26.40,51.70
5399,26.40,51.70
5400,26.40,51.80
5401,26.40,51.70
5402,26.40,51.80
5403,26.40,51.70
5404,26.40,51.70
5405,26.40,51.70
5406,26.40,51.80
5407,26.40,51.90
5408,26.30,51.80
5409,26.40,51.80
5410,26.40,51.80
5411,26.40,51.70
5412,26.40,51.70
5413,26.30,51.70
5414,26.30,51.90
5415,26.30,51.90
5416,26.30,51.90
5417,26.30,51.90
5418,26.30,51.90
5419,26.30,51.90
5420,26.30,52.10
5421,26.30,52.20
5422,26.30,52.30
5423,26.30,52.20
5424,26.30,52.20
5425,26.30,52.00
5426,26.30,51.90
5427,26.30,51.90
5428,26.30,51.80
5429,26.30,51.80
5430,26.40,51.70
5431,26.30,51.70
5432,26.30,51.70
5433,26.30,51.70
5434,26.30,51.80
5435,26.30,51.90
5436,26.30,52.00
5437,26.30,52.00
5438,26.30,52.00
5439,26.30,52.10
5440,26.30,52.10
5441,26.30,52.10
5442,26.30,52.20
5443,26.30,52.10
5444,26.30,52.20
5445,26.30,52.20
5446,26.30,52.20
5447,26.30,52.10
5448,26.30,52.10
5449,26.30,52.10
5450,26.30,52.00
5451,26.30,52.00
5452,26.30,52.20
5453,26.30,52.10
5454,26.30,52.20
5455,26.30,52.10
5456,26.30,52.10
5457,26.40,52.10
5458,26.30,52.00
5459,26.40,52.10
5460,26.40,52.20
5461,26.30,52.30
5462,26.40,52.30
5463,26.30,52.20
5464,26.30,52.00
5465,26.30,52.00
5466,26.30,52.00
5467,26.30,52.10
5468,26.30,52.10
5469,26.40,52.20
5470,26.40,52.00
5471,26.40,51.90
5472,26.40,51.90
5473,26.40,52.00
5474,26.40,52.00
5475,26.40,52.20
5476,26.40,52.20
5477,26.40,52.20
5478,26.40,52.00
5479,26.40,51.90
5480,26.40,52.00
5481,26.30,52.00
5482,26.40,52.10
5483,26.40,52.20
5484,26.40,52.40
5485,26.40,52.30
5486,26.40,52.30
5487,26.40,52.30
5488,26.40,52.50
5489,26.40,52.50
5490,26.40,52.50
5491,26.40,52.40
5492,26.40,52.40
5493,26.40,52.50
5494,26.40,52.50
5495,26.40,52.60
5496,26.40,52.50
5497,26.40,52.60
5498,26.40,52.60
5499,26.40,52.60
5500,26.40,52.50
5501,26.40,52.50
5502,26.40,52.50
5503,26.40,52.60
5504,26.40,52.60
5505,26.40,52.70
5506,26.40,52.90
5507,26.40,52.80
5508,26.40,52.80
5509,26.40,52.80
5510,26.40,52.70
5511,26.40,52.60
5512,26.40,52.50
5513,26.50,52.50
5514,26.40,52.50
5515,26.50,52.50
5516,26.40,52.40
5517,26.50,52.50
5518,26.40,52.30
5519,26.50,52.50
5520,26.40,52.40
5521,26.50,52.40
5522,26.40,52.40
5523,26.50,52.40
5524,26.40,52.40
5525,26.50,52.40
5526,26.40,52.40
5527,26.50,52.40
5528,26.40,52.40
5529,26.50,52.40
5530,26.50,52.50
5531,26.50,52.60
5532,26.50,52.50
5533,26.50,52.50
5534,26.50,52.40
5535,26.50,52.30
5536,26.50,52.30
5537,26.50,52.20
5538,26.50,52.30
5539,26.50,52.30
5540,26.50,52.30
5541,26.50,52.20
5542,26.50,52.20
5543,26.40,52.20
5544,26.50,52.30
5545,26.50,52.40
5546,26.40,52.60
5547,26.50,52.70
5548,26.50,52.80
5549,26.50,52.70
5550,26.50,52.70
5551,26.50,52.70
5552,26.50,52.70
5553,26.50,52.90
5554,26.50,52.90
5555,26.50,52.90
5556,26.50,53.00
5557,26.50,52.90
5558,26.50,52.90
5559,26.50,53.00
5560,26.50,53.00
5561,26.50,52.90
5562,26.50,52.90
5563,26.50,52.90
5564,26.50,52.80
5565,26.50,52.80
5566,26.50,52.90
5567,26.50,52.90
5568,26.50,52.90
5569,26.50,52.90
5570,26.50,52.90
5571,26.50,52.90
5572,26.50,52.80
5573,26.50,52.70
5574,26.50,52.60
5575,26.50,52.60
5576,26.50,52.50
5577,26.50,52.50
5578,26.50,52.40
5579,26.50,52.40
5580,26.50,52.40
5581,26.50,52.50
5582,26.50,52.50
5583,26.50,52.50
5584,26.50,52.50
5585,26.50,52.50
5586,26.50,52.50
5587,26.50,52.60
5588,26.50,52.50
5589,26.50,52.50
5590,26.50,52.60
5591,26.50,52.60
5592,26.50,52.60
5593,26.50,52.80
5594,26.50,53.00
5595,26.50,53.10
5596,26.50,53.10
5597,26.50,53.30
5598,26.50,53.30
5599,26.50,53.30
5600,26.50,53.40
5601,26.50,53.30
5602,26.50,53.20
5603,26.50,53.20
5604,26.50,53.20
5605,26.50,53.20
5606,26.50,53.30
5607,26.50,53.50
5608,26.50,53.40
5609,26.50,53.30
5610,26.50,53.30
5611,26.50,53.30
5612,26.50,53.30
5613,26.50,53.20
5614,26.50,53.20
5615,26.50,53.30
5616,26.50,53.20
5617,26.50,53.20
5618,26.50,53.20
5619,26.50,53.20
5620,26.50,53.20
5621,26.50,53.30
5622,26.50,53.40
5623,26.50,53.30
5624,26.50,53.30
5625,26.50,53.30
5626,26.50,53.30
5627,26.60,53.50
5628,26.50,53.40
5629,26.60,53.40
5630,26.50,53.30
5631,26.50,53.40
5632,26.50,53.50
5633,26.60,53.40
5634,26.60,53.40
5635,26.60,53.20
5636,26.50,53.10
5637,26.50,52.90
5638,26.60,52.90
5639,26.50,53.00
5640,26.50,53.10
5641,26.50,53.10
5642,26.60,53.20
5643,26.60,53.20
5644,26.60,53.20
5645,26.60,53.30
5646,26.60,53.40
5647,26.60,53.50
5648,26.50,53.60
5649,26.50,53.60
5650,26.50,53.60
5651,26.60,53.60
5652,26.50,53.50
5653,26.60,53.40
5654,26.60,53.20
5655,26.60,53.00
5656,26.60,53.10
5657,26.50,53.20
5658,26.60,53.20
5659,26.60,53.10
5660,26.60,53.00
5661,26.60,53.00
5662,26.60,52.80
5663,26.60,52.80
5664,26.60,52.80
5665,26.50,52.80
5666,26.60,52.70
5667,26.60,52.80
5668,26.60,52.90
5669,26.60,52.90
5670,26.50,53.00
5671,26.60,52.90
5672,26.50,53.00
5673,26.50,53.10
5674,26.50,53.20
5675,26.50,53.20
5676,26.50,53.20
5677,26.50,53.20
5678,26.60,53.30
5679,26.50,53.20
5680,26.50,53.30
5681,26.50,53.20
5682,26.60,53.20
5683,26.50,53.40
5684,26.50,53.40
5685,26.50,53.40
5686,26.60,53.50
5687,26.50,53.50
5688,26.50,53.60
5689,26.50,53.70
5690,26.50,53.70
5691,26.60,53.80
5692,26.60,53.80
5693,26.60,53.70
5694,26.50,53.80
5695,26.60,53.90
5696,26.60,53.90
5697,26.50,53.90
5698,26.60,53.80
5699,26.60,54.00
5700,26.60,54.00
5701,26.60,54.00
5702,26.50,53.90
5703,26.60,53.80
5704,26.60,53.90
5705,26.60,53.90
5706,26.60,53.90
5707,26.60,54.00
5708,26.60,53.90
5709,26.60,53.90
5710,26.60,53.80
5711,26.60,53.80
5712,26.60,53.80
5713,26.60,53.80
5714,26.60,53.70
5715,26.60,53.80
5716,26.60,53.80
5717,26.60,53.80
5718,26.60,53.70
5719,26.60,53.70
5720,26.60,53.70
5721,26.60,53.80
5722,26.60,53.70
5723,26.60,53.80
5724,26.60,53.80
5725,26.60,53.80
5726,26.60,53.90
5727,26.60,54.00
5728,26.60,54.20
5729,26.60,54.20
5730,26.60,54.40
5731,26.70,54.40
5732,26.60,54.50
5733,26.60,54.60
5734,26.70,54.60
5735,26.70,54.60
5736,26.70,54.60
5737,26.60,54.70
5738,26.70,54.70
5739,26.70,54.80
5740,26.70,54.90
5741,26.70,54.90
5742,26.70,55.00
5743,26.70,55.10
5744,26.70,55.20
5745,26.70,55.20
5746,26.70,55.10
5747,26.70,55.20
5748,26.70,55.20
5749,26.70,55.20
5750,26.70,55.20
5751,26.70,55.40
5752,26.70,55.40
5753,26.70,55.50
5754,26.70,55.50
5755,26.70,55.50
5756,26.70,55.50
5757,26.70,55.50
5758,26.70,55.60
5759,26.70,55.60
5760,26.70,55.60
5761,26.70,55.70
5762,26.70,55.90
5763,26.70,56.00
5764,26.70,56.20
5765,26.70,56.20
5766,26.70,56.30
5767,26.70,56.20
5768,26.70,56.20
5769,26.80,56.20
5770,26.70,56.10
5771,26.80,56.20
5772,26.80,56.20
5773,26.80,56.10
5774,26.80,56.20
5775,26.70,56.30
5776,26.80,56.30
5777,26.80,56.20
5778,26.70,56.20
5779,26.80,56.20
5780,26.80,56.20
5781,26.70,56.20
5782,26.80,56.20
5783,26.80,56.20
5784,26.80,56.20
5785,26.80,56.30
5786,26.80,56.30
5787,26.80,56.40
5788,26.80,56.30
5789,26.80,56.40
5790,26.80,56.40
5791,26.80,56.50
5792,26.70,56.50
5793,26.80,56.50
5794,26.80,56.50
5795,26.80,56.50
5796,26.80,56.60
5797,26.80,56.60
5798,26.80,56.60
5799,26.80,56.60
5800,26.80,56.70
5801,26.80,56.70
5802,26.80,56.70
5803,26.80,56.70
5804,26.80,56.80
5805,26.80,56.70
5806,26.80,56.70
5807,26.80,56.70
5808,26.80,56.70
5809,26.80,56.80
5810,26.80,56.70
5811,26.80,56.70
5812,26.80,56.70
5813,26.80,56.80
5814,26.80,56.80
5815,26.80,56.80
5816,26.80,56.80
5817,26.80,56.80
5818,26.90,56.80
5819,26.90,56.80
5820,26.90,56.70
5821,26.80,56.70
5822,26.90,56.70
5823,26.90,56.70
5824,26.90,56.80
5825,26.90,56.70
5826,26.90,56.80
5827,26.80,56.80
5828,26.90,56.80
5829,26.80,56.80
5830,26.80,56.90
5831,26.90,56.80
5832,26.90,56.80
5833,26.90,56.80
5834,26.90,56.70
5835,26.90,56.70
5836,26.90,56.70
5837,26.90,56.70
5838,26.90,56.60
5839,26.90,56.50
5840,26.90,56.40
5841,26.90,56.40
5842,26.90,56.40
5843,26.90,56.40
5844,26.90,56.50
5845,26.90,56.60
5846,26.90,56.50
5847,26.90,56.50
5848,26.90,56.60
5849,26.90,56.30
5850,26.90,56.30
5851,26.90,56.20
5852,26.90,56.20
5853,26.90,56.20
5854,26.90,56.20
5855,26.90,56.10
5856,26.90,56.10
5857,26.90,56.00
5858,26.90,56.10
5859,26.90,56.20
5860,26.80,56.20
5861,26.90,56.40
5862,26.80,56.50
5863,26.90,56.60
5864,26.90,56.60
5865,26.90,56.50
5866,26.90,56.60
5867,26.90,56.50
5868,26.90,56.40
5869,26.90,56.30
5870,26.80,56.40
5871,26.90,56.30
5872,26.90,56.50
5873,26.80,56.70
5874,26.90,56.60
5875,26.90,56.50
5876,26.90,56.30
5877,26.90,56.30
5878,26.90,56.40
5879,26.90,56.50
5880,26.90,56.50
5881,26.80,56.50
5882,26.80,56.40
5883,26.90,56.30
5884,26.80,56.40
5885,26.90,56.40
5886,26.80,56.40
5887,26.90,56.50
5888,26.80,56.50
5889,26.80,56.30
5890,26.80,56.30
5891,26.90,56.30
5892,26.80,56.50
5893,26.80,56.50
5894,26.90,56.60
5895,26.80,56.60
5896,26.90,56.60
5897,26.80,56.50
5898,26.90,56.50
5899,26.80,56.60
5900,26.90,56.50
5901,26.90,56.50
5902,26.90,56.60
5903,26.90,56.50
5904,26.80,56.50
5905,26.80,56.60
5906,26.80,56.60
5907,26.80,56.50
5908,26.90,56.50
5909,26.90,56.40
5910,26.90,56.20
5911,26.90,56.10
5912,26.90,56.00
5913,26.80,56.00
5914,26.80,56.00
5915,26.90,56.00
5916,26.80,56.20
5917,26.80,56.30
5918,26.80,56.40
5919,26.80,56.40
5920,26.90,56.30
5921,26.90,56.30
5922,26.80,56.30
5923,26.90,56.40
5924,26.80,56.50
5925,26.80,56.60
5926,26.80,56.60
5927,26.80,56.60
5928,26.80,56.70
5929,26.80,56.70
5930,26.80,56.70
5931,26.80,56.70
5932,26.80,56.80
5933,26.80,56.80
5934,26.80,57.00
5935,26.80,56.90
5936,26.80,57.00
5937,26.80,57.10
5938,26.80,57.20
5939,26.90,57.20
5940,26.80,57.30
5941,26.80,57.40
5942,26.90,57.20
5943,26.80,57.30
5944,26.80,57.50
5945,26.80,57.60
5946,26.90,57.60
5947,26.80,57.70
5948,26.90,57.60
5949,26.90,57.60
5950,26.90,57.60
5951,26.90,57.70
5952,26.90,57.60
5953,26.80,57.70
5954,26.80,57.80
5955,26.90,57.70
5956,26.80,57.70
5957,26.90,57.70
5958,26.90,57.60
5959,26.90,57.70
5960,26.90,57.60
5961,26.90,57.60
5962,26.90,57.60
5963,26.90,57.60
5964,26.90,57.60
5965,26.90,57.70
5966,26.90,57.80
5967,26.90,57.80
5968,26.90,58.00
5969,26.90,58.20
5970,26.80,58.40
5971,26.90,58.50
5972,26.90,58.50
5973,26.90,58.40
5974,26.90,58.30
5975,26.90,58.20
5976,26.90,58.20
5977,26.90,58.20
5978,26.90,58.20
5979,26.90,58.20
5980,26.90,58.20
5981,26.90,58.20
5982,26.90,58.20
5983,26.90,58.20
5984,26.90,58.20
5985,26.90,58.10
5986,26.90,58.20
5987,26.90,58.20
5988,26.90,58.30
5989,26.90,58.30
5990,26.90,58.30
5991,26.90,58.40
5992,26.90,58.40
5993,26.90,58.40
5994,26.90,58.40
5995,26.90,58.40
5996,26.90,58.50
5997,26.90,58.50
5998,26.90,58.60
5999,26.90,58.70
6000,26.90,58.70
6001,26.90,58.70
6002,26.90,58.80
6003,26.90,58.70
6004,26.90,58.80
6005,26.90,58.70
6006,26.90,58.80
6007,27.00,58.80
6008,26.90,58.80
6009,26.90,58.70
6010,26.90,58.70
6011,26.90,58.70
6012,26.90,58.80
6013,26.90,58.80
6014,26.90,58.80
6015,26.90,58.80
6016,26.90,58.80
6017,26.90,58.90
6018,26.90,58.80
6019,26.90,58.90
6020,26.90,58.80
6021,26.90,58.80
6022,26.90,58.80
6023,26.90,58.80
6024,26.90,58.80
6025,26.90,58.90
6026,27.00,58.90
6027,27.00,58.90
6028,27.00,58.80
6029,27.00,59.00
6030,27.00,59.00
6031,26.90,58.90
6032,27.00,58.80
6033,26.90,58.80
6034,27.00,58.80
6035,26.90,58.80
6036,26.90,58.80
6037,27.00,58.80
6038,27.00,58.80
6039,26.90,58.90
6040,26.90,58.90
6041,26.90,58.90
6042,27.00,58.80
6043,27.00,58.80
6044,27.00,58.80
6045,26.90,58.80
6046,26.90,58.90
6047,27.00,58.90
6048,26.90,58.90
6049,27.00,58.90
6050,26.90,59.00
6051,27.00,59.00
6052,27.00,58.90
6053,26.90,58.90
6054,26.90,59.00
6055,26.90,58.90
6056,27.00,58.90
6057,26.90,58.70
6058,26.90,58.50
6059,26.90,58.40
6060,26.90,58.30
6061,26.90,58.20
6062,26.90,58.10
6063,27.00,58.10
6064,27.00,58.10
6065,27.00,58.10
6066,26.90,58.10
6067,26.90,58.30
6068,26.90,58.30
6069,26.90,58.30
6070,26.90,58.40
6071,26.90,58.40
6072,27.00,58.40
6073,26.90,58.30
6074,26.90,58.40
6075,26.90,58.50
6076,27.00,58.60
6077,26.90,58.50
6078,26.90,58.40
6079,26.90,58.50
6080,26.90,58.50
6081,27.00,58.50
6082,26.90,58.50
6083,26.90,58.60
6084,26.90,58.60
6085,26.90,58.60
6086,27.00,58.60
6087,26.90,58.80
6088,27.00,58.70
6089,26.90,58.70
6090,26.90,58.60
6091,27.00,58.40
6092,26.90,58.50
6093,26.90,58.50
6094,27.00,58.60
6095,26.90,58.60
6096,27.00,58.60
6097,27.00,58.60
6098,26.90,58.70
6099,26.90,58.80
6100,26.90,58.80
6101,27.00,58.70
6102,27.00,58.60
6103,26.90,58.50
6104,26.90,58.30
6105,26.90,58.30
6106,26.90,58.10
6107,26.90,58.20
6108,26.90,58.10
6109,26.90,58.00
6110,26.90,58.00
6111,26.90,58.00
6112,26.90,58.10
6113,26.90,58.00
6114,26.90,57.80
6115,27.00,57.80
6116,26.90,57.70
6117,26.90,57.60
6118,26.90,57.70
6119,27.00,57.80
6120,26.90,58.00
6121,26.90,57.90
6122,26.90,57.90
6123,26.90,58.00
6124,26.90,58.00
6125,26.90,58.10
6126,26.90,58.10
6127,26.90,58.20
6128,26.90,58.20
6129,26.90,58.20
6130,26.90,58.30
6131,26.90,58.40
6132,26.90,58.40
6133,26.90,58.40
6134,26.90,58.20
6135,26.90,58.10
6136,26.90,58.00
6137,26.90,58.00
6138,26.90,58.20
6139,26.90,58.30
6140,26.90,58.40
6141,26.90,58.30
6142,26.90,58.40
6143,26.90,58.40
6144,26.90,58.50
6145,26.90,58.60
6146,26.90,58.60
6147,26.90,58.60
6148,26.90,58.50
6149,26.90,58.50
6150,26.90,58.30
6151,26.90,58.40
6152,26.90,58.30
6153,26.90,58.30
6154,26.90,58.00
6155,26.90,58.00
6156,26.90,58.10
6157,26.90,58.20
6158,26.90,58.20
6159,26.90,58.30
6160,26.90,58.30
6161,26.90,58.30
6162,26.90,58.30
6163,26.90,58.30
6164,26.90,58.20
6165,26.90,58.30
6166,26.90,58.20
6167,26.90,58.20
6168,26.90,58.20
6169,26.90,58.30
6170,26.90,58.20
6171,26.90,58.20
6172,26.90,58.30
6173,26.90,58.30
6174,26.90,58.20
6175,26.90,58.30
6176,26.90,58.20
6177,26.90,58.10
6178,27.00,57.90
6179,26.90,57.90
6180,26.90,57.70
6181,26.90,57.60
6182,26.90,57.50
6183,26.90,57.40
6184,26.90,57.50
6185,27.00,57.40
6186,26.90,57.40
6187,26.90,57.40
6188,26.90,57.30
6189,26.90,57.50
6190,26.90,57.50
6191,27.00,57.60
6192,27.00,57.50
6193,27.00,57.50
6194,27.00,57.40
6195,27.00,57.30
6196,27.00,57.40
6197,26.90,57.20
6198,27.00,57.10
6199,27.00,57.00
6200,27.00,56.80
6201,26.90,56.80
6202,27.00,56.70
6203,27.00,56.60
6204,26.90,56.70
6205,27.00,56.60
6206,26.90,56.80
6207,26.90,56.90
6208,26.90,57.10
6209,27.00,57.10
6210,26.90,57.10
6211,26.90,57.40
6212,26.90,57.50
6213,26.90,57.50
6214,26.90,57.50
6215,26.90,57.40
6216,26.90,57.30
6217,26.90,57.30
6218,26.90,57.60
6219,26.90,57.80
6220,26.90,57.80
6221,26.90,57.90
6222,26.90,57.90
6223,26.90,57.90
6224,26.90,57.90
6225,26.90,57.90
6226,26.90,57.80
6227,26.90,57.60
6228,26.90,57.60
6229,26.90,57.60
6230,26.90,57.50
6231,26.90,57.40
6232,27.00,57.60
6233,27.00,57.70
6234,26.90,57.80
6235,26.90,57.80
6236,26.90,57.80
6237,26.90,57.90
6238,27.00,57.90
6239,26.90,57.90
6240,26.90,57.90
6241,27.00,58.00
6242,27.00,58.00
6243,26.90,58.00
6244,26.90,57.90
6245,27.00,58.00
6246,26.90,57.90
6247,27.00,57.60
6248,27.00,57.50
6249,27.00,57.30
6250,26.90,57.20
6251,27.00,57.20
6252,27.00,57.30
6253,27.00,57.60
6254,27.00,57.70
6255,27.00,57.60
6256,27.00,57.50
6257,27.00,57.20
6258,27.00,57.10
6259,27.00,57.00
6260,27.00,56.90
6261,27.00,56.80
6262,27.00,56.80
6263,27.00,56.80
6264,27.00,57.00
6265,26.90,57.00
6266,27.00,56.90
6267,27.00,56.70
6268,27.00,56.80
6269,27.00,57.00
6270,27.00,57.20
6271,27.00,57.20
6272,27.00,57.00
6273,27.00,57.00
6274,27.00,56.90
6275,27.00,56.90
6276,27.00,56.90
6277,27.00,56.90
6278,27.00,56.90
6279,27.00,57.10
6280,27.00,57.30
6281,27.00,57.40
6282,27.00,57.40
6283,27.00,57.50
6284,27.00,57.50
6285,27.00,57.60
6286,27.00,57.60
6287,27.00,57.60
6288,27.00,57.60
6289,27.00,57.60
6290,27.00,57.60
6291,27.00,57.70
6292,27.00,57.70
6293,27.00,57.70
6294,27.00,57.70
6295,27.00,57.60
6296,27.00,57.60
6297,27.00,57.50
6298,27.00,57.60
6299,27.00,57.60
6300,27.00,57.50
6301,27.00,57.60
6302,27.00,57.60
6303,27.00,57.60
6304,27.00,57.60
6305,27.00,57.60
6306,27.00,57.60
6307,27.00,57.70
6308,27.00,57.60
6309,27.00,57.60
6310,27.00,57.60
6311,27.00,57.60
6312,27.00,57.70
6313,27.00,57.60
6314,27.00,57.60
6315,27.00,57.50
6316,27.00,57.40
6317,27.00,57.20
6318,27.00,57.00
6319,27.00,56.90
6320,27.00,56.90
6321,27.00,56.80
6322,27.00,56.90
6323,27.10,57.10
6324,27.00,57.10
6325,27.10,57.20
6326,27.10,57.20
6327,27.10,57.30
6328,27.00,57.30
6329,27.00,57.30
6330,27.10,57.30
6331,27.10,57.20
6332,27.10,57.10
6333,27.10,57.10
6334,27.10,57.10
6335,27.10,56.90
6336,27.10,57.00
6337,27.10,56.90
6338,27.10,57.00
6339,27.10,57.00
6340,27.10,57.00
6341,27.10,57.00
6342,27.10,57.00
6343,27.10,56.80
6344,27.10,56.70
6345,27.10,56.70
6346,27.10,56.70
6347,27.10,56.70
6348,27.10,56.80
6349,27.10,56.80
6350,27.10,56.70
6351,27.10,56.80
6352,27.10,56.90
6353,27.10,56.90
6354,27.10,56.90
6355,27.10,56.90
6356,27.10,57.00
6357,27.10,57.00
6358,27.10,56.70
6359,27.10,56.50
6360,27.10,56.50
6361,27.10,56.70
6362,27.10,56.80
6363,27.10,56.80
6364,27.10,56.90
6365,27.10,56.80
6366,27.10,56.60
6367,27.10,56.30
6368,27.10,56.10
6369,27.10,56.00
6370,27.10,55.90
6371,27.10,55.90
6372,27.10,56.00
6373,27.10,56.00
6374,27.00,56.00
6375,27.10,56.10
6376,27.10,56.10
6377,27.10,56.20
6378,27.10,56.20
6379,27.10,56.10
6380,27.10,56.10
6381,27.10,56.20
6382,27.10,56.30
6383,27.00,56.50
6384,27.00,56.50
6385,27.10,56.20
6386,27.00,56.20
6387,27.10,56.10
6388,27.00,56.00
6389,27.00,56.00
6390,27.00,56.00
6391,27.00,56.10
6392,27.00,56.00
6393,27.00,55.90
6394,27.00,55.90
6395,27.00,55.90
6396,27.00,55.80
6397,27.00,56.00
6398,27.00,56.00
6399,27.00,56.00
6400,27.00,55.90
6401,27.00,55.80
6402,27.00,55.90
6403,27.00,56.00
6404,27.00,56.20
6405,27.00,56.30
6406,27.00,56.30
6407,27.00,56.30
6408,27.00,56.30
6409,27.00,56.40
6410,27.00,56.60
6411,27.00,56.80
6412,27.00,56.90
6413,26.90,57.10
6414,26.90,57.10
6415,27.00,57.10
6416,27.00,57.10
6417,27.00,57.10
6418,27.00,57.10
6419,26.90,56.80
6420,26.90,56.70
6421,26.90,56.60
6422,26.90,56.60
6423,26.90,56.50
6424,26.90,56.50
6425,27.00,56.50
6426,26.90,56.40
6427,27.00,56.40
6428,27.00,56.50
6429,27.00,56.70
6430,27.00,56.90
6431,26.90,57.00
6432,27.00,57.10
6433,27.00,56.90
6434,26.90,56.80
6435,26.90,56.60
6436,26.90,56.60
6437,27.00,56.70
6438,26.90,56.70
6439,27.00,56.70
6440,26.90,56.80
6441,27.00,56.80
6442,27.00,56.80
6443,26.90,56.80
6444,26.90,56.90
6445,27.00,57.00
6446,27.00,57.10
6447,27.00,57.20
6448,27.00,57.20
6449,26.90,57.30
6450,27.00,57.20
6451,27.00,57.30
6452,26.90,57.30
6453,27.00,57.30
6454,27.00,57.30
6455,27.00,57.10
6456,27.00,57.00
6457,27.00,57.00
6458,27.00,57.00
6459,27.00,57.00
6460,27.00,57.10
6461,27.00,57.10
6462,27.00,57.10
6463,27.00,57.10
6464,27.00,56.90
6465,27.00,56.70
6466,27.00,56.50
6467,27.00,56.40
6468,27.00,56.40
6469,27.00,56.40
6470,27.00,56.50
6471,27.00,56.70
6472,27.00,56.70
6473,27.00,56.70
6474,27.00,56.70
6475,27.00,56.60
6476,27.00,56.60
6477,27.00,56.60
6478,27.00,56.60
6479,27.00,56.30
6480,27.00,56.10
6481,27.00,56.00
6482,27.00,56.00
6483,27.00,55.90
6484,27.00,55.90
6485,27.00,55.90
6486,27.00,55.90
6487,27.00,55.90
6488,27.00,56.00
6489,27.00,56.30
6490,27.00,56.50
6491,27.00,56.70
6492,27.00,56.60
6493,27.00,56.80
6494,27.00,56.80
6495,27.00,56.70
6496,27.00,56.50
6497,27.00,56.40
6498,27.00,56.30
6499,27.00,56.30
6500,27.00,56.50
6501,27.00,56.70
6502,27.00,56.90
6503,27.00,57.10
6504,27.00,57.10
6505,27.00,57.10
6506,27.00,57.10
6507,27.00,57.00
6508,27.00,57.00
6509,27.00,57.00
6510,27.00,57.00
6511,27.00,57.00
6512,27.00,56.90
6513,27.00,56.80
6514,27.00,56.50
6515,27.00,56.50
6516,27.00,56.50
6517,27.00,56.40
6518,27.00,56.40
6519,27.00,56.30
6520,27.00,56.30
6521,27.10,56.30
6522,27.00,56.50
6523,27.00,56.70
6524,27.10,56.70
6525,27.00,56.90
6526,27.10,56.90
6527,27.00,56.90
6528,27.00,56.90
6529,27.10,56.90
6530,27.00,56.90
6531,27.10,56.90
6532,27.00,56.70
6533,27.00,56.70
6534,27.00,56.70
6535,27.00,56.70
6536,27.00,56.80
6537,27.00,56.80
6538,27.00,56.70
6539,27.10,56.50
6540,27.00,56.40
6541,27.10,56.20
6542,27.00,56.10
6543,27.10,56.00
6544,27.10,56.00
6545,27.00,56.00
6546,27.00,56.20
6547,27.10,56.30
6548,27.10,56.50
6549,27.10,56.50
6550,27.10,56.50
6551,27.10,56.50
6552,27.00,56.50
6553,27.10,56.60
6554,27.10,56.60
6555,27.10,56.60
6556,27.10,56.60
6557,27.00,56.60
6558,27.10,56.60
6559,27.10,56.50
6560,27.10,56.50
6561,27.10,56.40
6562,27.00,56.40
6563,27.10,56.40
6564,27.10,56.50
6565,27.10,56.60
6566,27.10,56.60
6567,27.10,56.60
6568,27.00,56.60
6569,27.10,56.60
6570,27.10,56.60
6571,27.10,56.60
6572,27.10,56.60
6573,27.10,56.40
6574,27.10,56.50
6575,27.10,56.50
6576,27.00,56.40
6577,27.10,56.40
6578,27.10,56.40
6579,27.10,56.30
6580,27.10,56.40
6581,27.10,56.20
6582,27.10,56.10
6583,27.10,56.30
6584,27.10,56.10
6585,27.10,56.00
6586,27.10,56.10
6587,27.10,56.10
6588,27.10,56.00
6589,27.10,55.90
6590,27.10,55.80
6591,27.10,55.70
6592,27.10,55.60
6593,27.10,55.60
6594,27.10,55.50
6595,27.10,55.50
6596,27.10,55.60
6597,27.10,55.60
6598,27.10,55.60
6599,27.10,55.50
6600,27.10,55.30
6601,27.10,55.40
6602,27.10,55.60
6603,27.10,55.80
6604,27.10,55.90
6605,27.10,56.00
6606,27.10,56.00
6607,27.10,56.00
6608,27.10,56.10
6609,27.10,56.00
6610,27.10,56.00
6611,27.10,56.00
6612,27.10,56.00
6613,27.10,56.10
6614,27.10,56.10
6615,27.10,56.10
6616,27.10,56.10
6617,27.10,56.10
6618,27.10,56.10
6619,27.10,56.10
6620,27.10,56.00
6621,27.10,55.80
6622,27.10,55.60
6623,27.10,55.50
6624,27.10,55.40
6625,27.10,55.40
6626,27.10,55.50
6627,27.10,55.60
6628,27.10,55.70
6629,27.10,55.70
6630,27.10,55.60
6631,27.10,55.80
6632,27.10,55.70
6633,27.10,55.50
6634,27.10,55.40
6635,27.10,55.30
6636,27.10,55.20
6637,27.10,55.20
6638,27.10,55.20
6639,27.10,55.20
6640,27.10,55.20
6641,27.10,55.20
6642,27.10,55.30
6643,27.10,55.20
6644,27.10,55.30
6645,27.10,55.30
6646,27.10,55.40
6647,27.10,55.50
6648,27.10,55.60
6649,27.10,55.60
6650,27.10,55.70
6651,27.10,55.70
6652,27.10,55.70
6653,27.10,55.70
6654,27.10,55.90
6655,27.10,55.80
6656,27.10,55.80
6657,27.10,55.80
6658,27.10,55.80
6659,27.10,55.90
6660,27.10,55.90
6661,27.10,55.90
6662,27.10,55.90
6663,27.10,55.90
6664,27.10,55.90
6665,27.10,55.90
6666,27.10,55.90
6667,27.10,55.90
6668,27.10,55.90
6669,27.10,55.90
6670,27.10,55.80
6671,27.10,55.80
6672,27.10,55.80
6673,27.10,55.80
6674,27.10,55.60
6675,27.10,55.40
6676,27.10,55.50
6677,27.10,55.40
6678,27.10,55.30
6679,27.10,55.40
6680,27.10,55.50
6681,27.10,55.60
6682,27.10,55.60
6683,27.10,55.60
6684,27.10,55.70
6685,27.10,55.70
6686,27.10,55.60
6687,27.10,55.40
6688,27.10,55.40
6689,27.10,55.30
6690,27.10,55.20
6691,27.10,55.10
6692,27.10,55.20
6693,27.10,55.20
6694,27.10,55.00
6695,27.10,54.90
6696,27.10,54.80
6697,27.10,54.80
6698,27.10,54.70
6699,27.10,54.90
6700,27.10,55.10
6701,27.10,55.10
6702,27.10,55.20
6703,27.10,55.20
6704,27.10,55.30
6705,27.10,55.40
6706,27.10,55.50
6707,27.10,55.50
6708,27.10,55.50
6709,27.10,55.60
6710,27.10,55.60
6711,27.20,55.50
6712,27.10,55.60
6713,27.10,55.60
6714,27.10,55.60
6715,27.10,55.60
6716,27.10,55.60
6717,27.10,55.60
6718,27.10,55.60
6719,27.10,55.20
6720,27.10,55.10
6721,27.10,55.20
6722,27.10,54.90
6723,27.10,54.80
6724,27.20,54.80
6725,27.10,54.70
6726,27.10,54.90
6727,27.20,55.00
6728,27.10,55.10
6729,27.10,55.20
6730,27.10,55.20
6731,27.20,55.10
6732,27.10,55.00
6733,27.10,54.90
6734,27.20,54.70
6735,27.20,54.60
6736,27.20,54.50
6737,27.10,54.50
6738,27.10,54.60
6739,27.10,54.70
6740,27.10,54.70
6741,27.10,54.70
6742,27.10,54.80
6743,27.20,54.90
6744,27.10,55.10
6745,27.20,55.10
6746,27.20,55.10
6747,27.10,55.20
6748,27.20,55.20
6749,27.10,55.20
6750,27.20,55.10
6751,27.20,55.10
6752,27.10,55.00
6753,27.10,55.10
6754,27.10,55.10
6755,27.10,55.20
6756,27.10,55.20
6757,27.10,55.10
6758,27.10,55.00
6759,27.10,55.00
6760,27.10,54.90
6761,27.10,54.80
6762,27.10,54.80
6763,27.10,54.60
6764,27.10,54.60
6765,27.10,54.50
6766,27.10,54.60
6767,27.10,54.60
6768,27.10,54.60
6769,27.10,54.60
6770,27.10,54.90
6771,27.10,55.10
6772,27.10,55.20
6773,27.10,55.30
6774,27.10,55.30
6775,27.10,55.30
6776,27.10,55.10
6777,27.10,55.00
6778,27.10,54.90
6779,27.10,55.00
6780,27.10,54.90
6781,27.10,54.90
6782,27.10,54.90
6783,27.10,54.80
6784,27.00,54.90
6785,27.10,54.80
6786,27.00,54.80
6787,27.10,54.80
6788,27.10,54.70
6789,27.10,54.70
6790,27.00,54.60
6791,27.10,54.60
6792,27.10,54.80
6793,27.10,54.90
6794,27.10,55.00
6795,27.10,55.10
6796,27.10,55.10
6797,27.10,55.10
6798,27.10,55.10
6799,27.00,55.10
6800,27.00,55.10
6801,27.10,54.90
6802,27.10,55.00
6803,27.00,55.00
6804,27.10,55.10
6805,27.10,55.20
6806,27.10,55.20
6807,27.10,55.20
6808,27.10,55.20
6809,27.10,55.00
6810,27.10,55.00
6811,27.10,54.90
6812,27.10,54.80
6813,27.10,54.80
6814,27.10,54.80
6815,27.10,54.80
6816,27.10,54.80
6817,27.10,54.80
6818,27.10,55.00
6819,27.10,55.00
6820,27.10,54.90
6821,27.10,55.00
6822,27.10,55.00
6823,27.10,55.00
6824,27.10,55.00
6825,27.10,54.80
6826,27.10,54.70
6827,27.10,54.60
6828,27.10,54.60
6829,27.10,54.40
6830,27.10,54.30
6831,27.10,54.20
6832,27.10,54.20
6833,27.10,54.20
6834,27.10,54.30
6835,27.10,54.30
6836,27.10,54.50
6837,27.10,54.40
6838,27.10,54.40
6839,27.10,54.40
6840,27.10,54.40
6841,27.10,54.40
6842,27.00,54.40
6843,27.10,54.50
6844,27.10,54.50
6845,27.10,54.50
6846,27.00,54.40
6847,27.00,54.50
6848,27.00,54.40
6849,27.00,54.50
6850,27.00,54.50
6851,27.10,54.40
6852,27.00,54.50
6853,27.00,54.50
6854,27.00,54.60
6855,27.10,54.70
6856,27.00,54.40
6857,27.10,54.20
6858,27.00,54.10
6859,27.00,54.00
6860,27.10,54.10
6861,27.00,54.10
6862,27.00,54.10
6863,27.00,54.00
6864,27.10,54.00
6865,27.00,53.90
6866,27.10,54.20
6867,27.10,54.40
6868,27.10,54.30
6869,27.00,54.40
6870,27.10,54.50
6871,27.10,54.30
6872,27.00,54.40
6873,27.10,54.40
6874,27.00,54.50
6875,27.10,54.50
6876,27.10,54.50
6877,27.10,54.70
6878,27.10,54.80
6879,27.10,54.90
6880,27.10,54.80
6881,27.10,54.70
6882,27.10,54.70
6883,27.10,54.60
6884,27.10,54.40
6885,27.10,54.30
6886,27.00,54.30
6887,27.10,54.30
6888,27.00,54.40
6889,27.10,54.60
6890,27.10,54.60
6891,27.10,54.70
6892,27.10,54.70
6893,27.10,54.60
6894,27.10,54.50
6895,27.10,54.40
6896,27.10,54.40
6897,27.00,54.40
6898,27.10,54.40
6899,27.00,54.30
6900,27.10,54.40
6901,27.10,54.30
6902,27.00,54.30
6903,27.00,54.30
6904,27.00,54.30
6905,27.10,54.40
6906,27.00,54.30
6907,27.00,54.60
6908,27.00,54.60
6909,27.00,54.60
6910,27.00,54.60
6911,27.00,54.60
6912,27.00,54.50
6913,27.00,54.30
6914,27.10,54.30
6915,27.00,54.10
6916,27.10,54.30
6917,27.00,54.20
6918,27.00,54.10
6919,27.00,54.10
6920,27.10,54.10
6921,27.10,54.10
6922,27.10,54.10
6923,27.00,54.20
6924,27.10,54.20
6925,27.10,54.10
6926,27.10,54.10
6927,27.10,54.10
6928,27.10,54.10
6929,27.10,54.20
6930,27.10,54.30
6931,27.10,54.30
6932,27.10,54.20
6933,27.10,54.10
6934,27.10,54.00
6935,27.10,54.00
6936,27.10,54.10
6937,27.10,54.10
6938,27.10,54.20
6939,27.10,54.20
6940,27.10,54.30
6941,27.10,54.50
6942,27.10,54.40
6943,27.10,54.20
6944,27.10,54.00
6945,27.10,53.90
6946,27.10,53.80
6947,27.10,53.70
6948,27.10,53.70
6949,27.10,53.70
6950,27.10,53.70
6951,27.20,53.60
6952,27.10,53.70
6953,27.20,53.80
6954,27.20,53.80
6955,27.10,53.80
6956,27.20,53.90
6957,27.20,53.90
6958,27.10,54.00
6959,27.20,54.00
6960,27.20,54.00
6961,27.20,54.10
6962,27.20,54.00
6963,27.20,53.90
6964,27.20,53.90
6965,27.20,53.80
6966,27.20,53.80
6967,27.20,53.70
6968,27.20,53.70
6969,27.10,53.70
6970,27.20,53.70
6971,27.20,53.60
6972,27.20,53.50
6973,27.20,53.50
6974,27.10,53.40
6975,27.20,53.30
6976,27.20,53.40
6977,27.20,53.30
6978,27.20,53.70
6979,27.20,53.60
6980,27.20,53.80
6981,27.20,53.90
6982,27.20,53.70
6983,27.20,53.70
6984,27.20,53.70
6985,27.20,53.70
6986,27.10,53.60
6987,27.10,53.80
6988,27.10,53.80
6989,27.10,53.80
6990,27.10,53.80
6991,27.20,53.80
6992,27.10,53.80
6993,27.10,53.90
6994,27.20,54.10
6995,27.10,54.30
6996,27.10,54.40
6997,27.10,54.40
6998,27.20,54.50
6999,27.10,54.40
7000,27.10,54.50
7001,27.10,54.60
7002,27.10,54.60
7003,27.10,54.70
7004,27.10,54.70
7005,27.10,54.70
7006,27.10,54.80
7007,27.10,54.90
7008,27.10,54.90
7009,27.10,54.90
7010,27.10,54.90
7011,27.10,54.80
7012,27.10,54.70
7013,27.10,54.80
7014,27.10,54.80
7015,27.10,54.90
7016,27.10,54.90
7017,27.10,54.80
7018,27.10,55.00
7019,27.10,55.00
7020,27.00,54.90
7021,27.10,54.90
7022,27.00,55.10
7023,27.00,55.10
7024,27.10,55.20
7025,27.00,55.10
7026,27.10,55.10
7027,27.00,55.10
7028,27.00,54.80
7029,27.10,54.50
7030,27.00,54.50
7031,27.00,54.60
7032,27.00,54.70
7033,27.00,54.80
7034,27.00,54.90
7035,27.00,54.70
7036,27.00,54.70
7037,27.00,54.60
7038,27.00,54.50
7039,27.10,54.50
7040,27.00,54.50
7041,27.00,54.50
7042,27.00,54.50
7043,27.00,54.60
7044,27.00,54.70
7045,27.00,54.80
7046,27.10,54.90
7047,27.00,55.00
7048,27.00,55.00
7049,27.00,55.10
7050,27.00,55.10
7051,27.00,55.20
7052,27.00,55.20
7053,27.00,55.20
7054,27.00,55.20
7055,27.00,55.20
7056,27.00,55.20
7057,27.00,55.20
7058,27.00,55.20
7059,27.00,55.10
7060,27.00,54.90
7061,27.00,54.80
7062,27.00,54.70
7063,27.00,54.80
7064,27.00,54.80
7065,27.00,54.80
7066,27.00,54.90
7067,27.00,55.00
7068,27.00,54.60
7069,27.00,54.30
7070,27.00,54.10
7071,27.00,54.10
7072,27.00,54.10
7073,27.00,54.10
7074,27.00,54.20
7075,27.00,54.30
7076,27.00,54.50
7077,27.00,54.70
7078,27.00,54.60
7079,27.00,54.70
7080,27.00,54.70
7081,27.00,54.70
7082,27.00,54.60
7083,27.00,54.60
7084,27.00,54.80
7085,27.00,54.70
7086,27.10,54.80
7087,27.00,54.90
7088,27.00,54.90
7089,27.10,55.00
7090,27.00,55.10
7091,27.00,55.00
7092,27.00,54.90
7093,27.00,54.80
7094,27.00,54.90
7095,27.00,54.90
7096,27.00,55.00
7097,27.00,55.00
7098,27.00,54.90
7099,27.00,55.00
7100,27.00,54.90
7101,27.00,55.00
7102,27.00,55.00
7103,27.00,55.20
7104,27.00,55.20
7105,27.00,55.30
7106,27.00,55.40
7107,27.00,55.50
7108,26.90,55.50
7109,27.00,55.60
7110,27.00,55.60
7111,26.90,55.60
7112,27.00,55.40
7113,27.00,55.20
7114,27.00,55.10
7115,27.00,55.10
7116,27.00,54.80
7117,26.90,54.60
7118,27.00,54.40
7119,27.00,54.40
7120,27.00,54.30
7121,27.00,54.20
7122,27.00,54.30
7123,27.00,54.20
7124,27.00,54.20
7125,27.00,54.20
7126,27.00,54.10
7127,27.00,54.10
7128,27.00,54.10
7129,27.00,54.00
7130,27.00,54.00
7131,27.00,53.90
7132,27.00,54.00
7133,27.00,53.90
7134,27.00,54.00
7135,27.00,54.00
7136,27.00,54.00
7137,27.00,54.00
7138,27.00,54.10
7139,27.00,54.30
7140,27.00,54.50
7141,27.00,54.60
7142,27.00,54.70
7143,27.00,54.80
7144,27.00,54.60
7145,27.00,54.50
7146,27.00,54.50
7147,27.00,54.40
7148,27.00,54.40
7149,27.00,54.50
7150,27.00,54.40
7151,27.00,54.50
7152,27.00,54.40
7153,27.00,54.50
7154,27.00,54.50
7155,27.00,54.60
7156,27.00,54.70
7157,27.00,54.70
7158,27.00,54.80
7159,27.00,54.80
7160,27.00,54.70
7161,27.00,54.70
7162,27.00,54.70
7163,27.00,54.60
7164,27.00,54.80
7165,27.00,54.90
7166,27.00,55.00
7167,27.00,55.00
7168,27.00,55.00
7169,27.00,55.00
7170,27.00,54.90
7171,27.00,54.90
7172,27.00,54.90
7173,27.00,55.00
7174,27.00,55.00
7175,27.00,55.10
7176,27.00,55.10
7177,27.00,55.00
7178,27.00,54.90
7179,27.00,54.80
7180,27.00,54.80
7181,27.00,54.80
7182,27.00,54.70
7183,27.00,54.60
7184,27.00,54.60
7185,27.00,54.40
7186,27.00,54.40
7187,27.00,54.40
7188,27.00,54.40
7189,27.00,54.40
7190,27.00,54.30
7191,27.00,54.30
7192,27.00,54.50
7193,27.00,54.60
7194,27.00,54.70
7195,27.00,54.80
7196,27.00,54.80
7197,27.00,55.00
7198,27.00,55.00
7199,27.00,55.00
7200,27.00,55.00
7201,27.00,55.10
7202,27.00,55.10
7203,27.00,55.10
7204,27.00,55.10
7205,27.00,55.20
7206,26.90,55.30
7207,27.00,55.20
7208,27.00,55.30
7209,26.90,55.10
7210,27.00,55.20
7211,26.90,55.20
7212,26.90,55.20
7213,27.00,55.20
7214,27.00,55.20
7215,27.00,55.20
7216,26.90,55.20
7217,26.90,55.10
7218,26.90,55.30
7219,27.00,55.30
7220,27.00,55.30
7221,27.00,55.30
7222,26.90,55.30
7223,26.90,55.30
7224,27.00,55.30
7225,27.00,55.30
7226,27.00,55.10
7227,26.90,55.00
7228,26.90,54.70
7229,27.00,54.90
7230,26.90,55.00
7231,27.00,54.90
7232,27.00,54.80
7233,27.00,54.90
7234,27.00,54.90
7235,27.00,54.90
7236,27.00,55.00
7237,27.00,55.00
7238,27.00,55.10
7239,27.00,55.00
7240,27.00,55.20
7241,27.00,55.20
7242,27.00,55.10
7243,27.00,55.20
7244,27.00,55.20
7245,27.00,55.00
7246,26.90,54.80
7247,27.00,54.80
7248,27.00,54.80
7249,27.00,54.80
7250,26.90,54.80
7251,27.00,54.80
7252,27.00,54.90
7253,27.00,54.90
7254,26.90,54.90
7255,27.00,54.80
7256,27.00,54.90
7257,27.00,54.90
7258,27.00,54.90
7259,27.00,54.90
7260,27.00,54.80
7261,27.00,54.80
7262,26.90,54.80
7263,27.00,54.80
7264,27.00,54.60
7265,26.90,54.70
7266,27.00,54.80
7267,26.90,54.80
7268,27.00,55.00
7269,27.00,54.80
7270,27.00,55.10
7271,26.90,55.00
7272,27.00,55.10
7273,27.00,55.10
7274,27.00,55.20
7275,27.00,55.00
7276,27.00,55.10
7277,27.00,55.20
7278,27.00,55.20
7279,27.00,55.20
7280,26.90,55.20
7281,27.00,55.30
7282,27.00,55.30
7283,26.90,55.30
7284,27.00,55.20
7285,26.90,55.20
7286,27.00,55.20
7287,27.00,55.20
7288,26.90,55.30
7289,27.00,55.10
7290,27.00,55.00
7291,26.90,55.10
7292,27.00,55.20
7293,27.00,55.20
7294,27.00,55.30
7295,27.00,55.20
7296,27.00,55.20
7297,27.00,55.30
7298,27.00,55.30
7299,26.90,55.20
7300,26.90,55.20
7301,26.90,55.20
7302,27.00,55.20
7303,26.90,55.20
7304,26.90,55.20
7305,26.90,55.00
7306,26.90,55.00
7307,26.90,54.90
7308,26.90,54.90
7309,26.90,54.80
7310,26.90,54.90
7311,26.90,55.00
7312,26.90,55.10
7313,26.90,55.30
7314,26.90,55.30
7315,26.90,55.40
7316,26.90,55.40
7317,26.90,55.50
7318,26.90,55.50
7319,26.90,55.50
7320,26.90,55.40
7321,26.90,55.30
7322,26.90,55.20
7323,26.90,55.10
7324,26.90,55.40
7325,26.90,55.40
7326,26.90,55.50
7327,26.90,55.50
7328,26.90,55.50
7329,26.90,55.50
7330,26.90,55.50
7331,27.00,55.50
7332,27.00,55.50
7333,26.90,55.60
7334,26.90,55.60
7335,26.90,55.60
7336,26.90,55.60
7337,26.90,55.60
7338,26.90,55.60
7339,26.90,55.60
7340,26.90,55.10
7341,26.90,54.80
7342,26.90,54.60
7343,26.90,54.60
7344,26.90,54.70
7345,26.90,54.90
7346,26.90,55.10
7347,26.90,55.00
7348,26.90,55.00
7349,26.90,54.90
7350,26.90,54.90
7351,26.90,55.00
7352,26.90,55.10
7353,27.00,55.10
7354,26.90,55.00
7355,27.00,55.10
7356,26.90,55.20
7357,26.90,55.30
7358,27.00,55.30
7359,27.00,55.40
7360,26.90,55.50
7361,26.90,55.40
7362,26.90,55.50
7363,27.00,55.50
7364,26.90,55.60
7365,26.90,55.60
7366,26.90,55.70
7367,26.90,55.60
7368,26.90,55.70
7369,26.90,55.60
7370,26.90,55.70
7371,26.90,55.80
7372,26.90,55.70
7373,26.90,55.60
7374,26.90,55.60
7375,26.90,55.60
7376,26.90,55.80
7377,27.00,55.80
7378,26.90,55.80
7379,26.90,55.70
7380,26.90,55.80
7381,26.90,55.80
7382,26.90,55.80
7383,26.90,55.80
7384,26.90,55.80
7385,26.90,55.70
7386,26.90,55.70
7387,26.90,55.70
7388,26.90,55.70
7389,26.90,55.70
7390,26.90,55.50
7391,26.90,55.40
7392,26.90,55.50
7393,26.90,55.50
7394,26.90,55.60
7395,26.90,55.60
7396,26.90,55.70
7397,26.90,55.50
7398,26.90,55.30
7399,26.90,55.20
7400,26.90,55.10
7401,27.00,55.10
7402,26.90,55.00
7403,26.90,55.00
7404,26.90,55.10
7405,26.90,55.10
7406,27.00,55.00
7407,26.90,55.10
7408,26.90,55.30
7409,26.90,55.40
7410,26.90,55.50
7411,27.00,55.50
7412,27.00,55.40
7413,26.90,55.50
7414,26.90,55.40
7415,26.90,55.40
7416,26.90,55.50
7417,26.90,55.40
7418,26.90,55.40
7419,26.90,55.40
7420,26.90,55.40
7421,26.90,55.40
7422,26.90,55.50
7423,26.90,55.50
7424,26.90,55.50
7425,27.00,55.50
7426,26.90,55.50
7427,26.90,55.60
7428,26.90,55.60
7429,26.90,55.60
7430,26.90,55.60
7431,26.90,55.60
7432,26.90,55.50
7433,26.90,55.40
7434,26.90,55.40
7435,26.90,55.40
7436,26.90,55.40
7437,26.90,55.30
7438,26.90,55.40
7439,26.90,55.30
7440,26.90,55.20
7441,26.90,55.10
7442,26.90,55.00
7443,26.90,55.00
7444,27.00,55.00
7445,26.90,55.10
7446,26.90,55.20
7447,26.90,55.30
7448,27.00,55.30
7449,26.90,55.30
7450,26.90,55.20
7451,26.90,55.10
7452,26.90,55.30
7453,26.90,55.30
7454,26.90,55.40
7455,26.90,55.50
7456,26.90,55.50
7457,26.90,55.50
7458,26.90,55.50
7459,26.90,55.50
7460,27.00,55.50
7461,26.90,55.50
7462,26.90,55.50
7463,26.90,55.60
7464,27.00,55.40
7465,26.90,55.30
7466,26.90,55.50
7467,26.90,55.40
7468,26.90,55.50
7469,26.90,55.40
7470,26.90,55.40
7471,26.90,55.50
7472,26.90,55.30
7473,26.90,55.30
7474,27.00,55.40
7475,26.90,55.50
7476,26.90,55.60
7477,26.90,55.60
7478,26.90,55.60
7479,26.90,55.60
7480,26.90,55.60
7481,27.00,55.50
7482,26.90,55.50
7483,26.90,55.50
7484,26.90,55.50
7485,26.90,55.60
7486,26.90,55.60
7487,26.90,55.50
7488,27.00,55.50
7489,26.90,55.60
7490,26.90,55.60
7491,26.90,55.60
7492,26.90,55.70
7493,26.90,55.60
7494,26.90,55.70
7495,26.90,55.80
7496,26.90,55.80
7497,26.90,55.50
7498,26.90,55.40
7499,26.90,55.10
7500,26.90,55.00
7501,26.90,54.90
7502,26.90,55.00
7503,26.90,55.00
7504,26.90,55.10
7505,26.90,55.30
7506,26.90,55.40
7507,26.90,55.40
7508,26.90,55.50
7509,26.90,55.60
7510,26.90,55.70
7511,26.90,55.70
7512,26.90,55.80
7513,26.90,55.80
7514,26.90,55.80
7515,26.90,55.80
7516,26.90,55.80
7517,26.90,55.90
7518,26.90,55.90
7519,26.90,55.80
7520,26.90,55.80
7521,26.90,55.80
7522,26.90,55.70
7523,26.90,55.60
7524,26.90,55.60
7525,26.90,55.70
7526,26.90,55.80
7527,26.90,55.60
7528,26.90,55.50
7529,26.90,55.40
7530,26.90,55.30
7531,26.90,55.20
7532,26.90,55.20
7533,26.90,55.30
7534,26.90,55.20
7535,27.00,55.10
7536,26.90,55.20
7537,26.90,55.10
7538,26.90,55.20
7539,26.90,55.20
7540,26.90,55.20
7541,26.90,55.20
7542,26.90,55.20
7543,26.90,55.30
7544,26.90,55.30
7545,26.90,55.30
7546,26.90,55.40
7547,26.90,55.50
7548,26.90,55.50
7549,26.90,55.50
7550,27.00,55.50
7551,26.90,55.50
7552,26.90,55.50
7553,26.90,55.70
7554,26.90,55.70
7555,26.90,55.80
7556,26.90,55.90
7557,26.90,56.00
7558,26.90,56.00
7559,26.90,56.00
7560,26.90,55.90
7561,26.90,55.90
7562,26.90,55.90
7563,26.90,55.90
7564,26.90,56.10
7565,26.90,56.10
7566,26.90,56.20
7567,26.90,56.20
7568,26.90,56.30
7569,26.90,56.30
7570,26.90,56.30
7571,26.90,56.30
7572,26.90,56.20
7573,26.90,56.10
7574,26.90,56.10
7575,26.90,56.20
7576,26.90,56.20
7577,26.90,56.20
7578,26.90,56.20
7579,26.90,56.30
7580,26.90,56.40
7581,26.90,56.60
7582,26.90,56.60
7583,26.90,56.60
7584,26.90,56.60
7585,26.90,56.40
7586,26.90,56.40
7587,26.90,56.30
7588,26.90,56.20
7589,26.90,56.20
7590,26.90,56.10
7591,26.90,56.10
7592,26.90,56.20
7593,26.90,56.10
7594,26.90,56.20
7595,26.90,56.10
7596,26.90,56.20
7597,26.90,56.40
7598,26.90,56.40
7599,26.90,56.40
7600,26.80,56.40
7601,26.90,56.40
7602,26.90,56.40
7603,26.90,56.40
7604,26.90,56.40
7605,26.80,56.40
7606,26.90,56.40
7607,26.90,56.20
7608,26.90,56.20
7609,26.90,56.20
7610,26.90,56.30
7611,26.90,56.30
7612,26.90,56.40
7613,26.90,56.50
7614,26.90,56.50
7615,26.90,56.50
7616,26.90,56.50
7617,26.90,56.50
7618,26.90,56.50
7619,26.90,56.50
7620,26.90,56.50
7621,26.90,56.70
7622,26.90,56.70
7623,26.90,56.60
7624,26.90,56.70
7625,26.90,56.70
7626,26.90,56.70
7627,26.90,56.70
7628,26.90,56.70
7629,26.90,56.70
7630,26.90,56.70
7631,26.90,56.60
7632,26.90,56.60
7633,26.90,56.60
7634,26.90,56.60
7635,26.90,56.60
7636,26.90,56.70
7637,26.90,56.70
7638,26.90,56.70
7639,26.80,56.80
7640,26.90,56.80
7641,26.90,56.90
7642,26.90,56.80
7643,26.90,56.80
7644,26.90,56.80
7645,26.90,56.80
7646,26.90,56.70
7647,26.90,56.70
7648,26.90,56.70
7649,26.90,56.80
7650,26.90,56.80
7651,26.90,56.80
7652,26.90,56.80
7653,26.90,56.80
7654,26.90,56.80
7655,26.90,56.90
7656,26.80,56.90
7657,26.90,57.00
7658,26.90,57.00
7659,26.80,57.00
7660,26.90,57.00
7661,26.90,56.90
7662,26.90,56.90
7663,26.90,56.90
7664,26.90,57.00
7665,26.90,57.00
7666,26.90,57.00
7667,26.90,56.90
7668,26.90,56.80
7669,26.90,56.70
7670,26.90,56.70
7671,26.90,56.60
7672,26.90,56.70
7673,26.90,56.60
7674,26.90,56.70
7675,26.90,56.80
7676,26.90,56.90
7677,26.90,56.90
7678,26.90,56.90
7679,26.90,57.00
7680,26.90,56.90
7681,26.90,56.90
7682,26.90,56.90
7683,26.90,56.90
7684,26.90,56.80
7685,26.90,56.90
7686,26.90,56.90
7687,26.90,56.90
7688,26.90,56.90
7689,26.90,56.80
7690,26.90,56.60
7691,26.90,56.60
7692,26.90,56.60
7693,26.90,56.70
7694,26.90,56.70
7695,26.90,56.80
7696,26.90,56.70
7697,26.90,56.80
7698,26.90,56.80
7699,26.90,56.80
7700,26.90,56.70
7701,26.90,56.80
7702,26.90,56.80
7703,26.90,56.70
7704,26.90,56.70
7705,26.90,56.80
7706,26.90,56.80
7707,26.90,56.90
7708,26.90,56.80
7709,26.90,56.70
7710,26.90,56.60
7711,26.90,56.60
7712,26.90,56.60
7713,26.90,56.60
7714,26.90,56.60
7715,26.90,56.70
7716,26.90,56.70
7717,26.90,56.70
7718,26.90,56.70
7719,26.90,56.70
7720,26.90,56.60
7721,26.90,56.70
7722,26.90,56.70
7723,26.90,56.70
7724,26.90,56.60
7725,26.90,56.70
7726,26.90,56.70
7727,26.90,56.70
7728,26.90,56.70
7729,26.80,56.80
7730,26.90,56.80
7731,26.90,56.90
7732,26.90,56.90
7733,26.90,56.80
7734,26.90,56.90
7735,26.90,56.80
7736,26.90,56.80
7737,26.90,56.90
7738,26.90,56.90
7739,26.90,56.80
7740,26.90,56.80
7741,26.90,56.80
7742,26.90,56.70
7743,26.90,56.70
7744,26.80,56.60
7745,26.90,56.60
7746,26.90,56.50
7747,26.90,56.60
7748,26.90,56.60
7749,26.90,56.70
7750,26.80,56.50
7751,26.90,56.60
7752,26.90,56.70
7753,26.90,56.60
7754,26.90,56.60
7755,26.90,56.60
7756,26.90,56.70
7757,26.90,56.80
7758,26.90,56.90
7759,26.90,56.90
7760,26.90,56.90
7761,26.90,56.90
7762,26.90,56.90
7763,26.90,56.90
7764,26.90,56.90
7765,26.90,56.70
7766,26.90,56.70
7767,26.90,56.70
7768,26.90,56.50
7769,26.90,56.20
7770,26.90,55.90
7771,26.90,55.90
7772,26.90,56.10
7773,26.90,56.30
7774,26.90,56.40
7775,26.90,56.50
7776,26.90,56.60
7777,26.90,56.50
7778,26.90,56.50
7779,26.90,56.50
7780,26.90,56.60
7781,26.90,56.60
7782,26.90,56.60
7783,26.90,56.70
7784,26.90,56.60
7785,26.90,56.60
7786,26.90,56.60
7787,26.90,56.60
7788,26.90,56.60
7789,26.90,56.60
7790,26.80,56.60
7791,26.90,56.60
7792,26.90,56.50
7793,26.90,56.30
7794,26.90,56.10
7795,26.90,56.30
7796,26.90,56.30
7797,26.90,56.40
7798,26.90,56.40
7799,26.90,56.40
7800,26.80,56.40
7801,26.90,56.50
7802,26.90,56.50
7803,26.90,56.50
7804,26.90,56.60
7805,26.90,56.50
7806,26.90,56.50
7807,26.90,56.30
7808,26.90,56.00
7809,26.90,56.00
7810,26.90,55.90
7811,26.90,55.70
7812,26.90,55.70
7813,26.90,55.80
7814,26.90,55.80
7815,26.90,56.00
7816,26.90,55.90
7817,26.90,55.90
7818,26.90,55.80
7819,26.90,55.60
7820,26.90,55.70
7821,26.90,55.90
7822,26.90,56.00
7823,26.90,56.20
7824,26.90,56.30
7825,26.90,56.40
7826,26.90,56.40
7827,26.90,56.50
7828,26.90,56.40
7829,26.90,56.50
7830,26.90,56.60
7831,26.90,56.60
7832,26.90,56.70
7833,26.90,56.70
7834,26.90,56.70
7835,26.90,56.80
7836,26.90,56.70
7837,26.90,56.70
7838,26.90,56.60
7839,26.90,56.50
7840,26.90,56.50
7841,26.90,56.60
7842,26.90,56.60
7843,26.90,56.60
7844,26.90,56.40
7845,26.90,56.20
7846,26.80,56.00
7847,26.80,55.90
7848,26.90,55.80
7849,26.90,55.70
7850,26.90,55.60
7851,26.90,55.60
7852,26.80,55.60
7853,26.90,56.00
7854,26.80,56.20
7855,26.90,56.40
7856,26.80,56.40
7857,26.90,56.40
7858,26.90,56.40
7859,26.90,56.40
7860,26.80,56.40
7861,26.90,56.60
7862,26.80,56.60
7863,26.80,56.70
7864,26.80,56.60
7865,26.80,56.50
7866,26.80,56.20
7867,26.90,56.10
7868,26.80,56.10
7869,26.80,55.90
7870,26.80,55.90
7871,26.90,56.10
7872,26.90,56.20
7873,26.90,56.20
7874,26.90,56.40
7875,26.90,56.50
7876,26.90,56.50
7877,26.90,56.60
7878,26.80,56.60
7879,26.90,56.60
7880,26.80,56.50
7881,26.90,56.50
7882,26.90,56.50
7883,26.90,56.60
7884,26.90,56.60
7885,26.90,56.60
7886,26.90,56.60
7887,26.90,56.60
7888,26.80,56.50
7889,26.90,56.50
7890,26.90,56.60
7891,26.80,56.60
7892,26.90,56.60
7893,26.90,56.40
7894,26.90,56.30
7895,26.80,56.40
7896,26.90,56.40
7897,26.90,56.20
7898,26.80,55.80
7899,26.80,55.50
7900,26.90,55.30
7901,26.80,55.20
7902,26.80,55.10
7903,26.90,55.10
7904,26.80,55.00
7905,26.90,55.10
7906,26.80,55.20
7907,26.90,55.40
7908,26.90,55.50
7909,26.90,55.60
7910,26.90,55.50
7911,26.80,55.40
7912,26.90,55.30
7913,26.90,55.20
7914,26.90,55.20
7915,26.90,55.20
7916,26.80,55.20
7917,26.90,55.30
7918,26.90,55.40
7919,26.90,55.70
7920,26.90,55.80
7921,26.90,56.00
7922,26.90,56.20
7923,26.90,56.20
7924,26.90,56.20
7925,26.90,56.30
7926,26.80,56.30
7927,26.80,56.30
7928,26.90,56.30
7929,26.90,56.10
7930,26.80,56.00
7931,26.90,56.00
7932,26.80,55.80
7933,26.80,55.80
7934,26.80,55.90
7935,26.90,56.00
7936,26.80,56.10
7937,26.90,55.90
7938,26.90,55.90
7939,26.90,56.00
7940,26.80,56.20
7941,26.80,56.20
7942,26.90,56.30
7943,26.90,56.40
7944,26.90,56.40
7945,26.80,56.50
7946,26.80,56.40
7947,26.80,56.50
7948,26.80,56.50
7949,26.80,56.50
7950,26.80,56.50
7951,26.80,56.50
7952,26.80,56.50
7953,26.80,56.40
7954,26.80,56.50
7955,26.80,56.50
7956,26.80,56.40
7957,26.80,56.50
7958,26.80,56.50
7959,26.80,56.50
7960,26.80,56.50
7961,26.80,56.40
7962,26.80,56.50
7963,26.80,56.50
7964,26.80,56.50
7965,26.80,56.40
7966,26.80,56.50
7967,26.80,56.40
7968,26.90,56.20
7969,26.80,56.10
7970,26.80,56.00
7971,26.80,55.90
7972,26.80,55.90
7973,26.80,55.90
7974,26.80,55.90
7975,26.80,56.00
7976,26.80,56.00
7977,26.80,56.00
7978,26.80,56.00
7979,26.80,56.10
7980,26.80,56.00
7981,26.80,56.10
7982,26.80,56.00
7983,26.80,56.10
7984,26.80,56.20
7985,26.80,56.20
7986,26.80,56.20
7987,26.80,56.20
7988,26.80,56.30
7989,26.80,56.30
7990,26.80,56.30
7991,26.80,56.30
7992,26.80,56.30
7993,26.80,56.30
7994,26.80,56.30
7995,26.80,56.30
7996,26.70,56.30
7997,26.80,56.40
7998,26.80,56.40
7999,26.80,56.50
8000,26.80,56.50
8001,26.80,56.50
8002,26.80,56.50
8003,26.80,56.50
8004,26.80,56.30
8005,26.80,56.20
8006,26.80,56.20
8007,26.70,56.30
8008,26.80,56.30
8009,26.70,56.30
8010,26.70,56.30
8011,26.80,56.30
8012,26.70,56.30
8013,26.70,56.30
8014,26.80,56.30
8015,26.80,56.40
8016,26.80,56.50
8017,26.80,56.50
8018,26.70,56.50
8019,26.80,56.50
8020,26.80,56.50
8021,26.70,56.40
8022,26.70,56.30
8023,26.80,56.00
8024,26.80,55.80
8025,26.80,55.70
8026,26.80,55.70
8027,26.80,55.90
8028,26.80,55.80
8029,26.80,55.80
8030,26.80,55.70
8031,26.80,55.70
8032,26.80,55.80
8033,26.80,55.70
8034,26.80,55.60
8035,26.80,55.60
8036,26.80,55.70
8037,26.80,55.90
8038,26.80,55.90
8039,26.80,55.70
8040,26.80,55.80
8041,26.80,55.80
8042,26.80,55.90
8043,26.80,55.90
8044,26.80,55.90
8045,26.80,56.00
8046,26.80,56.00
8047,26.80,56.00
8048,26.80,55.90
8049,26.80,55.80
8050,26.80,55.90
8051,26.80,56.00
8052,26.80,56.00
8053,26.80,56.00
8054,26.80,56.10
8055,26.80,56.10
8056,26.80,56.10
8057,26.80,56.20
8058,26.80,56.20
8059,26.80,56.20
8060,26.80,56.30
8061,26.80,56.40
8062,26.80,56.40
8063,26.80,56.40
8064,26.80,56.40
8065,26.80,56.30
8066,26.80,56.30
8067,26.80,56.40
8068,26.80,56.40
8069,26.80,56.50
8070,26.80,56.40
8071,26.80,56.40
8072,26.80,56.50
8073,26.80,56.40
8074,26.80,56.40
8075,26.80,56.40
8076,26.80,56.40
8077,26.80,56.50
8078,26.80,56.50
8079,26.80,56.50
8080,26.80,56.40
8081,26.80,56.40
8082,26.70,56.30
8083,26.80,56.30
8084,26.70,56.40
8085,26.80,56.30
8086,26.70,56.40
8087,26.80,56.40
8088,26.70,56.50
8089,26.80,56.30
8090,26.80,56.40
8091,26.80,56.30
8092,26.70,56.10
8093,26.80,56.10
8094,26.70,56.00
8095,26.70,56.00
8096,26.80,56.00
8097,26.80,56.00
8098,26.80,56.00
8099,26.80,56.00
8100,26.70,56.10
8101,26.80,56.10
8102,26.80,56.00
8103,26.80,56.10
8104,26.80,56.20
8105,26.80,56.10
8106,26.70,56.10
8107,26.80,56.10
8108,26.70,56.10
8109,26.80,56.10
8110,26.70,56.10
8111,26.70,56.10
8112,26.70,56.20
8113,26.80,56.10
8114,26.70,56.10
8115,26.70,56.10
8116,26.70,56.00
8117,26.80,56.10
8118,26.80,56.20
8119,26.70,56.20
8120,26.70,56.20
8121,26.80,56.10
8122,26.70,56.20
8123,26.70,56.20
8124,26.70,56.20
8125,26.70,56.30
8126,26.70,56.20
8127,26.80,56.20
8128,26.70,56.30
8129,26.80,56.40
8130,26.80,56.30
8131,26.70,56.30
8132,26.70,56.30
8133,26.70,56.10
8134,26.70,56.00
8135,26.80,55.90
8136,26.80,55.70
8137,26.70,55.70
8138,26.70,55.40
8139,26.70,55.20
8140,26.70,55.30
8141,26.70,55.40
8142,26.70,55.50
8143,26.70,55.60
8144,26.70,55.60
8145,26.70,55.50
8146,26.70,55.60
8147,26.70,55.60
8148,26.70,55.50
8149,26.70,55.60
8150,26.70,55.30
8151,26.70,55.20
8152,26.70,55.20
8153,26.70,55.30
8154,26.80,55.20
8155,26.70,55.10
8156,26.70,55.10
8157,26.80,55.40
8158,26.70,55.30
8159,26.70,55.40
8160,26.70,55.60
8161,26.70,55.70
8162,26.70,55.90
8163,26.70,55.90
8164,26.70,56.00
8165,26.80,56.10
8166,26.70,56.20
8167,26.70,56.20
8168,26.70,56.20
8169,26.70,56.20
8170,26.70,56.20
8171,26.70,56.20
8172,26.70,56.10
8173,26.70,56.10
8174,26.70,56.10
8175,26.70,56.10
8176,26.70,56.10
8177,26.70,56.00
8178,26.70,55.90
8179,26.80,55.90
8180,26.70,55.90
8181,26.70,56.00
8182,26.80,55.80
8183,26.70,55.90
8184,26.80,55.80
8185,26.70,55.90
8186,26.70,55.90
8187,26.70,55.90
8188,26.70,56.00
8189,26.70,56.10
8190,26.70,56.10
8191,26.70,56.10
8192,26.70,56.20
8193,26.70,56.10
8194,26.70,56.10
8195,26.70,56.10
8196,26.70,56.10
8197,26.70,56.10
8198,26.70,55.90
8199,26.70,56.00
8200,26.70,56.00
8201,26.70,56.00
8202,26.70,55.90
8203,26.70,56.00
8204,26.70,56.00
8205,26.70,55.90
8206,26.70,55.90
8207,26.70,55.90
8208,26.70,55.70
8209,26.70,55.70
8210,26.70,55.60
8211,26.70,55.70
8212,26.70,55.40
8213,26.70,55.20
8214,26.70,55.00
8215,26.70,54.90
8216,26.70,54.90
8217,26.70,54.90
8218,26.70,54.90
8219,26.70,54.90
8220,26.70,55.00
8221,26.70,55.00
8222,26.70,55.00
8223,26.70,55.00
8224,26.70,54.90
8225,26.70,54.80
8226,26.70,54.80
8227,26.70,54.90
8228,26.70,54.70
8229,26.70,54.70
8230,26.70,54.90
8231,26.70,55.10
8232,26.70,55.40
8233,26.70,55.60
8234,26.80,55.70
8235,26.70,55.80
8236,26.70,55.70
8237,26.70,55.70
8238,26.80,55.70
8239,26.70,55.60
8240,26.70,55.60
8241,26.80,55.40
8242,26.80,55.20
8243,26.70,55.00
8244,26.70,55.00
8245,26.80,55.00
8246,26.70,55.00
8247,26.80,55.20
8248,26.70,55.30
8249,26.80,55.30
8250,26.80,55.40
8251,26.80,55.40
8252,26.70,55.60
8253,26.80,55.60
8254,26.70,55.60
8255,26.70,55.70
8256,26.70,55.70
8257,26.70,55.80
8258,26.70,55.80
8259,26.80,55.70
8260,26.70,55.60
8261,26.70,55.60
8262,26.70,55.60
8263,26.70,55.60
8264,26.70,55.70
8265,26.70,55.60
8266,26.70,55.70
8267,26.70,55.70
8268,26.70,55.70
8269,26.70,55.70
8270,26.70,55.70
8271,26.70,55.70
8272,26.70,55.70
8273,26.70,55.80
8274,26.70,55.50
8275,26.70,55.60
8276,26.70,55.60
8277,26.70,55.70
8278,26.70,55.70
8279,26.70,55.70
8280,26.70,55.80
8281,26.70,55.90
8282,26.70,55.80
8283,26.70,55.80
8284,26.70,55.60
8285,26.70,55.60
8286,26.70,55.60
8287,26.70,55.70
8288,26.70,55.60
8289,26.70,55.30
8290,26.70,55.30
8291,26.70,55.50
8292,26.70,55.30
8293,26.70,55.00
8294,26.70,54.80
8295,26.80,54.70
8296,26.70,54.90
8297,26.80,55.10
8298,26.80,55.30
8299,26.70,55.40
8300,26.80,55.40
8301,26.80,55.40
8302,26.70,55.40
8303,26.80,55.40
8304,26.70,55.40
8305,26.70,55.50
8306,26.70,55.50
8307,26.80,55.60
8308,26.70,55.60
8309,26.70,55.20
8310,26.70,54.90
8311,26.70,54.90
8312,26.70,54.70
8313,26.70,54.60
8314,26.70,54.70
8315,26.70,55.00
8316,26.70,55.20
8317,26.70,55.30
8318,26.80,55.50
8319,26.70,55.50
8320,26.70,55.50
8321,26.70,55.50
8322,26.70,55.60
8323,26.70,55.70
8324,26.70,55.70
8325,26.70,55.80
8326,26.80,55.70
8327,26.70,55.70
8328,26.80,55.80
8329,26.80,55.80
8330,26.80,55.90
8331,26.70,55.90
8332,26.70,55.80
8333,26.70,55.80
8334,26.70,55.70
8335,26.80,55.20
8336,26.70,54.90
8337,26.70,54.80
8338,26.70,54.70
8339,26.70,54.80
8340,26.70,54.80
8341,26.70,55.00
8342,26.70,54.80
8343,26.70,54.50
8344,26.70,54.20
8345,26.70,54.20
8346,26.70,54.50
8347,26.70,54.80
8348,26.70,54.90
8349,26.70,55.10
8350,26.70,55.30
8351,26.70,55.40
8352,26.70,55.50
8353,26.70,55.50
8354,26.70,55.50
8355,26.70,55.50
8356,26.70,55.40
8357,26.70,55.50
8358,26.70,55.50
8359,26.70,55.50
8360,26.70,55.30
8361,26.70,55.10
8362,26.70,54.80
8363,26.70,54.80
8364,26.80,54.80
8365,26.80,55.10
8366,26.70,55.20
8367,26.70,55.40
8368,26.70,55.40
8369,26.80,55.20
8370,26.70,55.30
8371,26.70,55.40
8372,26.70,55.30
8373,26.70,55.50
8374,26.80,55.60
8375,26.70,55.60
8376,26.80,55.60
8377,26.70,55.50
8378,26.70,55.30
8379,26.70,55.30
8380,26.70,55.40
8381,26.70,55.40
8382,26.80,55.40
8383,26.70,55.40
8384,26.70,55.40
8385,26.70,55.40
8386,26.70,55.50
8387,26.70,55.60
8388,26.70,55.60
8389,26.70,55.50
8390,26.70,55.40
8391,26.70,55.40
8392,26.70,55.50
8393,26.70,55.60
8394,26.70,55.60
8395,26.70,55.60
8396,26.70,55.60
8397,26.70,55.60
8398,26.80,55.60
8399,26.70,55.60
8400,26.70,55.50
8401,26.70,55.10
8402,26.70,55.20
8403,26.70,55.30
8404,26.70,55.40
8405,26.70,55.50
8406,26.80,55.40
8407,26.80,55.50
8408,26.70,55.60
8409,26.80,55.60
8410,26.70,55.50
8411,26.70,55.60
8412,26.70,55.40
8413,26.70,55.30
8414,26.70,55.20
8415,26.80,55.10
8416,26.70,55.10
8417,26.70,55.00
8418,26.70,55.10
8419,26.70,55.20
8420,26.70,55.20
8421,26.70,55.20
8422,26.70,55.20
8423,26.80,55.20
8424,26.70,55.00
8425,26.80,55.00
8426,26.70,55.10
8427,26.80,55.20
8428,26.80,55.30
8429,26.70,55.40
8430,26.70,55.50
8431,26.80,55.40
8432,26.80,55.50
8433,26.70,55.50
8434,26.70,55.50
8435,26.70,55.50
8436,26.70,55.60
8437,26.70,55.40
8438,26.70,55.40
8439,26.80,55.40
8440,26.70,55.10
8441,26.70,54.80
8442,26.70,54.50
8443,26.80,54.30
8444,26.80,54.20
8445,26.80,54.20
8446,26.70,54.30
8447,26.80,54.10
8448,26.70,53.90
8449,26.70,53.90
8450,26.80,53.90
8451,26.80,53.90
8452,26.80,54.20
8453,26.70,54.50
8454,26.70,54.70
8455,26.80,55.00
8456,26.80,55.20
8457,26.80,55.40
8458,26.70,55.50
8459,26.70,55.50
8460,26.70,55.20
8461,26.70,54.80
8462,26.70,54.80
8463,26.80,54.90
8464,26.80,55.00
8465,26.70,55.20
8466,26.70,55.30
8467,26.70,55.20
8468,26.70,54.90
8469,26.70,54.60
8470,26.70,54.30
8471,26.70,54.20
8472,26.80,54.20
8473,26.70,54.20
8474,26.80,54.30
8475,26.70,54.20
8476,26.80,54.30
8477,26.70,54.50
8478,26.80,54.40
8479,26.70,54.30
8480,26.80,54.40
8481,26.80,54.30
8482,26.80,54.20
8483,26.80,54.00
8484,26.70,53.90
8485,26.80,53.90
8486,26.70,54.00
8487,26.80,54.40
8488,26.70,54.60
8489,26.80,54.50
8490,26.80,54.20
8491,26.80,54.10
8492,26.80,54.00
8493,26.80,54.30
8494,26.70,54.30
8495,26.80,54.40
8496,26.70,54.70
8497,26.80,54.90
8498,26.80,55.00
8499,26.80,55.20
8500,26.70,55.40
8501,26.80,55.50
8502,26.80,55.50
8503,26.70,55.60
8504,26.80,55.60
8505,26.70,55.60
8506,26.70,55.50
8507,26.80,55.50
8508,26.70,55.60
8509,26.70,55.60
8510,26.70,55.60
8511,26.70,55.70
8512,26.70,55.60
8513,26.70,55.50
8514,26.80,55.40
8515,26.70,55.20
8516,26.70,55.10
8517,26.70,54.90
8518,26.70,54.90
8519,26.70,54.80
8520,26.70,54.90
8521,26.70,55.20
8522,26.70,55.30
8523,26.70,55.20
8524,26.70,55.30
8525,26.70,55.40
8526,26.70,55.30
8527,26.70,55.10
8528,26.70,55.00
8529,26.70,55.00
8530,26.70,55.00
8531,26.70,55.10
8532,26.70,55.20
8533,26.70,55.30
8534,26.70,55.30
8535,26.70,55.40
8536,26.70,55.40
8537,26.70,55.40
8538,26.70,55.40
8539,26.70,55.40
8540,26.70,55.20
8541,26.70,55.30
8542,26.70,55.40
8543,26.70,55.40
8544,26.70,55.20
8545,26.70,55.30
8546,26.70,55.30
8547,26.70,55.30
8548,26.70,55.40
8549,26.70,55.40
8550,26.70,55.40
8551,26.70,55.30
8552,26.70,55.30
8553,26.70,55.10
8554,26.70,55.10
8555,26.70,55.10
8556,26.70,55.10
8557,26.70,55.00
8558,26.70,55.00
8559,26.70,55.10
8560,26.70,55.10
8561,26.70,54.70
8562,26.70,54.80
8563,26.70,54.80
8564,26.70,54.70
8565,26.70,54.50
8566,26.70,54.50
8567,26.70,54.70
8568,26.70,54.70
8569,26.70,54.60
8570,26.70,54.30
8571,26.70,54.20
8572,26.70,54.20
8573,26.70,54.30
8574,26.70,54.20
8575,26.70,54.60
8576,26.70,54.70
8577,26.70,54.70
8578,26.70,54.80
8579,26.70,54.80
8580,26.70,54.80
8581,26.70,54.60
8582,26.70,54.50
8583,26.70,54.50
8584,26.70,54.60
8585,26.70,54.70
8586,26.70,54.90
8587,26.70,54.80
8588,26.70,55.00
8589,26.70,55.10
8590,26.70,55.10
8591,26.70,55.10
8592,26.70,55.10
8593,26.70,55.10
8594,26.70,55.20
8595,26.70,55.20
8596,26.70,55.30
8597,26.70,55.30
8598,26.70,55.40
8599,26.70,55.40
8600,26.70,55.40
8601,26.60,55.40
8602,26.70,55.40
8603,26.70,55.30
8604,26.60,55.30
8605,26.70,55.30
8606,26.60,55.30
8607,26.60,55.20
8608,26.60,55.20
8609,26.70,55.20
8610,26.70,55.40
8611,26.70,55.30
8612,26.60,55.30
8613,26.60,55.20
8614,26.60,55.00
8615,26.60,54.90
8616,26.70,54.80
8617,26.70,54.60
8618,26.70,54.60
8619,26.70,54.60
8620,26.60,54.60
8621,26.70,54.60
8622,26.60,54.70
8623,26.60,54.60
8624,26.60,54.70
8625,26.70,54.70
8626,26.70,54.60
8627,26.70,54.60
8628,26.70,54.50
8629,26.70,54.50
8630,26.70,54.70
8631,26.60,54.60
8632,26.60,54.50
8633,26.70,54.40
8634,26.70,54.40
8635,26.60,54.30
8636,26.70,54.20
8637,26.60,54.20
8638,26.70,54.20
8639,26.70,54.10
8640,26.70,54.10
8641,26.60,54.10
8642,26.70,54.00
8643,26.60,54.00
8644,26.70,54.00
8645,26.70,54.00
8646,26.70,54.20
8647,26.70,54.20
8648,26.70,54.20
8649,26.70,54.10
8650,26.70,54.00
8651,26.60,54.00
8652,26.60,53.90
8653,26.70,53.80
8654,26.70,53.80
8655,26.60,53.90
8656,26.60,54.10
8657,26.70,54.20
8658,26.70,54.40
8659,26.70,54.50
8660,26.70,54.70
8661,26.70,54.80
8662,26.70,54.70
8663,26.70,54.40
8664,26.70,54.10
8665,26.70,53.90
8666,26.70,53.90
8667,26.70,54.10
8668,26.70,54.30
8669,26.70,54.60
8670,26.60,54.60
8671,26.70,54.70
8672,26.70,54.80
8673,26.70,54.80
8674,26.70,54.80
8675,26.70,54.80
8676,26.70,54.60
8677,26.70,54.40
8678,26.60,54.30
8679,26.60,54.40
8680,26.60,54.40
8681,26.70,54.30
8682,26.60,54.30
8683,26.60,54.20
8684,26.70,54.20
8685,26.70,54.40
8686,26.60,54.50
8687,26.60,54.50
8688,26.70,54.30
8689,26.70,54.30
8690,26.60,54.20
8691,26.60,54.20
8692,26.60,54.20
8693,26.60,54.30
8694,26.60,54.30
8695,26.60,54.30
8696,26.60,54.50
8697,26.60,54.40
8698,26.60,54.50
8699,26.70,54.40
8700,26.60,54.40
8701,26.60,54.50
8702,26.60,54.50
8703,26.70,54.50
8704,26.60,54.50
8705,26.60,54.50
8706,26.60,54.60
8707,26.60,54.70
8708,26.60,54.70
8709,26.60,54.80
8710,26.60,54.90
8711,26.60,54.90
8712,26.60,54.90
8713,26.60,54.80
8714,26.60,54.90
8715,26.60,54.90
8716,26.60,54.90
8717,26.60,54.80
8718,26.60,54.90
8719,26.60,54.80
8720,26.60,54.70
8721,26.60,54.70
8722,26.60,54.80
8723,26.70,54.70
8724,26.60,54.70
8725,26.60,54.50
8726,26.60,54.50
8727,26.60,54.60
8728,26.70,54.50
8729,26.60,54.40
8730,26.60,54.20
8731,26.60,54.00
8732,26.70,54.00
8733,26.60,53.90
8734,26.60,54.10
8735,26.70,54.00
8736,26.60,53.90
8737,26.60,54.00
8738,26.70,54.00
8739,26.60,53.90
8740,26.60,53.90
8741,26.60,54.00
8742,26.60,53.90
8743,26.70,53.80
8744,26.70,54.00
8745,26.70,54.20
8746,26.70,54.10
8747,26.70,53.90
8748,26.60,53.90
8749,26.70,53.90
8750,26.70,54.00
8751,26.70,54.00
8752,26.70,53.80
8753,26.70,53.60
8754,26.70,53.80
8755,26.70,54.00
8756,26.70,54.10
8757,26.70,54.30
8758,26.70,54.30
8759,26.70,54.40
8760,26.70,54.40
8761,26.70,54.40
8762,26.70,54.20
8763,26.70,54.10
8764,26.70,54.00
8765,26.70,54.00
8766,26.70,53.90
8767,26.70,53.90
8768,26.70,54.00
8769,26.70,53.90
8770,26.70,53.60
8771,26.70,53.60
8772,26.70,53.50
8773,26.60,53.50
8774,26.70,53.50
8775,26.70,53.40
8776,26.70,53.50
8777,26.70,53.60
8778,26.60,53.50
8779,26.60,53.60
8780,26.70,53.60
8781,26.70,53.80
8782,26.70,53.90
8783,26.70,53.90
8784,26.70,53.90
8785,26.60,54.00
8786,26.60,54.10
8787,26.60,54.10
8788,26.70,54.20
8789,26.60,54.40
8790,26.60,54.30
8791,26.60,54.50
8792,26.60,54.40
8793,26.60,54.40
8794,26.60,54.40
8795,26.70,54.50
8796,26.60,54.50
8797,26.60,54.40
8798,26.60,54.40
8799,26.60,54.30
8800,26.60,54.50
8801,26.60,54.40
8802,26.60,54.40
8803,26.60,54.40
8804,26.60,54.30
8805,26.60,54.30
8806,26.60,54.20
8807,26.60,54.10
8808,26.60,54.10
8809,26.60,54.00
8810,26.60,54.00
8811,26.60,54.10
8812,26.60,54.00
8813,26.60,54.10
8814,26.60,54.30
8815,26.60,54.20
8816,26.60,54.20
8817,26.60,54.20
8818,26.60,54.30
8819,26.60,54.30
8820,26.60,54.20
8821,26.60,54.40
8822,26.60,54.30
8823,26.60,54.30
8824,26.60,54.40
8825,26.60,54.30
8826,26.60,54.30
8827,26.60,54.30
8828,26.60,54.20
8829,26.60,54.20
8830,26.60,54.10
8831,26.60,54.30
8832,26.60,54.20
8833,26.60,54.30
8834,26.60,54.40
8835,26.60,54.30
8836,26.60,54.30
8837,26.60,54.30
8838,26.60,54.30
8839,26.60,54.30
8840,26.60,54.30
8841,26.60,54.20
8842,26.60,54.10
8843,26.60,54.10
8844,26.60,54.10
8845,26.60,54.30
8846,26.60,54.30
8847,26.60,54.40
8848,26.60,54.30
8849,26.60,54.40
8850,26.60,54.30
8851,26.60,54.30
8852,26.60,54.20
8853,26.50,54.20
8854,26.50,54.30
8855,26.50,54.30
8856,26.50,54.30
8857,26.50,54.30
8858,26.60,54.30
8859,26.50,54.30
8860,26.50,54.30
8861,26.50,54.30
8862,26.50,54.40
8863,26.50,54.30
8864,26.60,54.40
8865,26.50,54.40
8866,26.50,54.30
8867,26.50,54.30
8868,26.60,54.30
8869,26.60,54.20
8870,26.50,54.20
8871,26.50,54.30
8872,26.50,54.20
8873,26.50,54.20
8874,26.50,54.30
8875,26.50,54.20
8876,26.50,54.20
8877,26.50,54.20
8878,26.50,54.10
8879,26.50,54.20
8880,26.50,54.30
8881,26.50,54.30
8882,26.50,54.30
8883,26.50,54.30
8884,26.50,54.30
8885,26.50,54.30
8886,26.50,54.40
8887,26.50,54.50
8888,26.50,54.50
8889,26.50,54.40
8890,26.50,54.30
8891,26.50,54.20
8892,26.50,54.30
8893,26.50,54.30
8894,26.50,54.20
8895,26.50,54.20
8896,26.50,54.10
8897,26.50,54.10
8898,26.50,54.10
8899,26.50,54.10
8900,26.50,54.00
8901,26.50,54.00
8902,26.50,54.00
8903,26.50,54.10
8904,26.50,54.10
8905,26.60,54.10
8906,26.50,54.10
8907,26.50,54.10
8908,26.50,54.00
8909,26.50,54.10
8910,26.50,54.00
8911,26.50,54.00
8912,26.50,53.90
8913,26.50,53.90
8914,26.50,53.90
8915,26.50,53.90
8916,26.50,54.00
8917,26.50,54.00
8918,26.50,54.10
8919,26.50,54.10
8920,26.50,54.10
8921,26.50,53.90
8922,26.50,54.00
8923,26.50,53.90
8924,26.50,54.00
8925,26.50,54.10
8926,26.50,54.10
8927,26.50,54.10
8928,26.50,54.10
8929,26.50,54.00
8930,26.50,54.00
8931,26.50,54.10
8932,26.50,54.10
8933,26.50,54.10
8934,26.50,54.10
8935,26.50,54.00
8936,26.50,54.00
8937,26.60,54.10
8938,26.50,54.00
8939,26.50,54.10
8940,26.50,54.00
8941,26.50,53.90
8942,26.50,53.80
8943,26.50,53.90
8944,26.50,53.90
8945,26.50,53.90
8946,26.50,54.00
8947,26.50,53.90
8948,26.60,54.00
8949,26.50,54.00
8950,26.50,54.00
8951,26.50,54.00
8952,26.50,54.10
8953,26.50,54.10
8954,26.50,54.10
8955,26.50,54.20
8956,26.50,54.20
8957,26.50,54.20
8958,26.50,54.30
8959,26.60,54.20
8960,26.50,54.20
8961,26.50,54.20
8962,26.50,54.20
8963,26.50,54.20
8964,26.50,54.20
8965,26.50,54.20
8966,26.50,54.10
8967,26.50,54.10
8968,26.50,54.20
8969,26.50,54.30
8970,26.50,54.20
8971,26.50,54.30
8972,26.50,54.30
8973,26.50,54.30
8974,26.50,54.30
8975,26.50,54.30
8976,26.50,54.30
8977,26.50,54.30
8978,26.50,54.30
8979,26.50,54.30
8980,26.50,54.20
8981,26.50,54.10
8982,26.50,54.20
8983,26.50,54.40
8984,26.50,54.40
8985,26.50,54.30
8986,26.50,54.10
8987,26.50,53.70
8988,26.50,53.50
8989,26.50,53.40
8990,26.50,53.40
8991,26.50,53.60
8992,26.50,53.90
8993,26.50,54.10
8994,26.50,54.20
8995,26.50,54.30
8996,26.50,54.40
8997,26.50,54.40
8998,26.50,54.40
8999,26.50,54.40
9000,26.50,54.40
9001,26.50,54.40
9002,26.50,54.30
9003,26.50,54.30
9004,26.50,54.30
9005,26.50,54.20
9006,26.50,54.10
9007,26.50,54.10
9008,26.50,54.00
9009,26.50,54.00
9010,26.50,54.00
9011,26.50,54.00
9012,26.50,54.00
9013,26.60,53.90
9014,26.50,53.90
9015,26.60,54.00
9016,26.50,54.20
9017,26.50,54.20
9018,26.50,54.20
9019,26.60,54.20
9020,26.50,54.10
9021,26.60,54.20
9022,26.60,54.20
9023,26.50,54.10
9024,26.60,54.20
9025,26.50,54.00
9026,26.50,53.80
9027,26.60,53.90
9028,26.50,54.00
9029,26.60,53.90
9030,26.50,53.90
9031,26.60,53.70
9032,26.60,53.50
9033,26.60,53.50
9034,26.50,53.50
9035,26.60,53.50
9036,26.60,53.60
9037,26.50,53.60
9038,26.60,53.70
9039,26.60,53.80
9040,26.60,53.80
9041,26.60,53.90
9042,26.60,54.00
9043,26.60,54.00
9044,26.60,54.10
9045,26.60,54.00
9046,26.60,54.00
9047,26.60,54.00
9048,26.60,54.00
9049,26.60,54.00
9050,26.60,53.90
9051,26.60,54.00
9052,26.60,54.00
9053,26.60,53.90
9054,26.60,53.90
9055,26.60,53.90
9056,26.50,53.70
9057,26.60,53.70
9058,26.60,53.50
9059,26.60,53.40
9060,26.50,53.30
9061,26.60,53.20
9062,26.60,53.20
9063,26.60,53.30
9064,26.60,53.30
9065,26.60,53.40
9066,26.60,53.50
9067,26.60,53.60
9068,26.60,53.50
9069,26.60,53.40
9070,26.60,53.30
9071,26.60,53.10
9072,26.60,53.20
9073,26.60,53.30
9074,26.60,53.40
9075,26.60,53.50
9076,26.60,53.50
9077,26.60,53.60
9078,26.60,53.50
9079,26.60,53.60
9080,26.60,53.60
9081,26.60,53.60
9082,26.60,53.60
9083,26.60,53.60
9084,26.60,53.50
9085,26.60,53.40
9086,26.60,53.40
9087,26.60,53.40
9088,26.60,53.40
9089,26.70,53.40
9090,26.60,53.40
9091,26.60,53.40
9092,26.60,53.50
9093,26.60,53.50
9094,26.60,53.30
9095,26.60,53.30
9096,26.60,53.20
9097,26.60,53.30
9098,26.60,53.40
9099,26.60,53.50
9100,26.60,53.50
9101,26.60,53.50
9102,26.60,53.50
9103,26.60,53.50
9104,26.60,53.50
9105,26.60,53.60
9106,26.60,53.50
9107,26.60,53.50
9108,26.60,53.60
9109,26.60,53.50
9110,26.60,53.40
9111,26.60,53.50
9112,26.60,53.50
9113,26.60,53.50
9114,26.50,53.60
9115,26.60,53.60
9116,26.60,53.60
9117,26.60,53.60
9118,26.60,53.60
9119,26.60,53.60
9120,26.60,53.60
9121,26.50,53.60
9122,26.50,53.60
9123,26.60,53.60
9124,26.60,53.60
9125,26.60,53.60
9126,26.50,53.60
9127,26.50,53.60
9128,26.50,53.70
9129,26.60,53.70
9130,26.60,53.70
9131,26.50,53.80
9132,26.60,53.80
9133,26.50,53.80
9134,26.50,53.70
9135,26.50,53.80
9136,26.50,53.80
9137,26.50,53.70
9138,26.50,53.70
9139,26.50,53.70
9140,26.50,53.70
9141,26.50,53.70
9142,26.50,53.60
9143,26.50,53.60
9144,26.50,53.70
9145,26.50,53.60
9146,26.50,53.60
9147,26.50,53.70
9148,26.50,53.70
9149,26.50,53.70
9150,26.50,53.70
9151,26.50,53.70
9152,26.50,53.70
9153,26.50,53.70
9154,26.50,53.80
9155,26.50,53.80
9156,26.50,53.70
9157,26.50,53.70
9158,26.50,53.70
9159,26.50,53.70
9160,26.50,53.70
9161,26.50,53.70
9162,26.60,53.70
9163,26.50,53.60
9164,26.50,53.30
9165,26.50,53.10
9166,26.50,53.30
9167,26.50,53.20
9168,26.60,52.90
9169,26.50,52.80
9170,26.60,52.90
9171,26.50,52.90
9172,26.60,53.00
9173,26.60,53.20
9174,26.50,53.20
9175,26.60,53.30
9176,26.60,53.40
9177,26.60,53.40
9178,26.50,53.50
9179,26.60,53.50
9180,26.60,53.50
9181,26.60,53.40
9182,26.50,53.30
9183,26.60,53.30
9184,26.60,53.20
9185,26.60,53.30
9186,26.50,53.30
9187,26.60,53.30
9188,26.60,53.30
9189,26.60,53.20
9190,26.60,53.30
9191,26.60,53.30
9192,26.60,53.30
9193,26.60,53.20
9194,26.60,53.20
9195,26.60,53.20
9196,26.60,53.20
9197,26.60,53.20
9198,26.60,53.20
9199,26.60,53.10
9200,26.60,53.10
9201,26.50,52.90
9202,26.60,52.70
9203,26.60,52.60
9204,26.60,52.50
9205,26.60,52.40
9206,26.60,52.50
9207,26.60,52.50
9208,26.60,52.50
9209,26.60,52.60
9210,26.60,52.70
9211,26.60,52.80
9212,26.60,52.90
9213,26.50,53.00
9214,26.50,53.10
9215,26.50,53.20
9216,26.50,53.30
9217,26.50,53.30
9218,26.60,53.30
9219,26.50,53.30
9220,26.50,53.30
9221,26.50,53.30
9222,26.50,53.40
9223,26.50,53.50
9224,26.50,53.50
9225,26.50,53.50
9226,26.50,53.50
9227,26.50,53.50
9228,26.50,53.50
9229,26.50,53.60
9230,26.50,53.60
9231,26.50,53.50
9232,26.50,53.50
9233,26.50,53.60
9234,26.50,53.50
9235,26.50,53.60
9236,26.50,53.50
9237,26.50,53.60
9238,26.50,53.60
9239,26.50,53.60
9240,26.50,53.50
9241,26.50,53.60
9242,26.50,53.50
9243,26.50,53.50
9244,26.50,53.40
9245,26.50,53.40
9246,26.50,53.40
9247,26.50,53.40
9248,26.50,53.30
9249,26.50,53.40
9250,26.50,53.50
9251,26.60,53.50
9252,26.50,53.60
9253,26.60,53.60
9254,26.50,53.50
9255,26.50,53.60
9256,26.50,53.70
9257,26.50,53.60
9258,26.50,53.70
9259,26.50,53.70
9260,26.50,53.70
9261,26.50,53.60
9262,26.50,53.60
9263,26.50,53.60
9264,26.50,53.70
9265,26.50,53.60
9266,26.50,53.70
9267,26.50,53.70
9268,26.50,53.70
9269,26.50,53.60
9270,26.50,53.70
9271,26.50,53.70
9272,26.50,53.60
9273,26.50,53.60
9274,26.50,53.70
9275,26.50,53.60
9276,26.50,53.50
9277,26.50,53.40
9278,26.50,53.40
9279,26.50,53.50
9280,26.50,53.50
9281,26.50,53.50
9282,26.50,53.50
9283,26.50,53.50
9284,26.50,53.40
9285,26.50,53.50
9286,26.50,53.50
9287,26.50,53.50
9288,26.50,53.50
9289,26.50,53.20
9290,26.50,53.20
9291,26.50,53.20
9292,26.50,53.10
9293,26.50,53.20
9294,26.50,53.30
9295,26.50,53.50
9296,26.50,53.50
9297,26.50,53.60
9298,26.50,53.50
9299,26.50,53.60
9300,26.50,53.60
9301,26.50,53.60
9302,26.50,53.60
9303,26.50,53.60
9304,26.50,53.50
9305,26.50,53.60
9306,26.50,53.50
9307,26.50,53.50
9308,26.50,53.50
9309,26.50,53.50
9310,26.50,53.50
9311,26.50,53.50
9312,26.50,53.60
9313,26.50,53.60
9314,26.50,53.50
9315,26.50,53.50
9316,26.50,53.40
9317,26.50,53.40
9318,26.50,53.40
9319,26.50,53.40
9320,26.50,53.50
9321,26.50,53.50
9322,26.50,53.60
9323,26.50,53.60
9324,26.50,53.60
9325,26.50,53.60
9326,26.50,53.50
9327,26.50,53.50
9328,26.50,53.50
9329,26.50,53.50
9330,26.50,53.50
9331,26.50,53.50
9332,26.50,53.60
9333,26.50,53.60
9334,26.50,53.60
9335,26.50,53.60
9336,26.50,53.60
9337,26.50,53.60
9338,26.50,53.60
9339,26.50,53.50
9340,26.50,53.60
9341,26.40,53.60
9342,26.50,53.60
9343,26.50,53.70
9344,26.50,53.70
9345,26.50,53.70
9346,26.50,53.60
9347,26.50,53.70
9348,26.50,53.40
9349,26.50,53.40
9350,26.50,53.30
9351,26.50,53.20
9352,26.50,53.30
9353,26.50,53.30
9354,26.50,53.30
9355,26.50,53.40
9356,26.50,53.50
9357,26.50,53.50
9358,26.50,53.50
9359,26.50,53.50
9360,26.50,53.50
9361,26.50,53.50
9362,26.50,53.50
9363,26.50,53.60
9364,26.50,53.60
9365,26.50,53.60
9366,26.50,53.60
9367,26.50,53.60
9368,26.50,53.60
9369,26.50,53.50
9370,26.50,53.50
9371,26.50,53.60
9372,26.50,53.70
9373,26.50,53.60
9374,26.50,53.60
9375,26.50,53.50
9376,26.50,53.50
9377,26.50,53.50
9378,26.60,53.50
9379,26.50,53.60
9380,26.50,53.70
9381,26.50,53.80
9382,26.50,53.80
9383,26.50,53.80
9384,26.50,53.80
9385,26.50,53.80
9386,26.50,53.70
9387,26.50,53.60
9388,26.50,53.60
9389,26.50,53.70
9390,26.50,53.70
9391,26.50,53.80
9392,26.50,53.90
9393,26.50,54.00
9394,26.50,54.10
9395,26.50,54.10
9396,26.50,54.10
9397,26.50,54.10
9398,26.50,54.00
9399,26.50,54.00
9400,26.50,54.00
9401,26.50,53.90
9402,26.50,53.90
9403,26.50,53.90
9404,26.50,53.90
9405,26.50,53.90
9406,26.50,53.80
9407,26.50,53.90
9408,26.50,53.90
9409,26.50,53.80
9410,26.50,53.90
9411,26.50,53.90
9412,26.50,53.80
9413,26.40,53.80
9414,26.50,53.80
9415,26.40,53.80
9416,26.50,53.80
9417,26.50,53.90
9418,26.40,53.80
9419,26.50,53.80
9420,26.50,53.80
9421,26.40,53.80
9422,26.50,53.90
9423,26.50,53.80
9424,26.50,53.90
9425,26.40,53.90
9426,26.40,53.90
9427,26.40,53.90
9428,26.50,53.90
9429,26.40,53.90
9430,26.40,53.90
9431,26.40,53.80
9432,26.40,53.80
9433,26.40,53.80
9434,26.50,53.80
9435,26.40,53.90
9436,26.40,53.90
9437,26.40,53.90
9438,26.40,53.90
9439,26.40,54.00
9440,26.40,54.00
9441,26.40,54.10
9442,26.40,54.00
9443,26.40,54.00
9444,26.40,54.10
9445,26.40,54.00
9446,26.40,54.00
9447,26.40,54.10
9448,26.40,54.00
9449,26.40,54.00
9450,26.40,54.10
9451,26.40,54.10
9452,26.50,54.10
9453,26.40,54.10
9454,26.40,54.10
9455,26.50,54.00
9456,26.40,54.00
9457,26.40,54.00
9458,26.40,54.10
9459,26.40,54.10
9460,26.50,54.10
9461,26.40,54.00
9462,26.40,54.00
9463,26.40,54.10
9464,26.40,54.00
9465,26.40,54.00
9466,26.50,54.00
9467,26.40,54.00
9468,26.40,54.00
9469,26.40,53.90
9470,26.40,54.00
9471,26.40,54.00
9472,26.40,54.00
9473,26.40,53.90
9474,26.40,53.90
9475,26.40,53.90
9476,26.40,53.90
9477,26.50,54.00
9478,26.40,54.00
9479,26.40,54.00
9480,26.40,53.90
9481,26.40,53.90
9482,26.40,53.90
9483,26.40,53.90
9484,26.40,54.00
9485,26.40,54.00
9486,26.40,54.00
9487,26.50,54.00
9488,26.40,53.90
9489,26.40,53.90
9490,26.40,53.80
9491,26.40,53.90
9492,26.40,53.80
9493,26.40,53.80
9494,26.50,53.90
9495,26.50,53.90
9496,26.50,53.90
9497,26.50,53.90
9498,26.50,54.00
9499,26.40,54.00
9500,26.50,54.00
9501,26.50,53.90
9502,26.50,53.90
9503,26.50,53.90
9504,26.50,54.00
9505,26.50,54.00
9506,26.50,54.00
9507,26.40,54.00
9508,26.50,54.00
9509,26.50,54.00
9510,26.40,54.00
9511,26.40,54.00
9512,26.40,54.00
9513,26.50,54.00
9514,26.40,54.10
9515,26.50,54.10
9516,26.50,54.10
9517,26.40,54.10
9518,26.50,54.10
9519,26.40,54.00
9520,26.40,54.00
9521,26.40,54.00
9522,26.40,54.10
9523,26.40,54.00
9524,26.40,54.10
9525,26.40,54.00
9526,26.40,54.00
9527,26.40,54.00
9528,26.40,54.10
9529,26.40,54.10
9530,26.50,54.10
9531,26.40,54.00
9532,26.40,54.00
9533,26.40,54.00
9534,26.50,54.00
9535,26.40,54.00
9536,26.40,54.00
9537,26.40,54.00
9538,26.40,54.00
9539,26.40,54.10
9540,26.40,54.10
9541,26.40,54.10
9542,26.40,54.00
9543,26.40,54.10
9544,26.40,54.10
9545,26.40,54.10
9546,26.40,54.00
9547,26.40,54.00
9548,26.40,54.00
9549,26.40,54.00
9550,26.40,54.00
9551,26.40,54.00
9552,26.40,54.00
9553,26.40,54.00
9554,26.40,54.00
9555,26.40,54.00
9556,26.40,54.00
9557,26.40,54.00
9558,26.40,54.00
9559,26.40,54.00
9560,26.40,54.10
9561,26.40,54.00
9562,26.40,54.00
9563,26.40,54.00
9564,26.40,54.10
9565,26.40,54.10
9566,26.40,54.10
9567,26.40,54.00
9568,26.40,53.90
9569,26.40,53.90
9570,26.40,53.90
9571,26.40,54.00
9572,26.40,54.00
9573,26.40,54.00
9574,26.40,54.10
9575,26.40,54.00
9576,26.40,54.00
9577,26.40,54.00
9578,26.40,53.90
9579,26.40,54.00
9580,26.40,53.90
9581,26.40,53.90
9582,26.40,53.80
9583,26.40,53.90
9584,26.40,54.00
9585,26.40,54.20
9586,26.40,54.20
9587,26.40,54.10
9588,26.40,54.00
9589,26.40,54.00
9590,26.40,53.90
9591,26.40,53.90
9592,26.40,53.90
9593,26.40,53.90
9594,26.40,53.90
9595,26.40,53.90
9596,26.40,53.90
9597,26.40,53.90
9598,26.40,53.90
9599,26.40,54.00
9600,26.40,54.10
9601,26.40,54.10
9602,26.50,54.00
9603,26.40,54.00
9604,26.40,54.00
9605,26.40,54.10
9606,26.40,54.00
9607,26.40,54.00
9608,26.40,54.10
9609,26.40,54.10
9610,26.40,54.00
9611,26.40,54.10
9612,26.40,54.10
9613,26.40,54.00
9614,26.40,54.00
9615,26.40,54.00
9616,26.40,54.00
9617,26.40,54.10
9618,26.40,54.20
9619,26.40,54.10
9620,26.40,53.90
9621,26.40,53.90
9622,26.50,53.80
9623,26.50,53.90
9624,26.40,53.90
9625,26.40,53.80
9626,26.50,53.90
9627,26.50,53.90
9628,26.40,53.90
9629,26.40,54.00
9630,26.40,54.00
9631,26.50,54.00
9632,26.50,53.90
9633,26.40,53.90
9634,26.40,53.90
9635,26.40,53.90
9636,26.40,53.90
9637,26.40,53.90
9638,26.40,53.90
9639,26.50,53.90
9640,26.50,54.00
9641,26.40,54.00
9642,26.40,54.00
9643,26.40,54.00
9644,26.40,53.90
9645,26.40,54.00
9646,26.40,54.00
9647,26.40,53.90
9648,26.40,53.90
9649,26.40,54.00
9650,26.40,54.00
9651,26.40,53.90
9652,26.40,53.90
9653,26.40,53.90
9654,26.40,53.90
9655,26.40,53.90
9656,26.40,53.90
9657,26.40,53.90
9658,26.40,53.90
9659,26.40,53.90
9660,26.40,54.00
9661,26.40,54.00
9662,26.40,54.10
9663,26.40,54.10
9664,26.40,54.20
9665,26.40,54.10
9666,26.40,54.00
9667,26.40,54.10
9668,26.40,54.00
9669,26.40,54.10
9670,26.40,54.10
9671,26.40,54.20
9672,26.40,54.30
9673,26.40,54.30
9674,26.40,54.30
9675,26.40,54.30
9676,26.40,54.40
9677,26.40,54.40
9678,26.40,54.30
9679,26.40,54.30
9680,26.40,54.40
9681,26.40,54.30
9682,26.40,54.40
9683,26.40,54.40
9684,26.40,54.30
9685,26.40,54.40
9686,26.40,54.30
9687,26.40,54.40
9688,26.40,54.40
9689,26.40,54.40
9690,26.40,54.40
9691,26.40,54.40
9692,26.40,54.40
9693,26.40,54.40
9694,26.40,54.40
9695,26.40,54.40
9696,26.40,54.40
9697,26.40,54.30
9698,26.40,54.30
9699,26.40,54.30
9700,26.40,54.30
9701,26.40,54.30
9702,26.40,54.20
9703,26.40,54.30
9704,26.40,54.30
9705,26.40,54.30
9706,26.40,54.30
9707,26.40,54.30
9708,26.40,54.20
9709,26.40,54.20
9710,26.40,54.20
9711,26.40,54.20
9712,26.40,54.20
9713,26.40,54.30
9714,26.40,54.20
9715,26.40,54.30
9716,26.40,54.20
9717,26.40,54.20
9718,26.40,54.20
9719,26.40,54.20
9720,26.40,54.20
9721,26.40,54.20
9722,26.40,54.20
9723,26.40,54.30
9724,26.40,54.30
9725,26.40,54.30
9726,26.40,54.30
9727,26.40,54.40
9728,26.40,54.40
9729,26.40,54.40
9730,26.40,54.30
9731,26.40,54.30
9732,26.40,54.20
9733,26.40,54.20
9734,26.40,54.30
9735,26.40,54.30
9736,26.40,54.30
9737,26.40,54.40
9738,26.40,54.40
9739,26.40,54.40
9740,26.40,54.40
9741,26.40,54.40
9742,26.40,54.40
9743,26.40,54.40
9744,26.40,54.30
9745,26.40,54.40
9746,26.40,54.40
9747,26.40,54.40
9748,26.40,54.40
9749,26.40,54.40
9750,26.40,54.40
9751,26.40,54.40
9752,26.30,54.40
9753,26.40,54.40
9754,26.40,54.40
9755,26.40,54.40
9756,26.40,54.40
9757,26.40,54.40
9758,26.40,54.30
9759,26.40,54.30
9760,26.40,54.20
9761,26.40,54.30
9762,26.40,54.30
9763,26.30,54.40
9764,26.40,54.40
9765,26.40,54.40
9766,26.40,54.40
9767,26.40,54.40
9768,26.40,54.30
9769,26.40,54.30
9770,26.40,54.30
9771,26.40,54.40
9772,26.40,54.30
9773,26.40,54.40
9774,26.40,54.40
9775,26.40,54.40
9776,26.40,54.40
9777,26.40,54.40
9778,26.40,54.40
9779,26.40,54.40
9780,26.30,54.40
9781,26.40,54.30
9782,26.40,54.20
9783,26.40,54.20
9784,26.40,54.30
9785,26.40,54.20
9786,26.30,54.40
9787,26.40,54.30
9788,26.40,54.30
9789,26.40,54.30
9790,26.40,54.30
9791,26.40,54.40
9792,26.40,54.40
9793,26.40,54.40
9794,26.40,54.40
9795,26.40,54.40
9796,26.40,54.40
9797,26.40,54.40
9798,26.40,54.40
9799,26.40,54.40
9800,26.40,54.30
9801,26.40,54.30
9802,26.40,54.30
9803,26.40,54.40
9804,26.40,54.40
9805,26.40,54.40
9806,26.40,54.30
9807,26.40,54.40
9808,26.40,54.40
9809,26.40,54.40
9810,26.40,54.40
9811,26.40,54.30
9812,26.40,54.30
9813,26.40,54.30
9814,26.40,54.30
9815,26.40,54.30
9816,26.40,54.30
9817,26.40,54.30
9818,26.40,54.30
9819,26.40,54.30
9820,26.40,54.30
9821,26.40,54.30
9822,26.40,54.30
9823,26.40,54.20
9824,26.40,54.20
9825,26.40,54.10
9826,26.40,54.10
9827,26.40,54.20
9828,26.40,54.20
9829,26.40,54.20
9830,26.40,54.20
9831,26.40,54.20
9832,26.40,54.20
9833,26.40,54.10
9834,26.40,54.10
9835,26.40,54.10
9836,26.40,54.10
9837,26.40,54.10
9838,26.40,54.10
9839,26.40,54.20
9840,26.40,54.10
9841,26.40,54.10
9842,26.40,54.10
9843,26.40,54.00
9844,26.40,54.00
9845,26.40,54.10
9846,26.40,54.10
9847,26.40,54.00
9848,26.40,54.00
9849,26.40,54.10
9850,26.40,54.10
9851,26.40,54.20
9852,26.40,54.10
9853,26.40,54.10
9854,26.40,54.10
9855,26.40,54.10
9856,26.40,54.10
9857,26.40,54.00
9858,26.40,54.10
9859,26.40,54.20
9860,26.40,54.20
9861,26.40,54.20
9862,26.40,54.30
9863,26.40,54.30
9864,26.40,54.30
9865,26.40,54.30
9866,26.40,54.30
9867,26.40,54.30
9868,26.40,54.30
9869,26.40,54.30
9870,26.40,54.20
9871,26.40,54.20
9872,26.40,54.20
9873,26.40,54.20
9874,26.40,54.20
9875,26.30,54.20
9876,26.40,54.20
9877,26.40,54.10
9878,26.40,54.10
9879,26.40,54.10
9880,26.40,54.10
9881,26.40,54.10
9882,26.40,54.10
9883,26.40,54.10
9884,26.40,54.10
9885,26.40,54.00
9886,26.40,53.90
9887,26.40,54.00
9888,26.40,54.00
9889,26.40,54.00
9890,26.40,54.00
9891,26.40,54.10
9892,26.40,54.10
9893,26.40,54.10
9894,26.40,54.00
9895,26.40,54.00
9896,26.40,54.00
9897,26.40,54.10
9898,26.40,54.00
9899,26.40,54.10
9900,26.40,54.10
9901,26.40,54.00
9902,26.40,54.10
9903,26.40,54.00
9904,26.40,54.00
9905,26.40,54.00
9906,26.40,54.10
9907,26.40,54.10
9908,26.40,54.10
9909,26.40,54.10
9910,26.40,54.20
9911,26.40,54.10
9912,26.40,54.10
9913,26.40,54.10
9914,26.40,54.10
9915,26.40,54.00
9916,26.40,54.00
9917,26.40,54.10
9918,26.40,54.00
9919,26.40,53.90
9920,26.40,53.80
9921,26.40,53.80
9922,26.40,53.80
9923,26.40,53.90
9924,26.40,53.80
9925,26.40,53.90
9926,26.40,54.00
9927,26.40,54.00
9928,26.40,54.00
9929,26.40,54.10
9930,26.40,54.10
9931,26.40,54.20
9932,26.40,54.20
9933,26.40,54.10
9934,26.40,54.10
9935,26.40,54.10
9936,26.40,54.10
9937,26.40,54.20
9938,26.40,54.20
9939,26.40,54.10
9940,26.40,54.20
9941,26.40,54.10
9942,26.40,54.20
9943,26.40,54.20
9944,26.40,54.30
9945,26.40,54.20
9946,26.40,54.20
9947,26.40,54.30
9948,26.40,54.30
9949,26.40,54.20
9950,26.40,54.00
9951,26.40,54.10
9952,26.40,54.00
9953,26.40,54.10
9954,26.40,54.10
9955,26.40,54.00
9956,26.40,54.00
9957,26.40,54.00
9958,26.40,54.00
9959,26.40,54.00
9960,26.40,54.00
9961,26.40,54.10
9962,26.40,54.10
9963,26.40,54.10
9964,26.40,54.10
9965,26.40,54.10
9966,26.40,54.10
9967,26.40,54.10
9968,26.40,54.00
9969,26.40,54.10
9970,26.40,54.10
9971,26.40,54.10
9972,26.40,54.00
9973,26.40,54.10
9974,26.40,54.10
9975,26.40,54.00
9976,26.40,54.00
9977,26.40,54.10
9978,26.40,54.10
9979,26.40,54.00
9980,26.40,54.00
9981,26.40,54.00
9982,26.40,54.10
9983,26.40,54.00
9984,26.40,53.90
9985,26.40,53.80
9986,26.40,53.80
9987,26.40,54.50
9988,26.40,54.60
9989,26.40,54.60
9990,26.40,54.50
9991,26.50,54.30
9992,26.40,54.30
9993,26.50,54.20
9994,26.40,54.10
9995,26.50,54.10
9996,26.40,54.00
9997,26.40,54.00
9998,26.40,53.90
9999,26.50,53.80
10000,26.50,53.90
10001,26.50,53.90
10002,26.50,53.90
10003,26.50,53.90
10004,26.50,53.90
10005,26.40,53.90
10006,26.50,53.90
10007,26.50,53.90
10008,26.40,53.90
10009,26.50,53.90
10010,26.50,53.90
10011,26.50,53.90
10012,26.50,53.90
10013,26.50,53.90
10014,26.50,53.90
10015,26.40,53.90
10016,26.50,53.90
10017,26.50,53.70
10018,26.40,53.80
10019,26.40,53.80
10020,26.40,53.80
10021,26.50,53.80
10022,26.50,53.80
10023,26.40,53.80
10024,26.50,53.90
10025,26.40,53.90
10026,26.50,54.10
10027,26.50,54.20
10028,26.40,54.30
10029,26.40,54.30
10030,26.40,54.20
10031,26.50,54.10
10032,26.40,54.10
10033,26.50,54.00
10034,26.40,53.90
10035,26.50,53.90
10036,26.50,53.90
10037,26.40,53.80
10038,26.50,53.80
10039,26.50,53.90
10040,26.40,53.90
10041,26.50,53.90
10042,26.40,54.00
10043,26.40,54.00
10044,26.40,54.00
10045,26.40,54.00
10046,26.40,54.00
10047,26.40,54.10
10048,26.40,54.10
10049,26.50,54.10
10050,26.50,54.20
10051,26.40,54.10
10052,26.40,54.20
10053,26.40,54.20
10054,26.40,54.30
10055,26.40,54.20
10056,26.40,54.20
10057,26.40,54.10
10058,26.40,54.30
10059,26.40,54.30
10060,26.40,54.10
10061,26.50,54.00
10062,26.40,54.00
10063,26.40,54.10
10064,26.40,54.20
10065,26.40,54.20
10066,26.40,54.10
10067,26.40,54.10
10068,26.40,54.20
10069,26.50,54.30
10070,26.40,54.30
10071,26.40,54.30
10072,26.40,54.40
10073,26.40,54.30
10074,26.40,54.20
10075,26.40,54.20
10076,26.40,54.20
10077,26.40,54.20
10078,26.40,54.30
10079,26.40,54.20
10080,26.40,54.30
10081,26.40,54.30
10082,26.40,54.20
10083,26.40,54.20
10084,26.50,54.30
10085,26.40,54.30
10086,26.50,54.30
10087,26.40,54.30
10088,26.40,54.30
10089,26.40,54.40
10090,26.40,54.30
10091,26.40,54.40
10092,26.40,54.40
10093,26.40,54.50
10094,26.40,54.50
10095,26.40,54.50
10096,26.40,54.50
10097,26.40,54.50
10098,26.40,54.50
10099,26.40,54.50
10100,26.40,54.50
10101,26.40,54.50
10102,26.40,54.40
10103,26.40,54.50
10104,26.40,54.50
10105,26.40,54.40
10106,26.40,54.40
10107,26.50,54.40
10108,26.40,54.40
10109,26.40,54.40
10110,26.40,54.40
10111,26.40,54.30
10112,26.40,54.20
10113,26.40,54.10
10114,26.40,54.10
10115,26.40,54.20
10116,26.50,54.20
10117,26.40,54.20
10118,26.40,54.20
10119,26.40,54.30
10120,26.40,54.40
10121,26.50,54.40
10122,26.50,54.40
10123,26.40,54.30
10124,26.50,54.30
10125,26.50,54.30
10126,26.50,54.30
10127,26.50,54.20
10128,26.50,54.30
10129,26.50,54.20
10130,26.50,54.20
10131,26.50,54.20
10132,26.50,54.10
10133,26.50,54.20
10134,26.50,54.20
10135,26.50,54.20
10136,26.50,54.20
10137,26.50,54.20
10138,26.50,54.20
10139,26.50,54.20
10140,26.50,54.20
10141,26.50,54.20
10142,26.50,54.30
10143,26.50,54.30
10144,26.50,54.30
10145,26.50,54.30
10146,26.50,54.30
10147,26.50,54.30
10148,26.50,54.30
10149,26.40,54.30
10150,26.50,54.30
10151,26.50,54.20
10152,26.50,54.30
10153,26.50,54.20
10154,26.50,54.20
10155,26.40,54.20
10156,26.50,54.20
10157,26.50,54.30
10158,26.50,54.30
10159,26.40,54.30
10160,26.40,54.30
10161,26.50,54.40
10162,26.50,54.30
10163,26.50,54.30
10164,26.50,54.30
10165,26.50,54.20
10166,26.50,54.30
10167,26.50,54.20
10168,26.40,54.20
10169,26.40,54.30
10170,26.50,54.20
10171,26.50,54.10
10172,26.50,54.10
10173,26.50,54.20
10174,26.50,54.10
10175,26.50,54.10
10176,26.50,54.10
10177,26.50,54.20
10178,26.50,54.20
10179,26.50,54.10
10180,26.50,54.10
10181,26.50,54.10
10182,26.50,54.10
10183,26.50,54.10
10184,26.50,54.00
10185,26.50,54.10
10186,26.50,54.10
10187,26.50,54.00
10188,26.50,54.00
10189,26.50,54.00
10190,26.50,54.10
10191,26.50,54.00
10192,26.50,54.00
10193,26.50,54.00
10194,26.40,54.00
10195,26.50,54.10
10196,26.40,54.10
10197,26.50,54.10
10198,26.50,54.10
10199,26.50,54.10
10200,26.50,54.10
10201,26.50,54.20
10202,26.50,54.20
10203,26.50,54.20
10204,26.50,54.20
10205,26.40,54.20
10206,26.50,54.20
10207,26.50,54.30
10208,26.50,54.30
10209,26.50,54.40
10210,26.40,54.40
10211,26.40,54.40
10212,26.50,54.40
10213,26.40,54.40
10214,26.50,54.30
10215,26.50,54.40
10216,26.50,54.50
10217,26.50,54.50
10218,26.50,54.50
10219,26.50,54.50
10220,26.50,54.50
10221,26.50,54.40
10222,26.50,54.40
10223,26.50,54.40
10224,26.50,54.40
10225,26.50,54.40
10226,26.50,54.30
10227,26.50,54.40
10228,26.50,54.40
10229,26.50,54.40
10230,26.50,54.40
10231,26.50,54.30
10232,26.50,54.40
10233,26.50,54.40
10234,26.50,54.40
10235,26.40,54.30
10236,26.50,54.30
10237,26.50,54.30
10238,26.50,54.30
10239,26.50,54.30
10240,26.50,54.20
10241,26.50,54.20
10242,26.50,54.10
10243,26.50,54.10
10244,26.50,54.10
10245,26.50,54.10
10246,26.50,54.10
10247,26.50,54.10
10248,26.50,54.10
10249,26.50,54.20
10250,26.50,54.10
10251,26.50,54.10
10252,26.50,54.20
10253,26.50,54.10
10254,26.50,54.10
10255,26.50,54.10
10256,26.50,54.10
10257,26.50,54.20
10258,26.50,54.10
10259,26.50,54.10
10260,26.50,54.10
10261,26.50,54.10
10262,26.50,54.20
10263,26.50,54.10
10264,26.50,54.10
10265,26.40,54.10
10266,26.50,54.10
10267,26.50,54.00
10268,26.50,54.10
10269,26.50,54.10
10270,26.50,54.10
10271,26.50,54.10
10272,26.50,54.10
10273,26.50,54.10
10274,26.50,54.10
10275,26.50,54.00
10276,26.50,54.00
10277,26.50,54.00
10278,26.50,54.00
10279,26.50,54.00
10280,26.50,53.90
10281,26.50,53.90
10282,26.50,53.90
10283,26.50,53.90
10284,26.60,53.90
10285,26.50,53.80
10286,26.50,53.80
10287,26.60,53.80
10288,26.60,53.80
10289,26.60,53.80
10290,26.60,53.80
10291,26.60,53.80
10292,26.60,53.70
10293,26.60,53.70
10294,26.60,53.80
10295,26.50,53.70
10296,26.60,53.70
10297,26.50,53.70
10298,26.50,53.70
10299,26.50,53.60
10300,26.50,53.60
10301,26.60,53.60
10302,26.50,53.70
10303,26.60,53.70
10304,26.60,53.60
10305,26.60,53.60
10306,26.60,53.60
10307,26.60,53.70
10308,26.60,53.70
10309,26.60,53.60
10310,26.60,53.60
10311,26.60,53.40
10312,26.60,53.50
10313,26.60,53.50
10314,26.50,53.60
10315,26.50,53.60
10316,26.60,53.70
10317,26.50,53.60
10318,26.60,53.60
10319,26.50,53.60
10320,26.50,53.70
10321,26.60,53.70
10322,26.60,53.60
10323,26.50,53.60
10324,26.50,53.60
10325,26.60,53.70
10326,26.50,53.60
10327,26.60,53.70
10328,26.50,53.60
10329,26.50,53.70
10330,26.50,53.90
10331,26.60,54.00
10332,26.50,54.00
10333,26.60,54.00
10334,26.60,54.00
10335,26.60,54.00
10336,26.60,54.00
10337,26.60,54.20
10338,26.60,54.10
10339,26.60,54.10
10340,26.50,54.10
10341,26.60,54.10
10342,26.50,54.10
10343,26.50,54.10
10344,26.60,54.00
10345,26.60,54.00
10346,26.50,54.00
10347,26.60,54.00
10348,26.60,53.90
10349,26.50,54.00
10350,26.50,53.90
10351,26.60,53.90
10352,26.60,53.90
10353,26.60,53.90
10354,26.60,53.90
10355,26.60,54.00
10356,26.50,53.90
10357,26.60,53.90
10358,26.60,53.90
10359,26.60,53.90
10360,26.50,53.90
10361,26.60,53.90
10362,26.60,54.00
10363,26.50,54.00
10364,26.60,54.00
10365,26.60,54.00
10366,26.50,54.10
10367,26.50,54.20
10368,26.60,54.30
10369,26.50,54.30
10370,26.60,54.20
10371,26.50,54.20
10372,26.60,54.30
10373,26.60,54.20
10374,26.50,54.20
10375,26.50,54.20
10376,26.60,54.20
10377,26.60,54.30
10378,26.60,54.30
10379,26.60,54.20
10380,26.60,54.20
10381,26.60,54.20
10382,26.50,54.10
10383,26.60,54.10
10384,26.60,54.00
10385,26.60,54.00
10386,26.60,54.10
10387,26.50,54.10
10388,26.50,54.10
10389,26.60,54.20
10390,26.60,54.10
10391,26.60,54.20
10392,26.60,54.20
10393,26.60,54.20
10394,26.60,54.20
10395,26.60,54.20
10396,26.50,54.20
10397,26.60,53.90
10398,26.60,53.90
10399,26.60,53.80
10400,26.60,53.80
10401,26.60,53.90
10402,26.60,54.00
10403,26.60,54.00
10404,26.60,54.00
10405,26.60,54.00
10406,26.60,54.00
10407,26.60,54.10
10408,26.60,54.00
10409,26.60,54.10
10410,26.60,54.00
10411,26.60,54.10
10412,26.60,54.00
10413,26.50,53.90
10414,26.60,54.00
10415,26.60,54.10
10416,26.60,54.00
10417,26.60,54.00
10418,26.60,54.10
10419,26.60,54.00
10420,26.60,54.00
10421,26.50,54.10
10422,26.60,54.00
10423,26.60,54.00
10424,26.60,54.00
10425,26.60,54.00
10426,26.60,54.10
10427,26.60,54.10
10428,26.60,54.10
10429,26.60,54.10
10430,26.60,54.20
10431,26.60,54.20
10432,26.60,54.20
10433,26.60,54.10
10434,26.60,54.10
10435,26.60,54.10
10436,26.60,54.00
10437,26.60,54.00
10438,26.60,53.90
10439,26.60,53.90
10440,26.60,53.80
10441,26.60,53.70
10442,26.60,53.70
10443,26.60,53.60
10444,26.60,53.70
10445,26.60,53.70
10446,26.70,53.80
10447,26.60,53.80
10448,26.60,53.80
10449,26.60,53.80
10450,26.60,53.80
10451,26.60,53.70
10452,26.60,53.70
10453,26.60,53.70
10454,26.60,53.70
10455,26.60,53.70
10456,26.70,53.80
10457,26.60,53.90
10458,26.60,53.90
10459,26.60,53.90
10460,26.60,54.00
10461,26.60,54.10
10462,26.70,54.20
10463,26.60,54.20
10464,26.70,54.20
10465,26.70,54.20
10466,26.70,54.30
10467,26.60,54.30
10468,26.60,54.30
10469,26.70,54.20
10470,26.70,54.20
10471,26.70,54.20
10472,26.70,54.20
10473,26.70,54.10
10474,26.60,54.10
10475,26.70,54.10
10476,26.70,54.10
10477,26.70,54.10
10478,26.70,54.20
10479,26.70,54.10
10480,26.70,54.10
10481,26.60,54.10
10482,26.70,54.10
10483,26.60,54.10
10484,26.70,54.00
10485,26.70,53.90
10486,26.70,53.80
10487,26.70,53.70
10488,26.70,53.70
10489,26.70,53.70
10490,26.60,53.70
10491,26.60,53.70
10492,26.70,53.70
10493,26.60,53.70
10494,26.70,53.80
10495,26.70,53.90
10496,26.70,54.00
10497,26.60,53.90
10498,26.70,54.00
10499,26.70,54.00
10500,26.70,53.90
10501,26.70,53.90
10502,26.70,53.90
10503,26.70,53.80
10504,26.70,53.70
10505,26.70,53.60
10506,26.70,53.50
10507,26.70,53.50
10508,26.70,53.30
10509,26.70,53.30
10510,26.70,53.40
10511,26.70,53.50
10512,26.70,53.60
10513,26.70,53.60
10514,26.70,53.60
10515,26.70,53.60
10516,26.60,53.60
10517,26.70,53.50
10518,26.70,53.50
10519,26.70,53.50
10520,26.70,53.50
10521,26.70,53.50
10522,26.70,53.50
10523,26.70,53.60
10524,26.70,53.40
10525,26.70,53.30
10526,26.70,53.30
10527,26.70,53.30
10528,26.70,53.30
10529,26.70,53.30
10530,26.70,53.10
10531,26.70,53.10
10532,26.70,53.20
10533,26.70,53.10
10534,26.60,53.20
10535,26.70,53.20
10536,26.70,53.20
10537,26.70,53.30
10538,26.70,53.20
10539,26.70,53.20
10540,26.70,53.10
10541,26.70,53.00
10542,26.70,53.00
10543,26.70,52.90
10544,26.70,53.00
10545,26.60,53.00
10546,26.70,53.10
10547,26.70,53.10
10548,26.70,53.10
10549,26.70,53.10
10550,26.60,53.20
10551,26.70,53.30
10552,26.70,53.30
10553,26.60,53.30
10554,26.70,53.40
10555,26.70,53.30
10556,26.70,53.20
10557,26.70,53.10
10558,26.70,53.00
10559,26.70,52.90
10560,26.70,53.00
10561,26.60,52.90
10562,26.70,52.90
10563,26.70,52.80
10564,26.70,52.80
10565,26.70,52.80
10566,26.70,52.90
10567,26.70,52.80
10568,26.60,52.80
10569,26.70,52.80
10570,26.70,52.70
10571,26.70,52.60
10572,26.70,52.70
10573,26.70,52.70
10574,26.70,52.70
10575,26.60,52.80
10576,26.70,52.80
10577,26.70,52.90
10578,26.70,53.00
10579,26.70,52.90
10580,26.70,53.00
10581,26.70,52.90
10582,26.70,52.70
10583,26.70,52.70
10584,26.70,52.70
10585,26.70,52.70
10586,26.70,52.80
10587,26.70,52.70
10588,26.70,52.80
10589,26.80,52.80
10590,26.70,52.70
10591,26.70,52.70
10592,26.70,52.70
10593,26.70,52.70
10594,26.70,52.70
10595,26.80,52.80
10596,26.70,52.80
10597,26.80,52.90
10598,26.80,53.00
10599,26.80,53.00
10600,26.80,53.10
10601,26.80,53.10
10602,26.70,53.10
10603,26.80,53.00
10604,26.80,53.00
10605,26.80,52.90
10606,26.80,52.90
10607,26.80,52.90
10608,26.80,52.90
10609,26.80,52.80
10610,26.80,52.70
10611,26.80,52.70
10612,26.80,52.50
10613,26.80,52.60
10614,26.80,52.50
10615,26.80,52.50
10616,26.80,52.50
10617,26.80,52.50
10618,26.80,52.50
10619,26.80,52.70
10620,26.80,52.70
10621,26.80,52.70
10622,26.80,52.70
10623,26.80,52.70
10624,26.80,52.80
10625,26.80,53.10
10626,26.80,53.20
10627,26.80,53.10
10628,26.90,53.20
10629,26.80,53.10
10630,26.80,53.10
10631,26.80,52.90
10632,26.80,52.80
10633,26.90,52.70
10634,26.90,52.70
10635,26.80,52.70
10636,26.90,52.80
10637,26.90,52.70
10638,26.90,52.60
10639,26.90,52.50
10640,26.90,52.50
10641,26.90,52.50
10642,26.90,52.50
10643,26.90,52.50
10644,26.90,52.40
10645,26.90,52.50
10646,26.90,52.50
10647,26.90,52.60
10648,26.90,52.70
10649,26.90,52.70
10650,26.90,52.70
10651,26.90,52.80
10652,26.90,52.80
10653,26.90,52.70
10654,26.90,52.80
10655,26.90,52.60
10656,26.90,52.70
10657,26.90,52.70
10658,26.90,52.70
10659,26.90,52.60
10660,26.90,52.70
10661,26.90,52.60
10662,26.90,52.50
10663,26.90,52.50
10664,26.90,52.50
10665,26.80,52.40
10666,26.80,52.30
10667,26.90,52.30
10668,26.80,52.30
10669,26.90,52.30
10670,26.90,52.40
10671,26.90,52.30
10672,26.90,52.40
10673,26.90,52.40
10674,26.90,52.50
10675,26.90,52.40
10676,26.90,52.40
10677,26.80,52.40
10678,26.90,52.50
10679,26.90,52.50
10680,26.90,52.50
10681,26.90,52.60
10682,26.90,52.50
10683,26.90,52.50
10684,26.90,52.50
10685,26.80,52.40
10686,26.90,52.40
10687,26.90,52.30
10688,26.90,52.20
10689,26.90,52.20
10690,26.90,52.10
10691,26.90,52.10
10692,26.80,52.10
10693,26.80,52.30
10694,26.90,52.30
10695,26.90,52.40
10696,26.90,52.40
10697,26.90,52.30
10698,26.80,52.30
10699,26.80,52.30
10700,26.90,52.10
10701,26.90,52.10
10702,26.80,52.10
10703,26.90,52.00
10704,26.80,52.00
10705,26.90,52.10
10706,26.80,52.20
10707,26.80,52.20
10708,26.90,52.20
10709,26.80,52.10
10710,26.80,52.10
10711,26.80,52.10
10712,26.80,52.10
10713,26.80,52.10
10714,26.80,52.10
10715,26.80,52.10
10716,26.80,52.20
10717,26.80,52.10
10718,26.80,52.10
10719,26.80,52.10
10720,26.80,52.20
10721,26.80,52.20
10722,26.80,52.20
10723,26.80,52.20
10724,26.80,52.20
10725,26.80,52.20
10726,26.80,52.10
10727,26.80,52.20
10728,26.80,52.20
10729,26.80,52.30
10730,26.80,52.40
10731,26.80,52.40
10732,26.80,52.40
10733,26.80,52.50
10734,26.80,52.40
10735,26.80,52.40
10736,26.80,52.20
10737,26.80,52.20
10738,26.80,52.20
10739,26.80,52.10
10740,26.80,52.20
10741,26.80,52.10
10742,26.80,52.10
10743,26.80,52.10
10744,26.80,51.90
10745,26.80,52.00
10746,26.80,52.00
10747,26.80,51.90
10748,26.80,51.90
10749,26.80,51.90
10750,26.80,51.90
10751,26.80,52.00
10752,26.80,51.90
10753,26.80,51.90
10754,26.80,51.80
10755,26.80,51.70
10756,26.80,51.80
10757,26.80,51.90
10758,26.80,52.10
10759,26.80,52.40
10760,26.80,52.50
10761,26.80,52.50
10762,26.80,52.50
10763,26.80,52.40
10764,26.80,52.40
10765,26.80,52.40
10766,26.80,52.40
10767,26.80,52.40
10768,26.80,52.50
10769,26.80,52.60
10770,26.80,52.50
10771,26.80,52.50
10772,26.80,52.40
10773,26.80,52.40
10774,26.80,52.30
10775,26.80,52.20
10776,26.80,52.10
10777,26.80,52.10
10778,26.80,52.20
10779,26.80,52.00
10780,26.80,52.10
10781,26.80,52.10
10782,26.80,52.00
10783,26.80,52.00
10784,26.80,52.10
10785,26.80,52.10
10786,26.70,52.10
10787,26.80,52.10
10788,26.80,52.10
10789,26.80,52.10
10790,26.80,52.10
10791,26.80,52.10
10792,26.80,52.10
10793,26.80,52.20
10794,26.80,52.10
10795,26.80,52.20
10796,26.80,52.30
10797,26.80,52.30
10798,26.80,52.40
10799,26.80,52.30
10800,26.80,52.40
10801,26.70,52.50
10802,26.80,52.40
10803,26.80,52.50
10804,26.80,52.40
10805,26.80,52.50
10806,26.80,52.50
10807,26.70,52.60
10808,26.80,52.40
10809,26.80,52.50
10810,26.80,52.60
10811,26.80,52.50
10812,26.70,52.50
10813,26.80,52.40
10814,26.80,52.50
10815,26.70,52.50
10816,26.80,52.40
10817,26.80,52.30
10818,26.70,52.30
10819,26.70,52.30
10820,26.80,52.20
10821,26.70,52.20
10822,26.70,52.20
10823,26.70,52.20
10824,26.70,52.30
10825,26.70,52.30
10826,26.80,52.10
10827,26.70,52.00
10828,26.80,52.00
10829,26.80,52.00
10830,26.70,52.10
10831,26.70,52.20
10832,26.80,52.20
10833,26.70,52.10
10834,26.70,52.00
10835,26.70,52.10
10836,26.70,52.30
10837,26.70,52.40
10838,26.70,52.50
10839,26.70,52.50
10840,26.70,52.60
10841,26.70,52.60
10842,26.70,52.60
10843,26.70,52.70
10844,26.70,52.70
10845,26.60,52.80
10846,26.70,52.90
10847,26.70,52.60
10848,26.70,52.50
10849,26.70,52.60
10850,26.70,52.50
10851,26.70,52.60
10852,26.70,52.70
10853,26.60,52.60
10854,26.70,52.60
10855,26.60,52.60
10856,26.60,52.60
10857,26.60,52.60
10858,29.90,83.80
10859,29.90,83.70
10860,29.90,83.60
10861,30.00,83.60
10862,30.00,83.50
10863,30.00,83.50
10864,30.00,83.40
10865,30.00,83.40
10866,30.00,83.90
10867,30.00,83.30
10868,30.10,83.90
10869,30.00,83.90
10870,30.10,83.80
10871,30.10,83.80
10872,30.10,83.80
10873,30.10,83.70
10874,30.10,83.80
10875,30.10,83.70
10876,30.10,83.70
10877,30.10,83.70
10878,30.10,83.60
10879,30.10,83.70
10880,30.10,83.60
10881,30.10,83.50
10882,30.10,83.60
10883,30.10,83.60
10884,30.10,83.60
10885,30.10,83.50
10886,30.10,83.50
10887,30.10,83.50
10888,30.10,83.50
10889,30.10,83.50
10890,30.10,83.50
10891,30.10,83.50
10892,30.10,83.50
10893,30.20,83.50
10894,30.20,83.40
10895,30.20,83.40
10896,30.20,83.40
10897,30.20,83.40
10898,30.20,83.40
10899,30.20,83.40
10900,30.20,83.40
10901,30.20,83.40
10902,30.20,83.40
10903,30.20,83.40
10904,30.20,83.40
10905,30.20,83.30
10906,30.20,83.30
10907,30.20,83.30
10908,30.20,83.40
10909,30.20,83.40
10910,30.20,83.30
10911,30.20,83.30
10912,30.20,83.30
10913,30.20,83.30
10914,30.20,83.40
10915,30.20,83.30
10916,30.20,83.30
10917,30.20,83.30
10918,30.20,83.30
10919,30.20,83.30
10920,30.20,83.20
10921,30.20,83.30
10922,30.20,83.30
10923,30.20,83.30
10924,30.20,83.30
10925,30.20,83.30
10926,30.20,83.30
10927,30.20,83.30
10928,30.20,83.20
10929,30.20,83.20
10930,30.20,83.20
10931,30.20,83.30
10932,30.20,83.30
10933,30.20,83.20
10934,30.20,83.20
10935,30.20,83.30
10936,30.20,83.30
10937,30.20,83.20
10938,30.20,83.30
10939,30.20,83.20
10940,30.20,83.40
10941,30.20,85.30
10942,30.30,88.30
10943,30.40,90.80
10944,30.50,91.00
10945,30.60,86.60
10946,30.70,84.70
10947,30.80,83.10
10948,30.80,82.30
10949,30.90,81.70
10950,31.00,81.20
10951,31.00,81.00
10952,31.00,80.70
10953,31.00,80.60
10954,31.00,80.60
10955,31.00,80.60
10956,31.00,80.50
10957,31.00,80.60
10958,31.00,80.60
10959,31.00,80.60
10960,30.90,80.60
10961,30.90,80.70
10962,30.90,80.80
10963,30.90,80.80
10964,30.90,80.80
10965,30.80,81.00
10966,30.80,81.00
10967,30.80,81.10
10968,30.80,81.20
10969,30.80,81.30
10970,30.70,81.30
10971,30.70,81.40
10972,30.70,81.50
10973,30.70,81.50
10974,30.70,81.60
10975,30.70,81.70
10976,30.60,81.70
10977,30.60,81.70
10978,30.60,81.80
10979,30.60,83.20
10980,30.60,82.50
10981,30.60,82.40
10982,30.60,82.20
10983,30.60,82.10
10984,30.80,83.80
10985,30.80,82.50
10986,30.80,81.90
10987,30.80,81.60
10988,30.80,81.50
10989,30.80,81.40
10990,30.80,81.40
10991,30.80,81.40
10992,30.70,81.30
10993,30.70,81.40
10994,30.70,81.40
10995,30.70,81.50
10996,30.70,81.50
10997,30.70,81.60
10998,30.70,81.60
10999,30.60,81.70
11000,30.60,81.70
11001,30.60,81.80
11002,30.60,81.80
11003,30.60,81.90
11004,30.60,82.00
11005,30.60,82.00
11006,30.60,82.00
11007,30.50,82.10
11008,30.50,82.10
11009,30.50,82.20
11010,30.50,82.20
11011,30.50,82.20
11012,30.50,82.30
11013,30.40,82.40
11014,30.40,82.40
11015,30.40,82.50
11016,30.40,82.50
11017,30.40,82.50
11018,30.40,82.60
11019,30.40,82.60
11020,30.40,82.60
11021,30.40,82.70
11022,30.40,82.70
11023,30.40,82.70
11024,30.40,82.70
11025,30.40,82.80
11026,30.40,82.80
11027,30.40,82.80
11028,30.40,82.80
11029,30.30,82.90
11030,30.40,82.90
11031,30.40,82.90
11032,30.40,82.90
11033,30.30,82.90
11034,30.30,82.90
11035,30.30,82.80
11036,30.30,82.70
11037,30.30,82.70
11038,30.30,82.50
11039,30.30,82.40
11040,30.30,82.40
11041,30.30,82.40
11042,30.30,82.40
11043,30.30,82.40
11044,30.30,82.30
11045,30.30,82.30
11046,30.30,82.20
11047,30.30,82.20
11048,30.30,82.30
11049,30.30,82.30
11050,30.30,82.40
11051,30.30,82.40
11052,30.30,82.40
11053,30.30,82.50
11054,30.20,82.50
11055,30.30,82.50
11056,30.30,82.50
11057,30.20,82.60
11058,30.30,82.60
11059,30.20,82.60
11060,30.30,82.50
11061,30.20,82.70
11062,30.20,82.60
11063,30.20,82.60
11064,30.30,82.60
11065,30.30,82.70
11066,30.20,82.70
11067,30.20,82.70
11068,30.20,82.70
11069,30.30,82.70
11070,30.20,82.80
11071,30.20,82.70
11072,30.30,82.70
11073,30.20,82.70
11074,30.30,82.70
11075,30.30,82.70
11076,30.20,82.70
11077,30.30,82.80
11078,30.20,82.80
11079,30.20,82.80
11080,30.20,82.80
11081,30.30,82.90
11082,30.20,83.00
11083,30.30,82.80
11084,30.20,82.80
11085,30.30,82.70
11086,30.30,82.80
11087,30.30,82.90
11088,30.20,82.90
11089,30.30,83.00
11090,30.30,82.90
11091,30.30,82.80
11092,30.30,82.80
11093,30.30,82.80
11094,30.30,82.70
11095,30.30,82.70
11096,30.30,82.70
11097,30.30,82.80
11098,30.30,82.80
11099,30.30,82.80
11100,30.30,82.80
11101,30.30,82.70
11102,30.40,82.70
11103,30.30,82.70
11104,30.30,82.70
11105,30.30,82.70
11106,30.30,82.70
11107,30.30,82.70
11108,30.30,82.70
11109,30.30,82.70
11110,30.30,82.70
11111,30.30,82.70
11112,30.30,82.70
11113,30.30,82.70
11114,30.30,82.70
11115,30.30,82.70
11116,30.30,82.70
11117,30.30,82.80
11118,30.30,82.80
11119,30.30,82.80
11120,30.30,82.80
11121,30.30,82.80
11122,30.30,82.80
11123,30.30,82.80
11124,30.30,82.80
11125,30.30,82.80
11126,30.30,82.80
11127,30.30,82.80
11128,30.30,82.80
11129,30.30,82.80
11130,30.30,82.90
11131,30.30,82.90
11132,30.30,82.80
11133,30.30,82.80
11134,30.30,82.80
11135,30.30,82.90
11136,30.30,82.90
11137,30.30,82.90
11138,30.30,82.80
11139,30.30,82.80
11140,30.30,82.80
11141,30.30,82.90
11142,30.30,82.90
11143,30.30,83.00
11144,30.30,82.90
11145,30.30,82.80
11146,30.30,82.90
11147,30.30,82.90
11148,30.30,82.80
11149,30.30,82.80
11150,30.30,82.90
11151,30.30,82.90
11152,30.30,82.90
11153,30.30,82.90
11154,30.30,82.90
11155,30.30,82.90
11156,30.30,82.90
11157,30.30,82.90
11158,30.30,82.80
11159,30.30,82.90
11160,30.30,82.90
11161,30.30,82.90
11162,30.30,82.90
11163,30.30,82.90
11164,30.30,82.90
11165,30.30,82.90
11166,30.30,82.90
11167,30.30,82.80
11168,30.30,82.90
11169,30.30,82.90
11170,30.30,83.00
11171,30.30,82.90
11172,30.30,82.90
11173,30.30,82.90
11174,30.30,82.90
11175,30.30,82.90
11176,30.30,82.80
11177,30.30,82.90
11178,30.30,82.90
11179,30.30,82.90
11180,30.30,82.90
11181,30.30,82.90
11182,30.30,82.90
11183,30.30,82.90
11184,30.30,82.90
11185,30.30,82.90
11186,30.30,82.90
11187,30.30,82.90
11188,30.30,82.90
11189,30.30,82.80
11190,30.30,82.90
11191,30.30,82.90
11192,30.30,82.90
11193,30.30,83.00
11194,30.30,82.90
11195,30.30,82.90
11196,30.30,82.90
11197,30.30,82.90
11198,30.30,83.00
11199,30.30,82.90
11200,30.30,82.90
11201,30.30,83.00
11202,30.30,82.90
11203,30.30,82.90
11204,30.30,82.90
11205,30.30,82.90
11206,30.30,82.90
11207,30.30,82.90
11208,30.30,82.90
11209,30.30,82.90
11210,30.30,83.00
11211,30.30,83.00
11212,30.30,82.90
11213,30.30,83.00
11214,30.30,82.90
11215,30.30,83.00
11216,30.30,82.90
11217,30.30,82.90
11218,30.30,82.90
11219,30.30,82.90
11220,30.30,82.90
11221,30.30,82.90
11222,30.30,82.90
11223,30.30,83.00
11224,30.30,82.90
11225,30.30,82.90
11226,30.30,83.00
11227,30.30,82.90
11228,30.30,83.00
11229,30.30,83.00
11230,30.30,82.90
11231,30.30,82.90
11232,30.30,83.00
11233,30.30,82.90
11234,30.30,82.90
11235,30.30,82.90
11236,30.30,82.90
11237,30.30,83.00
11238,30.30,82.90
11239,30.30,83.00
11240,30.30,83.00
11241,30.30,83.00
11242,30.30,83.00
11243,30.30,82.90
11244,30.30,83.00
11245,30.30,83.00
11246,30.30,83.00
11247,30.30,82.90
11248,30.30,82.90
11249,30.30,83.00
11250,30.30,82.90
11251,30.30,83.00
11252,30.30,83.00
11253,30.30,83.00
11254,30.30,83.00
11255,30.30,83.00
11256,30.30,83.00
11257,30.30,83.00
11258,30.30,83.00
11259,30.30,83.00
11260,30.30,82.90
11261,30.30,83.00
11262,30.30,83.00
11263,30.30,83.00
11264,30.30,82.90
11265,30.30,83.00
11266,30.30,83.00
11267,30.30,83.00
11268,30.30,83.00
11269,30.30,83.00
11270,30.40,83.00
11271,30.30,83.00
11272,30.40,83.00
11273,30.40,83.00
11274,30.30,83.00
11275,30.30,82.90
11276,30.30,83.00
11277,30.30,83.00
11278,30.30,82.90
11279,30.30,82.90
11280,30.30,83.00
11281,30.30,82.90
11282,30.40,82.90
11283,30.40,82.90
11284,30.30,82.90
11285,30.40,83.00
11286,30.40,83.00
11287,30.30,83.00
11288,30.30,83.00
11289,30.40,83.00
11290,30.30,83.00
11291,30.30,82.90
11292,30.30,82.90
11293,30.40,83.00
11294,30.40,83.00
11295,30.40,82.90
11296,30.30,83.00
11297,30.30,83.00
11298,30.40,82.90
11299,30.30,83.00
11300,30.40,83.00
11301,30.30,83.00
11302,30.40,83.00
11303,30.30,82.90
11304,30.40,82.90
11305,30.30,83.00
11306,30.40,82.90
11307,30.30,83.00
11308,30.30,82.90
11309,30.40,82.90
11310,30.30,83.00
11311,30.40,82.90
11312,30.30,83.00
11313,30.40,82.90
11314,30.40,82.90
11315,30.40,82.90
11316,30.40,82.90
11317,30.40,83.00
11318,30.40,83.00
11319,30.40,82.90
11320,30.40,83.00
11321,30.40,82.90
11322,30.40,82.90
11323,30.40,83.00
11324,30.40,82.90
11325,30.30,82.90
11326,30.40,83.00
11327,30.40,83.00
11328,30.40,82.90
11329,30.30,82.90
11330,30.40,82.90
11331,30.40,83.00
11332,30.40,82.90
11333,30.40,83.00
11334,30.40,82.90
11335,30.40,82.90
11336,30.40,82.90
11337,30.40,82.90
11338,30.40,83.00
11339,30.40,82.90
11340,30.40,82.90
11341,30.40,82.90
11342,30.40,83.00
11343,30.40,83.00
11344,30.40,82.90
11345,30.40,83.00
11346,30.40,83.00
11347,30.40,82.90
11348,30.40,82.90
11349,30.40,82.90
11350,30.40,82.90
11351,30.40,82.90
11352,30.40,82.90
11353,30.40,83.00
11354,30.40,82.90
11355,30.40,82.90
11356,30.40,82.90
11357,30.40,82.90
11358,30.30,82.90
11359,30.40,82.90
11360,30.40,82.90
11361,30.40,82.90
11362,30.40,82.90
11363,30.40,82.90
11364,30.40,82.90
11365,30.40,82.90
11366,30.40,82.90
11367,30.40,82.90
11368,30.40,82.90
11369,30.40,82.90
11370,30.40,82.90
11371,30.40,82.90
11372,30.40,82.90
11373,30.40,82.90
11374,30.40,82.90
11375,30.40,82.90
11376,30.40,82.90
11377,30.40,82.90
11378,30.40,82.90
11379,30.40,82.90
11380,30.40,82.90
11381,30.40,82.90
11382,30.40,82.90
11383,30.40,82.90
11384,30.40,82.90
11385,30.40,82.90
11386,30.40,83.00
11387,30.40,83.00
11388,30.40,82.90
11389,30.40,82.90
11390,30.40,83.00
11391,30.40,83.00
11392,30.40,82.90
11393,30.40,82.90
11394,30.40,83.00
11395,30.30,83.00
11396,30.40,83.00
11397,30.40,83.00
11398,30.40,83.10
11399,30.40,83.00
11400,30.30,83.00
11401,30.40,83.00
11402,30.40,83.00
11403,30.40,83.00
11404,30.30,83.00
11405,30.40,83.10
11406,30.40,83.10
11407,30.30,83.10
11408,30.40,83.10
11409,30.40,83.10
11410,30.40,83.10
11411,30.40,83.10
11412,30.40,83.10
11413,30.30,83.20
11414,30.40,83.20
11415,30.40,83.10
11416,30.40,83.10
11417,30.40,83.20
11418,30.30,83.10
11419,30.30,83.20
11420,30.40,83.20
11421,30.40,83.20
11422,30.30,83.20
11423,30.30,83.20
11424,30.30,83.20
11425,30.30,83.20
11426,30.40,83.20
11427,30.40,83.20
11428,30.40,83.20
11429,30.30,83.20
11430,30.30,83.20
11431,30.30,83.20
11432,30.40,83.30
11433,30.40,83.20
11434,30.30,83.20
11435,30.30,83.20
11436,30.30,83.30
11437,30.30,83.30
11438,30.30,83.30
11439,30.30,83.30
11440,30.30,83.30
11441,30.30,83.30
11442,30.30,83.30
11443,30.40,83.30
11444,30.30,83.30
11445,30.40,83.30
11446,30.40,83.20
11447,30.30,83.30
11448,30.30,83.30
11449,30.30,83.30
11450,30.30,83.30
11451,30.40,83.30
11452,30.30,83.30
11453,30.30,83.30
11454,30.30,83.30
11455,30.30,83.30
11456,30.30,83.30
11457,30.40,83.30
11458,30.30,83.40
11459,30.30,83.30
11460,30.40,83.30
11461,30.40,83.40
11462,30.30,83.30
11463,30.30,83.40
11464,30.30,83.40
11465,30.30,83.50
11466,30.30,83.40
11467,30.40,83.40
11468,30.40,83.40
11469,30.40,83.30
11470,30.40,83.40
11471,30.40,83.40
11472,30.30,83.40
11473,30.40,83.30
11474,30.40,83.20
11475,30.40,83.20
11476,30.40,83.20
11477,30.40,83.20
11478,30.40,83.10
11479,30.40,83.10
11480,30.40,83.20
11481,30.40,83.20
11482,30.40,83.10
11483,30.40,83.20
11484,30.40,83.30
11485,30.40,83.30
11486,30.40,83.30
11487,30.40,83.20
11488,30.40,83.20
11489,30.40,83.20
11490,30.40,83.20
11491,30.40,83.20
11492,30.40,83.20
11493,30.40,83.20
11494,30.40,83.30
11495,30.40,83.20
11496,30.40,83.20
11497,30.40,83.20
11498,30.40,83.30
11499,30.40,83.30
11500,30.40,83.30
11501,30.40,83.30
11502,30.40,83.30
11503,30.40,83.20
11504,30.40,83.30
11505,30.40,83.30
11506,30.40,83.30
11507,30.40,83.30
11508,30.40,83.30
11509,30.40,83.30
11510,30.40,83.30
11511,30.40,83.40
11512,30.40,83.30
11513,30.40,83.40
11514,30.40,83.40
11515,30.40,83.40
11516,30.40,83.40
11517,30.40,83.30
11518,30.40,83.40
11519,30.40,83.40
11520,30.40,83.40
11521,30.30,83.40
11522,30.30,83.40
11523,30.40,83.40
11524,30.30,83.40
11525,30.40,83.40
11526,30.40,83.40
11527,30.40,83.40
11528,30.40,83.40
11529,30.40,83.40
11530,30.40,83.50
11531,30.40,83.40
11532,30.40,83.40
11533,30.40,83.50
11534,30.40,83.40
11535,30.40,83.40
11536,30.40,83.40
11537,30.30,83.50
11538,30.30,83.40
11539,30.40,83.40
11540,30.40,83.40
11541,30.30,83.50
11542,30.40,83.40
11543,30.40,83.50
11544,30.40,83.40
11545,30.40,83.40
11546,30.30,83.50
11547,30.40,83.40
11548,30.30,83.40
11549,30.30,83.50
11550,30.40,83.40
11551,30.40,83.50
11552,30.40,83.50
11553,30.30,83.50
11554,30.30,83.50
11555,30.40,83.40
11556,30.40,83.40
11557,30.40,83.50
11558,30.30,83.40
11559,30.30,83.50
11560,30.40,83.50
11561,30.40,83.50
11562,30.40,83.50
11563,30.40,83.50
11564,30.30,83.50
11565,30.40,83.60
11566,30.40,83.50
11567,30.40,83.50
11568,30.30,83.50
11569,30.40,83.50
11570,30.40,83.50
11571,30.40,83.50
11572,30.30,83.50
11573,30.40,83.60
11574,30.40,83.50
11575,30.40,83.50
11576,30.40,83.60
11577,30.40,83.50
11578,30.40,83.50
11579,30.40,83.60
11580,30.40,83.60
11581,30.40,83.60
11582,30.40,83.60
11583,30.30,83.60
11584,30.30,83.60
11585,30.30,83.60
11586,30.40,83.50
11587,30.30,83.60
11588,30.30,83.60
11589,30.30,83.60
11590,30.40,83.60
11591,30.30,83.60
11592,30.40,83.50
11593,30.40,83.60
11594,30.30,83.60
11595,30.40,83.60
11596,30.30,83.60
11597,30.40,83.60
11598,30.40,83.60
11599,30.40,83.60
11600,30.40,83.60
11601,30.30,83.60
11602,30.30,83.60
11603,30.40,83.60
11604,30.40,83.60
11605,30.40,83.60
11606,30.40,83.60
11607,30.30,83.60
11608,30.30,83.60
11609,30.30,83.60
11610,30.40,83.60
11611,30.40,83.60
11612,30.40,83.60
11613,30.40,83.60
11614,30.40,83.60
11615,30.30,83.60
11616,30.40,83.60
11617,30.40,83.60
11618,30.30,83.60
11619,30.40,83.60
11620,30.40,83.60
11621,30.30,83.60
11622,30.40,83.70
11623,30.40,83.60
11624,30.40,83.60
11625,30.40,83.60
11626,30.40,83.70
11627,30.30,83.60
11628,30.40,83.60
11629,30.30,83.70
11630,30.30,83.70
11631,30.30,83.70
11632,30.30,83.70
11633,30.40,83.60
11634,30.30,83.70
11635,30.30,83.70
11636,30.30,83.70
11637,30.40,83.70
11638,30.40,83.70
11639,30.40,83.60
11640,30.30,83.70
11641,30.30,83.60
11642,30.30,83.70
11643,30.30,83.70
11644,30.40,83.70
11645,30.30,83.70
11646,30.30,83.70
11647,30.40,83.70
11648,30.40,83.70
11649,30.40,83.70
11650,30.30,83.70
11651,30.40,83.70
11652,30.40,83.70
11653,30.30,83.70
11654,30.40,83.70
11655,30.30,83.70
11656,30.30,83.70
11657,30.30,83.70
11658,30.30,83.70
11659,30.40,83.70
11660,30.30,83.70
11661,30.30,83.70
11662,30.40,83.80
11663,30.30,83.70
11664,30.30,83.70
11665,30.40,83.80
11666,30.40,83.80
11667,30.40,83.70
11668,30.40,83.80
11669,30.30,83.70
11670,30.30,83.70
11671,30.30,83.70
11672,30.40,83.70
11673,30.30,83.70
11674,30.30,83.70
11675,30.40,83.70
11676,30.30,83.80
11677,30.30,83.70
11678,30.30,83.70
11679,30.40,83.70
11680,30.30,83.70
11681,30.30,83.70
11682,30.30,83.80
11683,30.30,83.70
11684,30.30,83.70
11685,30.40,83.80
11686,30.40,83.70
11687,30.40,83.80
11688,30.30,83.70
11689,30.30,83.70
11690,30.40,83.70
11691,30.30,83.80
11692,30.30,83.70
11693,30.30,83.70
11694,30.30,83.70
11695,30.30,83.70
11696,30.30,83.70
11697,30.40,83.80
11698,30.30,83.80
11699,30.30,83.80
11700,30.30,83.70
11701,30.40,83.80
11702,30.40,83.80
11703,30.30,83.80
11704,30.30,83.70
11705,30.40,83.80
11706,30.30,83.70
11707,30.30,83.80
11708,30.30,83.80
11709,30.40,83.70
11710,30.30,83.70
11711,30.30,83.80
11712,30.30,83.80
11713,30.30,83.80
11714,30.30,83.70
11715,30.30,83.80
11716,30.30,83.80
11717,30.40,83.80
11718,30.40,83.80
11719,30.30,83.80
11720,30.40,83.80
11721,30.30,83.80
11722,30.30,83.80
11723,30.30,83.70
11724,30.30,83.80
11725,30.30,83.80
11726,30.30,83.80
11727,30.30,83.70
11728,30.30,83.80
11729,30.30,83.80
11730,30.30,83.70
11731,30.30,83.80
11732,30.30,83.80
11733,30.30,83.80
11734,30.40,83.80
11735,30.40,83.80
11736,30.40,83.80
11737,30.30,83.70
11738,30.30,83.70
11739,30.40,83.80
11740,30.30,83.70
11741,30.30,83.80
11742,30.40,83.80
11743,30.40,83.80
11744,30.30,83.80
11745,30.40,83.80
11746,30.30,83.80
11747,30.40,83.80
11748,30.30,83.80
11749,30.40,83.80
11750,30.40,83.80
11751,30.30,83.80
11752,30.30,83.80
11753,30.30,83.80
11754,30.30,83.80
11755,30.40,83.80
11756,30.30,83.90
11757,30.40,83.80
11758,30.30,83.80
11759,30.40,83.80
11760,30.40,83.80
11761,30.30,83.80
11762,30.30,83.80
11763,30.40,83.90
11764,30.30,83.90
11765,30.30,83.80
11766,30.40,83.90
11767,30.40,83.80
11768,30.40,83.80
11769,30.30,83.80
11770,30.30,83.90
11771,30.30,83.80
11772,30.40,83.90
11773,30.30,83.90
11774,30.30,83.80
11775,30.40,83.80
11776,30.40,83.90
11777,30.40,83.80
11778,30.40,83.80
11779,30.30,83.80
11780,30.40,83.80
11781,30.30,83.80
11782,30.30,83.80
11783,30.40,83.90
11784,30.40,83.80
11785,30.30,83.90
11786,30.30,83.80
11787,30.40,83.80
11788,30.30,83.90
11789,30.30,83.80
11790,30.40,83.90
11791,30.30,83.80
11792,30.40,83.80
11793,30.30,83.80
11794,30.30,83.90
11795,30.30,83.80
11796,30.30,83.90
11797,30.40,83.80
11798,30.30,83.90
11799,30.30,83.80
11800,30.40,83.90
11801,30.40,83.90
11802,30.30,83.80
11803,30.30,83.80
11804,30.40,83.90
11805,30.40,83.80
11806,30.40,83.80
11807,30.30,83.80
11808,30.40,83.80
11809,30.40,83.80
11810,30.40,83.90
11811,30.40,83.80
11812,30.40,83.80
11813,30.40,83.80
11814,30.40,83.80
11815,30.40,83.80
11816,30.40,83.80
11817,30.40,83.80
11818,30.30,83.80
11819,30.30,83.90
11820,30.40,83.90
11821,30.40,83.80
11822,30.30,83.80
11823,30.40,83.80
11824,30.40,83.80
11825,30.30,83.80
11826,30.40,83.80
11827,30.40,83.90
11828,30.40,83.90
11829,30.30,83.80
11830,30.30,83.80
11831,30.40,83.90
11832,30.40,83.80
11833,30.30,83.90
11834,30.40,83.90
11835,30.30,83.80
11836,30.40,83.90
11837,30.40,83.90
11838,30.30,83.80
11839,30.40,83.90
11840,30.30,83.80
11841,30.40,83.90
11842,30.40,83.90
11843,30.40,83.80
11844,30.30,83.80
11845,30.30,83.90
11846,30.40,83.90
11847,30.30,83.90
11848,30.40,83.80
11849,30.40,83.80
11850,30.40,83.80
11851,30.40,83.90
11852,30.40,83.80
11853,30.40,83.90
11854,30.30,83.90
11855,30.30,83.80
11856,30.40,83.90
11857,30.40,83.90
11858,30.40,83.80
11859,30.40,83.90
11860,30.30,83.90
11861,30.40,83.90
11862,30.30,83.90
11863,30.40,83.90
11864,30.40,83.90
11865,30.40,83.80
11866,30.30,83.90
11867,30.40,83.90
11868,30.30,83.90
11869,30.40,83.90
11870,30.40,83.90
11871,30.30,83.90
11872,30.30,83.90
11873,30.30,83.90
11874,30.30,83.90
11875,30.40,83.80
11876,30.30,83.90
11877,30.40,83.90
11878,30.40,83.90
11879,30.30,83.90
11880,30.30,83.90
11881,30.40,83.90
11882,30.30,83.80
11883,30.40,83.80
11884,30.40,83.90
11885,30.30,83.90
11886,30.40,83.90
11887,30.40,83.90
11888,30.40,83.90
11889,30.40,83.90
11890,30.40,83.90
11891,30.40,83.90
11892,30.40,83.90
11893,30.30,83.90
11894,30.30,83.90
11895,30.30,83.90
11896,30.40,83.90
11897,30.30,83.90
11898,30.30,83.90
11899,30.40,83.90
11900,30.30,83.90
11901,30.30,83.90
11902,30.40,83.90
11903,30.40,83.90
11904,30.30,84.00
11905,30.40,83.90
11906,30.30,83.90
11907,30.30,83.90
11908,30.30,83.90
11909,30.40,83.90
11910,30.40,83.90
11911,30.40,83.90
11912,30.40,83.90
11913,30.40,83.80
11914,30.40,84.00
11915,30.30,83.90
11916,30.40,83.90
11917,30.40,83.90
11918,30.30,84.00
11919,30.30,83.90
11920,30.30,83.90
11921,30.30,83.90
11922,30.30,83.90
11923,30.30,84.00
11924,30.40,83.90
11925,30.30,84.00
11926,30.40,84.00
11927,30.30,84.00
11928,30.30,84.00
11929,30.30,83.90
11930,30.30,83.90
11931,30.30,83.90
11932,30.30,83.90
11933,30.30,83.90
11934,30.40,83.90
11935,30.40,83.90
11936,30.40,83.90
11937,30.30,83.90
11938,30.30,83.90
11939,30.30,83.90
11940,30.40,83.90
11941,30.40,83.90
11942,30.30,83.90
11943,30.40,83.90
11944,30.40,83.90
11945,30.40,83.80
11946,30.40,83.80
11947,30.40,83.80
11948,30.40,83.90
11949,30.40,83.90
11950,30.40,83.90
11951,30.40,83.90
11952,30.40,83.90
11953,30.40,83.90
11954,30.40,83.90
11955,30.40,83.90
11956,30.40,83.90
11957,30.40,83.90
11958,30.40,83.90
11959,30.40,83.90
11960,30.40,83.90
11961,30.40,83.90
11962,30.40,83.90
11963,30.40,83.80
11964,30.40,83.90
11965,30.40,83.90
11966,30.30,83.90
11967,30.40,83.90
11968,30.40,83.80
11969,30.40,83.80
11970,30.40,83.80
11971,30.40,83.90
11972,30.40,83.80
11973,30.40,83.90
11974,30.40,83.80
11975,30.40,83.90
11976,30.40,83.90
11977,30.40,83.80
11978,30.40,83.90
11979,30.40,83.80
11980,30.40,83.80
11981,30.40,83.90
11982,30.40,83.80
11983,30.40,83.80
11984,30.40,83.80
11985,30.40,83.90
11986,30.40,83.90
11987,30.40,83.90
11988,30.40,83.80
11989,30.40,83.80
11990,30.40,83.80
11991,30.40,83.90
11992,30.40,83.80
11993,30.40,83.80
11994,30.40,83.80
11995,30.40,83.80
11996,30.40,83.90
11997,30.40,83.80
11998,30.40,83.80
11999,30.40,83.80
12000,30.40,83.80
12001,30.40,83.80
12002,30.40,83.80
12003,30.40,83.80
12004,30.40,83.80
12005,30.40,83.90
12006,30.40,83.80
12007,30.40,83.80
12008,30.40,83.80
12009,30.40,83.80
12010,30.40,83.90
12011,30.40,83.80
12012,30.40,83.80
12013,30.40,83.90
12014,30.40,83.80
12015,30.40,83.80
12016,30.40,83.80
12017,30.40,83.80
12018,30.40,83.80
12019,30.40,83.80
12020,30.40,83.90
12021,30.40,83.80
12022,30.40,83.90
12023,30.40,83.80
12024,30.40,83.80
12025,30.40,83.80
12026,30.40,83.80
12027,30.40,83.90
12028,30.40,83.80
12029,30.40,83.90
12030,30.40,83.80
12031,30.40,83.80
12032,30.40,83.90
12033,30.40,83.90
12034,30.40,83.90
12035,30.40,83.80
12036,30.40,83.90
12037,30.40,83.80
12038,30.40,83.90
12039,30.40,83.90
12040,30.40,83.90
12041,30.40,83.90
12042,30.40,83.90
12043,30.40,83.90
12044,30.40,83.90
12045,30.40,83.90
12046,30.40,83.90
12047,30.40,83.90
12048,30.40,83.90
12049,30.30,83.90
12050,30.40,83.90
12051,30.40,83.90
12052,30.40,84.00
12053,30.40,83.90
12054,30.40,83.90
12055,30.30,84.00
12056,30.40,84.00
12057,30.40,84.00
12058,30.30,84.00
12059,30.40,84.00
12060,30.30,84.00
12061,30.40,84.00
12062,30.40,84.00
12063,30.40,84.00
12064,30.40,84.00
12065,30.40,84.00
12066,30.30,84.00
12067,30.40,84.00
12068,30.40,83.90
12069,30.40,84.00
12070,30.30,84.00
12071,30.30,84.00
12072,30.40,84.00
12073,30.40,83.90
12074,30.40,84.00
12075,30.40,84.00
12076,30.30,84.00
12077,30.30,84.00
12078,30.30,84.00
12079,30.30,84.00
12080,30.30,84.00
12081,30.30,84.00
12082,30.30,84.00
12083,30.30,84.00
12084,30.30,84.00
12085,30.40,84.00
12086,30.40,84.00
12087,30.40,84.00
12088,30.30,84.00
12089,30.30,84.00
12090,30.30,84.00
12091,30.30,84.00
12092,30.40,84.00
12093,30.30,84.00
12094,30.40,84.00
12095,30.40,84.00
12096,30.30,84.00
12097,30.30,84.00
12098,30.40,84.00
12099,30.30,84.00
12100,30.30,84.00
12101,30.30,84.00
12102,30.40,84.00
12103,30.30,84.00
12104,30.30,84.00
12105,30.40,84.00
12106,30.40,84.00
12107,30.30,84.00
12108,30.30,84.00
12109,30.30,84.00
12110,30.30,84.00
12111,30.40,84.00
12112,30.30,84.00
12113,30.40,84.00
12114,30.30,84.00
12115,30.40,84.00
12116,30.30,84.00
12117,30.30,84.00
12118,30.40,84.00
12119,30.40,83.90
12120,30.30,84.00
12121,30.40,84.00
12122,30.30,84.00
12123,30.30,84.00
12124,30.40,84.00
12125,30.30,84.00
12126,30.40,84.00
12127,30.30,83.90
12128,30.40,84.00
12129,30.30,84.00
12130,30.30,83.90
12131,30.40,84.00
12132,30.40,84.00
12133,30.30,83.90
12134,30.30,84.00
12135,30.30,84.00
12136,30.40,84.00
12137,30.40,84.00
12138,30.40,84.00
12139,30.30,84.00
12140,30.30,84.00
12141,30.40,84.00
12142,30.30,83.90
12143,30.40,84.00
12144,30.30,84.00
12145,30.40,83.90
12146,30.40,84.00
12147,30.40,83.90
12148,30.30,83.90
12149,30.40,84.00
12150,30.30,84.00
12151,30.40,84.00
12152,30.40,84.00
12153,30.30,84.00
12154,30.30,84.00
12155,30.40,84.00
12156,30.30,84.00
12157,30.30,84.00
12158,30.30,84.00
12159,30.30,84.00
12160,30.40,84.00
12161,30.30,84.00
12162,30.30,84.00
12163,30.30,84.00
12164,30.30,84.00
12165,30.30,83.90
12166,30.40,84.00
12167,30.30,84.00
12168,30.30,84.00
12169,30.30,84.00
12170,30.30,84.00
12171,30.40,84.00
12172,30.30,84.00
12173,30.40,84.00
12174,30.30,84.00
12175,30.30,84.00
12176,30.40,84.00
12177,30.30,84.00
12178,30.30,84.00
12179,30.30,84.00
12180,30.40,84.00
12181,30.30,84.00
12182,30.30,84.00
12183,30.40,84.00
12184,30.40,84.00
12185,30.30,84.00
12186,30.30,84.00
12187,30.30,84.00
12188,30.40,84.00
12189,30.30,83.90
12190,30.30,84.00
12191,30.30,84.00
12192,30.40,84.00
12193,30.30,84.00
12194,30.30,84.00
12195,30.30,84.00
12196,30.30,84.00
12197,30.30,83.90
12198,30.30,84.00
12199,30.30,84.00
12200,30.30,83.90
12201,30.40,84.00
12202,30.30,84.00
12203,30.30,84.00
12204,30.40,84.00
12205,30.40,83.90
12206,30.30,83.90
12207,30.30,84.00
12208,30.40,83.90
12209,30.30,83.90
12210,30.40,84.00
12211,30.40,84.00
12212,30.40,83.90
12213,30.40,84.00
12214,30.40,84.00
12215,30.30,83.90
12216,30.30,83.90
12217,30.30,84.00
12218,30.30,84.00
12219,30.30,84.00
12220,30.30,83.90
12221,30.30,83.90
12222,30.40,84.00
12223,30.40,84.00
12224,30.30,84.00
12225,30.30,84.00
12226,30.40,84.00
12227,30.30,84.00
12228,30.40,84.00
12229,30.40,84.00
12230,30.30,84.00
12231,30.30,84.00
12232,30.40,84.00
12233,30.40,83.90
12234,30.30,83.90
12235,30.40,83.90
12236,30.40,84.00
12237,30.30,83.90
12238,30.30,83.90
12239,30.30,84.00
12240,30.40,84.00
12241,30.40,83.90
12242,30.40,83.90
12243,30.40,83.90
12244,30.40,83.90
12245,30.40,84.00
12246,30.30,83.90
12247,30.30,83.90
12248,30.30,84.00
12249,30.30,84.00
12250,30.30,84.00
12251,30.30,84.00
12252,30.30,84.00
12253,30.40,84.00
12254,30.30,84.00
12255,30.30,84.00
12256,30.30,83.90
12257,30.30,84.00
12258,30.40,84.00
12259,30.30,83.90
12260,30.30,84.00
12261,30.40,84.00
12262,30.30,84.00
12263,30.40,84.00
12264,30.30,84.00
12265,30.40,84.10
12266,30.30,84.00
12267,30.40,84.00
12268,30.30,84.00
12269,30.40,84.00
12270,30.30,83.90
12271,30.30,84.00
12272,30.40,84.00
12273,30.30,84.00
12274,30.30,84.00
12275,30.30,84.00
12276,30.30,84.00
12277,30.40,84.00
12278,30.40,84.00
12279,30.30,84.00
12280,30.40,84.00
12281,30.30,84.00
12282,30.30,84.00
12283,30.30,84.00
12284,30.40,83.90
12285,30.30,84.00
12286,30.30,83.90
12287,30.40,84.00
12288,30.30,84.00
12289,30.30,84.00
12290,30.30,84.00
12291,30.30,84.00
12292,30.30,84.00
12293,30.30,84.00
12294,30.30,84.00
12295,30.40,84.00
12296,30.40,84.00
12297,30.30,84.00
12298,30.30,84.00
12299,30.30,84.00
12300,30.40,84.10
12301,30.30,84.00
12302,30.30,84.10
12303,30.30,84.00
12304,30.30,84.00
12305,30.30,84.00
12306,30.30,84.00
12307,30.30,84.00
12308,30.40,84.00
12309,30.30,84.00
12310,30.40,84.00
12311,30.30,84.10
12312,30.30,84.10
12313,30.30,84.10
12314,30.30,84.00
12315,30.30,84.00
12316,30.40,84.00
12317,30.30,84.00
12318,30.40,84.00
12319,30.30,84.00
12320,30.30,84.00
12321,30.30,84.00
12322,30.30,84.10
12323,30.30,84.00
12324,30.30,84.00
12325,30.30,84.10
12326,30.40,84.00
12327,30.30,84.10
12328,30.30,84.00
12329,30.30,84.00
12330,30.30,84.10
12331,30.30,84.10
12332,30.30,84.00
12333,30.30,84.00
12334,30.30,84.00
12335,30.30,84.00
12336,30.30,84.00
12337,30.40,84.10
12338,30.30,84.10
12339,30.40,84.00
12340,30.30,84.00
12341,30.40,84.00
12342,30.40,84.00
12343,30.40,84.00
12344,30.40,84.10
12345,30.40,84.00
12346,30.40,84.00
12347,30.40,84.00
12348,30.40,84.00
12349,30.40,84.00
12350,30.40,84.00
12351,30.40,84.00
12352,30.40,84.00
12353,30.40,84.00
12354,30.40,83.90
12355,30.40,84.00
12356,30.40,83.90
12357,30.40,84.00
12358,30.40,83.90
12359,30.40,84.00
12360,30.40,83.90
12361,30.40,83.90
12362,30.40,83.90
12363,30.40,83.90
12364,30.40,84.00
12365,30.40,83.90
12366,30.40,84.00
12367,30.40,84.00
12368,30.40,83.90
12369,30.40,83.90
12370,30.40,83.90
12371,30.40,84.00
12372,30.40,84.00
12373,30.40,84.00
12374,30.40,84.00
12375,30.40,83.90
12376,30.40,83.90
12377,30.40,84.00
12378,30.40,84.00
12379,30.40,84.00
12380,30.40,84.00
12381,30.40,84.00
12382,30.40,84.00
12383,30.40,84.00
12384,30.40,84.00
12385,30.40,84.00
12386,30.40,83.90
12387,30.40,84.00
12388,30.40,84.00
12389,30.40,84.00
12390,30.40,84.00
12391,30.40,83.90
12392,30.30,84.00
12393,30.40,84.00
12394,30.40,84.00
12395,30.40,84.00
12396,30.40,84.00
12397,30.40,84.00
12398,30.40,84.00
12399,30.40,84.00
12400,30.40,84.00
12401,30.40,84.00
12402,30.40,84.00
12403,30.40,84.00
12404,30.40,84.00
12405,30.40,84.00
12406,30.40,84.00
12407,30.40,84.00
12408,30.40,84.00
12409,30.40,84.00
12410,30.40,84.00
12411,30.40,84.00
12412,30.30,84.00
12413,30.40,84.00
12414,30.40,84.00
12415,30.40,84.00
12416,30.40,84.00
12417,30.40,84.00
12418,30.40,84.00
12419,30.40,84.00
12420,30.40,84.00
12421,30.40,84.10
12422,30.40,84.10
12423,30.40,84.00
12424,30.40,84.10
12425,30.40,84.10
12426,30.40,84.10
12427,30.40,84.10
12428,30.40,84.00
12429,30.40,84.10
12430,30.40,84.20
12431,30.40,84.10
12432,30.40,84.10
12433,30.40,84.10
12434,30.40,84.10
12435,30.40,84.10
12436,30.40,84.10
12437,30.30,84.10
12438,30.40,84.00
12439,30.30,84.00
12440,30.40,83.80
12441,30.40,83.70
12442,30.40,83.70
12443,30.40,83.70
12444,30.40,83.70
12445,30.40,83.60
12446,30.30,83.50
12447,30.40,83.50
12448,30.40,83.40
12449,30.30,83.40
12450,30.40,83.30
12451,30.40,83.30
12452,30.40,83.20
12453,30.40,83.20
12454,30.40,83.20
12455,30.40,83.10
12456,30.30,83.10
12457,30.30,83.20
12458,30.40,83.20
12459,30.30,83.30
12460,30.30,83.30
12461,30.30,83.30
12462,30.40,83.40
12463,30.40,83.30
12464,30.30,83.30
12465,30.30,83.40
12466,30.30,83.40
12467,30.30,83.40
12468,30.30,83.40
12469,30.30,83.40
12470,30.40,83.40
12471,30.30,83.40
12472,30.30,83.40
12473,30.30,83.40
12474,30.30,83.50
12475,30.40,83.50
12476,30.30,83.50
12477,30.30,83.40
12478,30.30,83.50
12479,30.30,83.50
12480,30.30,83.50
12481,30.30,83.50
12482,30.40,83.50
12483,30.30,83.50
12484,30.30,83.50
12485,30.30,83.50
12486,30.30,83.60
12487,30.40,83.50
12488,30.30,83.60
12489,30.30,83.60
12490,30.30,83.60
12491,30.40,83.60
12492,30.30,83.60
12493,30.30,83.50
12494,30.30,83.60
12495,30.30,83.60
12496,30.30,83.60
12497,30.40,83.60
12498,30.30,83.50
12499,30.30,83.60
12500,30.30,83.60
12501,30.30,83.60
12502,30.30,83.60
12503,30.30,83.60
12504,30.30,83.60
12505,30.30,83.60
12506,30.30,83.60
12507,30.40,83.60
12508,30.30,83.60
12509,30.30,83.60
12510,30.30,83.60
12511,30.40,83.60
12512,30.40,83.60
12513,30.30,83.60
12514,30.30,83.70
12515,30.30,83.70
12516,30.30,83.70
12517,30.30,83.70
12518,30.30,83.60
12519,30.30,83.70
12520,30.40,83.70
12521,30.40,83.70
12522,30.30,83.50
12523,30.40,83.60
12524,30.40,83.50
12525,30.40,83.40
12526,30.40,83.40
12527,30.40,83.20
12528,30.40,83.30
12529,30.40,83.30
12530,30.40,83.10
12531,30.30,83.10
12532,30.30,83.10
12533,30.40,83.00
12534,30.40,83.00
12535,30.40,83.00
12536,30.40,82.90
12537,30.40,82.90
12538,30.40,82.90
12539,30.40,82.90
12540,30.40,82.90
12541,30.40,82.70
12542,30.40,82.70
12543,30.40,82.80
12544,30.40,82.70
12545,30.40,82.70
12546,30.40,82.70
12547,30.40,82.70
12548,30.40,82.70
12549,30.40,82.70
12550,30.40,82.70
12551,30.40,82.70
12552,30.40,82.70
12553,30.40,82.80
12554,30.30,82.70
12555,30.40,82.80
12556,30.40,82.80
12557,30.40,82.70
12558,30.40,82.80
12559,30.40,82.80
12560,30.40,82.80
12561,30.40,82.70
12562,30.40,82.80
12563,30.40,82.80
12564,30.40,82.80
12565,30.40,82.70
12566,30.40,82.80
12567,30.40,82.80
12568,30.40,82.80
12569,30.40,82.70
12570,30.40,82.80
12571,30.40,82.80
12572,30.40,82.80
12573,30.40,82.80
12574,30.40,82.80
12575,30.40,82.80
12576,30.40,82.80
12577,30.40,82.80
12578,30.40,82.80
12579,30.40,82.80
12580,30.40,82.80
12581,30.40,82.80
12582,30.40,82.80
12583,30.40,82.80
12584,30.40,82.70
12585,30.40,82.80
12586,30.40,82.70
12587,30.40,82.80
12588,30.40,82.80
12589,30.40,82.80
12590,30.40,82.80
12591,30.40,82.70
12592,30.40,82.80
12593,30.40,82.80
12594,30.40,82.80
12595,30.40,82.70
12596,30.40,82.70
12597,30.40,82.70
12598,30.40,82.80
12599,30.40,82.70
12600,30.40,82.70
12601,30.40,82.80
12602,30.40,82.70
12603,30.40,82.70
12604,30.40,82.70
12605,30.40,82.80
12606,30.40,82.80
12607,30.40,82.70
12608,30.40,82.70
12609,30.40,82.70
12610,30.40,82.70
12611,30.40,82.80
12612,30.40,82.70
12613,30.40,82.70
12614,30.40,82.70
12615,30.40,82.70
12616,30.40,82.70
12617,30.40,82.70
12618,30.40,82.70
12619,30.40,82.70
12620,30.40,82.70
12621,30.40,82.70
12622,30.40,82.70
12623,30.40,82.70
12624,30.40,82.70
12625,30.40,82.70
12626,30.40,82.70
12627,30.40,82.60
12628,30.40,82.70
12629,30.40,82.70
12630,30.40,82.70
12631,30.40,82.70
12632,30.40,82.70
12633,30.40,82.60
12634,30.40,82.70
12635,30.40,82.70
12636,30.40,82.70
12637,30.40,82.70
12638,30.40,82.70
12639,30.40,82.70
12640,30.40,82.70
12641,30.40,82.70
12642,30.40,82.70
12643,30.40,82.70
12644,30.40,82.70
12645,30.40,82.70
12646,30.40,82.70
12647,30.40,82.70
12648,30.40,82.70
12649,30.40,82.60
12650,30.40,82.70
12651,30.40,82.60
12652,30.40,82.60
12653,30.40,82.70
12654,30.40,82.60
12655,30.40,82.70
12656,30.40,82.60
12657,30.40,82.70
12658,30.40,82.70
12659,30.40,82.70
12660,30.40,82.70
12661,30.40,82.60
12662,30.40,82.60
12663,30.40,82.70
12664,30.40,82.70
12665,30.40,82.60
12666,30.40,82.60
12667,30.40,82.60
12668,30.40,82.70
12669,30.40,82.60
12670,30.40,82.70
12671,30.40,82.60
12672,30.40,82.60
12673,30.40,82.70
12674,30.40,82.60
12675,30.40,82.70
12676,30.40,82.70
12677,30.40,82.60
12678,30.40,82.60
12679,30.40,82.70
12680,30.40,82.60
12681,30.40,82.60
12682,30.40,82.60
12683,30.40,82.60
12684,30.40,82.60
12685,30.40,82.60
12686,30.40,82.60
12687,30.40,82.60
12688,30.40,82.60
12689,30.40,82.70
12690,30.40,82.60
12691,30.40,82.60
12692,30.40,82.60
12693,30.40,82.60
12694,30.40,82.60
12695,30.40,82.70
12696,30.40,82.60
12697,30.40,82.60
12698,30.40,82.60
12699,30.40,82.60
12700,30.40,82.60
12701,30.40,82.50
12702,30.40,82.60
12703,30.40,82.60
12704,30.40,82.60
12705,30.40,82.60
12706,30.40,82.60
12707,30.40,82.70
12708,30.40,82.70
12709,30.40,82.60
12710,30.40,82.60
12711,30.40,82.60
12712,30.40,82.60
12713,30.40,82.60
12714,30.40,82.60
12715,30.40,82.60
12716,30.40,82.60
12717,30.40,82.50
12718,30.40,82.50
12719,30.40,82.60
12720,30.40,82.60
12721,30.40,82.60
12722,30.40,82.60
12723,30.40,82.60
12724,30.40,82.50
12725,30.40,82.60
12726,30.40,82.50
12727,30.40,82.60
12728,30.40,82.60
12729,30.40,82.60
12730,30.40,82.50
12731,30.40,82.60
12732,30.40,82.60
12733,30.40,82.60
12734,30.40,82.60
12735,30.40,82.50
12736,30.40,82.60
12737,30.40,82.60
12738,30.40,82.60
12739,30.40,82.60
12740,30.40,82.60
12741,30.40,82.60
12742,30.40,82.60
12743,30.40,82.60
12744,30.40,82.60
12745,30.40,82.60
12746,30.40,82.60
12747,30.40,82.60
12748,30.40,82.60
12749,30.40,82.60
12750,30.40,82.50
12751,30.40,82.50
12752,30.40,82.60
12753,30.40,82.60
12754,30.40,82.60
12755,30.40,82.60
12756,30.40,82.50
12757,30.40,82.60
12758,30.40,82.60
12759,30.40,82.60
12760,30.40,82.50
12761,30.40,82.60
12762,30.40,82.50
12763,30.40,82.60
12764,30.40,82.60
12765,30.40,82.50
12766,30.40,82.60
12767,30.40,82.60
12768,30.40,82.60
12769,30.40,82.60
12770,30.40,82.60
12771,30.40,82.60
12772,30.40,82.60
12773,30.40,82.50
12774,30.40,82.60
12775,30.40,82.50
12776,30.40,82.50
12777,30.40,82.50
12778,30.40,82.60
12779,30.40,82.50
12780,30.40,82.50
12781,30.40,82.50
12782,30.40,82.50
12783,30.40,82.50
12784,30.40,82.50
12785,30.40,82.50
12786,30.40,82.50
12787,30.40,82.50
12788,30.50,82.50
12789,30.40,82.50
12790,30.40,82.50
12791,30.40,82.50
12792,30.40,82.50
12793,30.40,82.50
12794,30.40,82.50
12795,30.40,82.50
12796,30.40,82.50
12797,30.40,82.40
12798,30.40,82.50
12799,30.40,82.50
12800,30.40,82.50
12801,30.40,82.50
12802,30.40,82.50
12803,30.40,82.50
12804,30.40,82.50
12805,30.40,82.50
12806,30.40,82.50
12807,30.40,82.50
12808,30.40,82.50
12809,30.40,82.50
12810,30.40,82.50
12811,30.40,82.50
12812,30.40,82.60
12813,30.40,82.50
12814,30.40,82.50
12815,30.40,82.50
12816,30.40,82.60
12817,30.40,82.50
12818,30.40,82.50
12819,30.40,82.60
12820,30.40,82.50
12821,30.40,82.50
12822,30.40,82.50
12823,30.40,82.50
12824,30.40,82.50
12825,30.40,82.50
12826,30.40,82.50
12827,30.40,82.50
12828,30.40,82.50
12829,30.40,82.60
12830,30.40,82.50
12831,30.40,82.40
12832,30.40,82.50
12833,30.40,82.50
12834,30.40,82.50
12835,30.40,82.50
12836,30.40,82.50
12837,30.40,82.50
12838,30.40,82.50
12839,30.40,82.50
12840,30.40,82.50
12841,30.40,82.50
12842,30.40,82.60
12843,30.40,82.50
12844,30.40,82.50
12845,30.40,82.50
12846,30.40,82.50
12847,30.40,82.50
12848,30.40,82.50
12849,30.40,82.50
12850,30.40,82.50
12851,30.40,82.50
12852,30.40,82.50
12853,30.40,82.50
12854,30.40,82.50
12855,30.40,82.50
12856,30.40,82.50
12857,30.40,82.50
12858,30.40,82.50
12859,30.40,82.50
12860,30.40,82.40
12861,30.40,82.50
12862,30.40,82.50
12863,30.40,82.50
12864,30.40,82.50
12865,30.40,82.40
12866,30.40,82.50
12867,30.40,82.40
12868,30.40,82.40
12869,30.40,82.40
12870,30.40,82.50
12871,30.40,82.40
12872,30.40,82.50
12873,30.40,82.50
12874,30.40,82.50
12875,30.40,82.50
12876,30.40,82.50
12877,30.40,82.50
12878,30.40,82.40
12879,30.40,82.40
12880,30.40,82.40
12881,30.40,82.50
12882,30.40,82.40
12883,30.40,82.40
12884,30.30,82.40
12885,30.40,82.50
12886,30.40,82.40
12887,30.40,82.40
12888,30.40,82.40
12889,30.40,82.40
12890,30.40,82.50
12891,30.40,82.40
12892,30.40,82.40
12893,30.40,82.50
12894,30.40,82.40
12895,30.40,82.40
12896,30.40,82.50
12897,30.40,82.40
12898,30.40,82.40
12899,30.30,82.50
12900,30.40,82.40
12901,30.40,82.50
12902,30.40,82.50
12903,30.40,82.50
12904,30.30,82.40
12905,30.40,82.50
12906,30.40,82.40
12907,30.40,82.40
12908,30.40,82.40
12909,30.30,82.50
12910,30.30,82.40
12911,30.40,82.40
12912,30.40,82.40
12913,30.40,82.50
12914,30.30,82.40
12915,30.40,82.40
12916,30.30,82.40
12917,30.30,82.50
12918,30.40,82.40
12919,30.40,82.40
12920,30.40,82.50
12921,30.40,82.40
12922,30.40,82.40
12923,30.40,82.50
12924,30.40,82.40
12925,30.40,82.40
12926,30.40,82.40
12927,30.40,82.40
12928,30.40,82.40
12929,30.40,82.40
12930,30.30,82.40
12931,30.40,82.40
12932,30.30,82.50
12933,30.40,82.40
12934,30.40,82.40
12935,30.40,82.40
12936,30.40,82.40
12937,30.40,82.40
12938,30.40,82.40
12939,30.40,82.50
12940,30.40,82.40
12941,30.40,82.40
12942,30.40,82.40
12943,30.40,82.40
12944,30.40,82.40
12945,30.40,82.40
12946,30.40,82.40
12947,30.40,82.30
12948,30.40,82.40
12949,30.40,82.40
12950,30.40,82.30
12951,30.40,82.40
12952,30.40,82.40
12953,30.40,82.40
12954,30.40,82.40
12955,30.40,82.40
12956,30.40,82.40
12957,30.40,82.30
12958,30.40,82.40
12959,30.40,82.40
12960,30.40,82.40
12961,30.40,82.40
12962,30.40,82.40
12963,30.40,82.40
12964,30.30,82.40
12965,30.40,82.40
12966,30.40,82.30
12967,30.30,82.40
12968,30.40,82.30
12969,30.40,82.40
12970,30.40,82.40
12971,30.40,82.30
12972,30.40,82.30
12973,30.40,82.40
12974,30.40,82.30
12975,30.40,82.30
12976,30.40,82.30
12977,30.40,82.40
12978,30.40,82.40
12979,30.40,82.30
12980,30.40,82.40
12981,30.40,82.30
12982,30.40,82.30
12983,30.40,82.40
12984,30.40,82.40
12985,30.40,82.30
12986,30.40,82.30
12987,30.40,82.40
12988,30.30,82.40
12989,30.40,82.40
12990,30.40,82.30
12991,30.30,82.30
12992,30.40,82.30
12993,30.40,82.40
12994,30.30,82.30
12995,30.40,82.40
12996,30.40,82.30
12997,30.40,82.40
12998,30.40,82.40
12999,30.40,82.40
13000,30.40,82.30
13001,30.40,82.30
13002,30.40,82.30
13003,30.40,82.30
13004,30.40,82.40
13005,30.40,82.30
13006,30.40,82.40
13007,30.40,82.30
13008,30.40,82.40
13009,30.40,82.30
13010,30.40,82.40
13011,30.40,82.40
13012,30.40,82.30
13013,30.40,82.40
13014,30.30,82.30
13015,30.40,82.30
13016,30.30,82.30
13017,30.40,82.30
13018,30.40,82.30
13019,30.40,82.40
13020,30.40,82.30
13021,30.40,82.40
13022,30.30,82.30
13023,30.30,82.30
13024,30.40,82.30
13025,30.30,82.40
13026,30.30,82.30
13027,30.40,82.30
13028,30.30,82.20
13029,30.40,82.20
13030,30.30,82.20
13031,30.40,82.20
13032,30.40,82.20
13033,30.30,82.20
13034,30.40,82.20
13035,30.30,82.20
13036,30.30,82.20
13037,30.40,82.10
13038,30.40,82.10
13039,30.30,82.10
13040,30.30,82.10
13041,30.30,82.20
13042,30.30,82.10
13043,30.40,82.20
13044,30.30,82.10
13045,30.30,82.10
13046,30.30,82.10
13047,30.40,82.00
13048,30.30,82.00
13049,30.30,82.00
13050,30.30,82.00
13051,30.30,82.00
13052,30.30,82.00
13053,30.30,82.00
13054,30.30,82.00
13055,30.30,82.00
13056,30.30,82.00
13057,30.30,82.00
13058,30.30,81.90
13059,30.30,81.90
13060,30.30,81.90
13061,30.30,81.90
13062,30.30,81.90
13063,30.30,81.90
13064,30.30,81.90
13065,30.30,81.90
13066,30.30,81.90
13067,30.30,81.80
13068,30.30,81.80
13069,30.30,81.90
13070,30.30,81.80
13071,30.30,81.80
13072,30.30,81.80
13073,30.30,81.80
13074,30.30,81.80
13075,30.30,81.80
13076,30.30,81.80
13077,30.30,81.80
13078,30.30,81.80
13079,30.30,81.70
13080,30.30,81.70
13081,30.30,81.70
13082,30.30,81.70
13083,30.30,81.80
13084,30.30,81.70
13085,30.30,81.80
13086,30.30,81.70
13087,30.30,81.70
13088,30.30,81.70
13089,30.30,81.70
13090,30.30,81.70
13091,30.30,81.70
13092,30.30,81.70
13093,30.30,81.70
13094,30.30,81.70
13095,30.30,81.70
13096,30.30,81.70
13097,30.30,81.60
13098,30.30,81.60
13099,30.30,81.60
13100,30.30,81.60
13101,30.30,81.60
13102,30.30,81.60
13103,30.30,81.70
13104,30.20,81.60
13105,30.30,81.60
13106,30.30,81.60
13107,30.30,81.60
13108,30.30,81.60
13109,30.20,81.60
13110,30.30,81.60
13111,30.30,81.60
13112,30.30,81.60
13113,30.30,81.60
13114,30.30,81.60
13115,30.30,81.50
13116,30.30,81.50
13117,30.20,81.50
13118,30.30,81.50
13119,30.30,81.50
13120,30.30,81.50
13121,30.30,81.50
13122,30.30,81.40
13123,30.30,81.50
13124,30.30,81.50
13125,30.30,81.50
13126,30.30,81.50
13127,30.30,81.50
13128,30.20,81.50
13129,30.20,81.40
13130,30.30,81.50
13131,30.30,81.40
13132,30.30,81.40
13133,30.20,81.40
13134,30.30,81.40
13135,30.30,81.50
13136,30.30,81.50
13137,30.20,81.40
13138,30.30,81.40
13139,30.30,81.40
13140,30.30,81.40
13141,30.30,81.40
13142,30.30,81.40
13143,30.30,81.40
13144,30.20,81.40
13145,30.30,81.40
13146,30.30,81.40
13147,30.30,81.30
13148,30.20,81.40
13149,30.30,81.40
13150,30.30,81.50
13151,30.30,81.50
13152,30.30,81.40
13153,30.30,81.40
13154,30.30,81.40
13155,30.30,81.50
13156,30.30,81.40
13157,30.20,81.40
13158,30.30,81.50
13159,30.30,81.30
13160,30.30,81.40
13161,30.30,81.40
13162,30.30,81.40
13163,30.30,81.40
13164,30.30,81.40
13165,30.20,81.40
13166,30.20,81.40
13167,30.30,81.40
13168,30.30,81.50
13169,30.20,81.40
13170,30.30,81.40
13171,30.30,81.40
13172,30.30,81.40
13173,30.30,81.40
13174,30.30,81.40
13175,30.20,81.30
13176,30.30,81.40
13177,30.20,81.40
13178,30.30,81.40
13179,30.20,81.30
13180,30.30,81.40
13181,30.30,81.40
13182,30.30,81.40
13183,30.30,81.30
13184,30.30,81.40
13185,30.30,81.40
13186,30.30,81.30
13187,30.30,81.30
13188,30.30,81.30
13189,30.30,81.30
13190,30.30,81.30
13191,30.30,81.30
13192,30.20,81.30
13193,30.20,81.30
13194,30.30,81.30
13195,30.30,81.30
13196,30.20,81.30
13197,30.30,81.20
13198,30.30,81.30
13199,30.30,81.30
13200,30.30,81.30
13201,30.20,81.30
13202,30.30,81.30
13203,30.20,81.30
13204,30.20,81.30
13205,30.30,81.30
13206,30.30,81.30
13207,30.30,81.30
13208,30.20,81.30
13209,30.30,81.30
13210,30.20,81.20
13211,30.30,81.30
13212,30.30,81.30
13213,30.30,81.30
13214,30.30,81.20
13215,30.30,81.30
13216,30.30,81.30
13217,30.20,81.30
13218,30.30,81.30
13219,30.20,81.30
13220,30.30,81.30
13221,30.30,81.30
13222,30.30,81.30
13223,30.30,81.30
13224,30.20,81.20
13225,30.30,81.20
13226,30.30,81.20
13227,30.30,81.20
13228,30.30,81.20
13229,30.30,81.20
13230,30.30,81.20
13231,30.30,81.20
13232,30.30,81.20
13233,30.20,81.20
13234,30.30,81.20
13235,30.20,81.20
13236,30.20,81.20
13237,30.30,81.30
13238,30.30,81.30
13239,30.30,81.30
13240,30.20,81.20
13241,30.30,81.20
13242,30.20,81.20
13243,30.30,81.20
13244,30.30,81.20
13245,30.30,81.20
13246,30.20,81.20
13247,30.30,81.20
13248,30.30,81.20
13249,30.30,81.20
13250,30.20,81.20
13251,30.30,81.20
13252,30.30,81.20
13253,30.30,81.20
13254,30.30,81.20
13255,30.30,81.20
13256,30.20,81.20
13257,30.20,81.20
13258,30.20,81.20
13259,30.20,81.20
13260,30.30,81.20
13261,30.30,81.20
13262,30.20,81.20
13263,30.30,81.20
13264,30.20,81.20
13265,30.30,81.20
13266,30.20,81.20
13267,30.20,81.30
13268,30.20,81.20
13269,30.30,81.20
13270,30.30,81.20
13271,30.30,81.20
13272,30.30,81.20
13273,30.20,81.20
13274,30.30,81.20
13275,30.30,81.20
13276,30.20,81.20
13277,30.30,81.20
13278,30.20,81.20
13279,30.30,81.20
13280,30.30,81.20
13281,30.30,81.20
13282,30.30,81.20
13283,30.20,81.20
13284,30.30,81.20
13285,30.20,81.20
13286,30.30,81.20
13287,30.20,81.20
13288,30.30,81.20
13289,30.30,81.20
13290,30.20,81.20
13291,30.20,81.20
13292,30.20,81.30
13293,30.30,81.20
13294,30.30,81.20
13295,30.30,81.20
13296,30.20,81.20
13297,30.20,81.30
13298,30.30,81.20
13299,30.20,81.20
13300,30.30,81.20
13301,30.20,81.20
13302,30.30,81.20
13303,30.30,81.20
13304,30.20,81.20
13305,30.20,81.20
13306,30.30,81.20
13307,30.30,81.20
13308,30.30,81.20
13309,30.30,81.20
13310,30.30,81.20
13311,30.20,81.20
13312,30.20,81.20
13313,30.30,81.20
13314,30.20,81.20
13315,30.20,81.20
13316,30.20,81.20
13317,30.30,81.20
13318,30.20,81.20
13319,30.30,81.20
13320,30.20,81.20
13321,30.20,81.20
13322,30.20,81.20
13323,30.20,81.20
13324,30.20,81.30
13325,30.20,81.20
13326,30.20,81.20
13327,30.30,81.20
13328,30.20,81.30
13329,30.30,81.20
13330,30.20,81.20
13331,30.20,81.20
13332,30.20,81.20
13333,30.20,81.20
13334,30.20,81.20
13335,30.20,81.20
13336,30.20,81.20
13337,30.20,81.20
13338,30.20,81.20
13339,30.20,81.20
13340,30.20,81.30
13341,30.20,81.20
13342,30.20,81.20
13343,30.20,81.20
13344,30.20,81.20
13345,30.30,81.10
13346,30.30,81.20
13347,30.30,81.20
13348,30.20,81.20
13349,30.20,81.20
13350,30.30,81.20
13351,30.20,81.20
13352,30.20,81.20
13353,30.20,81.20
13354,30.20,81.30
13355,30.30,81.20
13356,30.30,81.20
13357,30.20,81.20
13358,30.20,81.20
13359,30.20,81.20
13360,30.20,81.20
13361,30.20,81.20
13362,30.30,81.20
13363,30.20,81.20
13364,30.20,81.20
13365,30.30,81.20
13366,30.20,81.20
13367,30.20,81.20
13368,30.20,81.20
13369,30.30,81.20
13370,30.20,81.20
13371,30.30,81.20
13372,30.20,81.20
13373,30.20,81.20
13374,30.20,81.20
13375,30.20,81.20
13376,30.20,81.20
13377,30.20,81.20
13378,30.20,81.20
13379,30.20,81.20
13380,30.20,81.20
13381,30.20,81.20
13382,30.20,81.20
13383,30.20,81.20
13384,30.20,81.20
13385,30.30,81.20
13386,30.20,81.20
13387,30.20,81.20
13388,30.20,81.20
13389,30.20,81.20
13390,30.30,81.20
13391,30.20,81.20
13392,30.20,81.20
13393,30.20,81.20
13394,30.20,81.20
13395,30.20,81.20
13396,30.30,81.20
13397,30.30,81.20
13398,30.20,81.20
13399,30.20,81.20
13400,30.20,81.20
13401,30.30,81.20
13402,30.20,81.20
13403,30.20,81.10
13404,30.20,81.20
13405,30.30,81.10
13406,30.20,81.20
13407,30.30,81.10
13408,30.20,81.20
13409,30.20,81.10
13410,30.20,81.20
13411,30.20,81.20
13412,30.30,81.10
13413,30.20,81.20
13414,30.20,81.20
13415,30.30,81.20
13416,30.30,81.20
13417,30.20,81.10
13418,30.30,81.20
13419,30.30,81.10
13420,30.30,81.20
13421,30.20,81.10
13422,30.20,81.10
13423,30.20,81.10
13424,30.20,81.20
13425,30.30,81.30
13426,30.30,81.10
13427,30.20,81.10
13428,30.20,81.20
13429,30.30,81.10
13430,30.30,81.20
13431,30.20,81.10
13432,30.20,81.20
13433,30.30,81.20
13434,30.30,81.20
13435,30.30,81.10
13436,30.20,81.10
13437,30.20,81.20
13438,30.30,81.10
13439,30.30,81.20
13440,30.30,81.10
13441,30.20,81.10
13442,30.30,81.20
13443,30.30,81.20
13444,30.30,81.20
13445,30.20,81.10
13446,30.20,81.20
13447,30.20,81.20
13448,30.20,81.10
13449,30.30,81.20
13450,30.20,81.10
13451,30.20,81.20
13452,30.30,81.10
13453,30.30,81.10
13454,30.20,81.20
13455,30.20,81.20
13456,30.20,81.20
13457,30.30,81.20
13458,30.30,81.20
13459,30.30,81.20
13460,30.20,81.20
13461,30.20,81.20
13462,30.20,81.20
13463,30.20,81.20
13464,30.30,81.10
13465,30.30,81.20
13466,30.20,81.20
13467,30.20,81.20
13468,30.30,81.10
13469,30.20,81.10
13470,30.30,81.10
13471,30.30,81.10
13472,30.30,81.10
13473,30.20,81.20
13474,30.20,81.20
13475,30.20,81.10
13476,30.20,81.10
13477,30.20,81.10
13478,30.30,81.20
13479,30.30,81.20
13480,30.30,81.10
13481,30.20,81.10
13482,30.20,81.20
13483,30.20,81.20
13484,30.30,81.20
13485,30.20,81.20
13486,30.20,81.20
13487,30.20,81.20
13488,30.30,81.20
13489,30.20,81.30
13490,30.20,81.20
13491,30.20,81.20
13492,30.20,81.20
13493,30.20,81.20
13494,30.20,81.10
13495,30.30,81.20
13496,30.20,81.20
13497,30.20,81.20
13498,30.20,81.10
13499,30.20,81.20
13500,30.20,81.20
13501,30.20,81.20
13502,30.20,81.30
13503,30.20,81.20
13504,30.20,81.20
13505,30.20,81.20
13506,30.20,81.20
13507,30.20,81.20
13508,30.20,81.20
13509,30.20,81.20
13510,30.20,81.20
13511,30.20,81.20
13512,30.20,81.20
13513,30.30,81.20
13514,30.20,81.20
13515,30.30,81.20
13516,30.30,81.20
13517,30.20,81.20
13518,30.20,81.20
13519,30.30,81.20
13520,30.20,81.20
13521,30.30,81.20
13522,30.20,81.20
13523,30.30,81.20
13524,30.20,81.20
13525,30.20,81.20
13526,30.30,81.20
13527,30.20,81.20
13528,30.30,81.20
13529,30.30,81.20
13530,30.30,81.20
13531,30.30,81.10
13532,30.20,81.20
13533,30.30,81.10
13534,30.30,81.20
13535,30.20,81.20
13536,30.30,81.20
13537,30.30,81.10
13538,30.30,81.10
13539,30.30,81.20
13540,30.30,81.20
13541,30.30,81.20
13542,30.30,81.20
13543,30.30,81.10
13544,30.30,81.20
13545,30.30,81.20
13546,30.30,81.10
13547,30.30,81.20
13548,30.20,81.10
13549,30.30,81.20
13550,30.30,81.10
13551,30.30,81.20
13552,30.30,81.10
13553,30.30,81.10
13554,30.30,81.10
13555,30.30,81.10
13556,30.30,81.10
13557,30.30,81.20
13558,30.30,81.20
13559,30.30,81.20
13560,30.30,81.10
13561,30.30,81.10
13562,30.30,81.20
13563,30.20,81.10
13564,30.30,81.10
13565,30.30,81.10
13566,30.30,81.20
13567,30.30,81.20
13568,30.30,81.20
13569,30.30,81.20
13570,30.30,81.20
13571,30.30,81.20
13572,30.30,81.20
13573,30.30,81.20
13574,30.30,81.20
13575,30.30,81.20
13576,30.30,81.20
13577,30.30,81.20
13578,30.30,81.20
13579,30.30,81.30
13580,30.30,81.20
13581,30.30,81.20
13582,30.30,81.20
13583,30.20,81.30
13584,30.30,81.20
13585,30.20,81.20
13586,30.30,81.20
13587,30.30,81.20
13588,30.30,81.20
13589,30.30,81.20
13590,30.30,81.20
13591,30.30,81.20
13592,30.30,81.20
13593,30.30,81.20
13594,30.30,81.20
13595,30.30,81.20
13596,30.30,81.20
13597,30.30,81.20
13598,30.30,81.20
13599,30.20,81.20
13600,30.20,81.20
13601,30.30,81.20
13602,30.30,81.30
13603,30.30,81.30
13604,30.30,81.30
13605,30.30,81.20
13606,30.30,81.20
13607,30.30,81.20
13608,30.30,81.30
13609,30.30,81.20
13610,30.30,81.20
13611,30.20,81.30
13612,30.20,81.20
13613,30.20,81.20
13614,30.30,81.30
13615,30.30,81.30
13616,30.30,81.30
13617,30.30,81.20
13618,30.30,81.30
13619,30.20,81.20
13620,30.30,81.20
13621,30.20,81.20
13622,30.20,81.20
13623,30.30,81.20
13624,30.30,81.30
13625,30.30,81.20
13626,30.30,81.20
13627,30.30,81.30
13628,30.20,81.30
13629,30.30,81.20
13630,30.30,81.20
13631,30.30,81.30
13632,30.30,81.20
13633,30.30,81.20
13634,30.30,81.20
13635,30.30,81.20
13636,30.30,81.20
13637,30.20,81.30
13638,30.30,81.30
13639,30.30,81.20
13640,30.20,81.20
13641,30.20,81.20
13642,30.20,81.20
13643,30.20,81.30
13644,30.20,81.20
13645,30.30,81.20
13646,30.30,81.30
13647,30.20,81.20
13648,30.30,81.20
13649,30.20,81.20
13650,30.30,81.30
13651,30.20,81.30
13652,30.30,81.20
13653,30.30,81.20
13654,30.20,81.20
13655,30.30,81.30
13656,30.30,81.30
13657,30.30,81.20
13658,30.20,81.30
13659,30.30,81.30
13660,30.20,81.30
13661,30.20,81.20
13662,30.20,81.30
13663,30.30,81.20
13664,30.30,81.30
13665,30.30,81.30
13666,30.20,81.30
13667,30.20,81.30
13668,30.20,81.30
13669,30.30,81.30
13670,30.30,81.30
13671,30.20,81.30
13672,30.30,81.30
13673,30.30,81.30
13674,30.30,81.30
13675,30.20,81.30
13676,30.30,81.30
13677,30.30,81.30
13678,30.20,81.20
13679,30.20,81.30
13680,30.30,81.30
13681,30.30,81.30
13682,30.20,81.30
13683,30.20,81.30
13684,30.30,81.30
13685,30.30,81.30
13686,30.30,81.30
13687,30.20,81.30
13688,30.20,81.30
13689,30.20,81.30
13690,30.30,81.30
13691,30.20,81.30
13692,30.30,81.30
13693,30.20,81.30
13694,30.30,81.30
13695,30.20,81.30
13696,30.20,81.30
13697,30.30,81.30
13698,30.30,81.30
13699,30.20,81.30
13700,30.20,81.30
13701,30.20,81.20
13702,30.20,81.30
13703,30.20,81.30
13704,30.20,81.30
13705,30.20,81.30
13706,30.20,81.30
13707,30.30,81.30
13708,30.20,81.30
13709,30.20,81.30
13710,30.20,81.40
13711,30.20,81.40
13712,30.20,81.30
13713,30.20,81.40
13714,30.20,81.30
13715,30.20,81.40
13716,30.20,81.30
13717,30.20,81.30
13718,30.20,81.30
13719,30.20,81.30
13720,30.20,81.30
13721,30.30,81.30
13722,30.20,81.30
13723,30.20,81.30
13724,30.20,81.40
13725,30.20,81.30
13726,30.20,81.40
13727,30.20,81.40
13728,30.20,81.30
13729,30.20,81.30
13730,30.20,81.40
13731,30.20,81.30
13732,30.20,81.30
13733,30.20,81.40
13734,30.20,81.40
13735,30.20,81.30
13736,30.30,81.40
13737,30.20,81.40
13738,30.20,81.40
13739,30.20,81.40
13740,30.20,81.30
13741,30.20,81.40
13742,30.20,81.30
13743,30.20,81.30
13744,30.20,81.40
13745,30.20,81.40
13746,30.20,81.30
13747,30.20,81.30
13748,30.20,81.30
13749,30.20,81.40
13750,30.20,81.40
13751,30.20,81.40
13752,30.20,81.40
13753,30.20,81.40
13754,30.20,81.40
13755,30.20,81.40
13756,30.20,81.40
13757,30.20,81.40
13758,30.20,81.40
13759,30.30,81.40
13760,30.20,81.40
13761,30.20,81.40
13762,30.20,81.40
13763,30.20,81.40
13764,30.20,81.40
13765,30.20,81.40
13766,30.20,81.40
13767,30.20,81.40
13768,30.20,81.50
13769,30.20,81.40
13770,30.20,81.40
13771,30.20,81.40
13772,30.20,81.40
13773,30.20,81.40
13774,30.20,81.40
13775,30.20,81.40
13776,30.20,81.40
13777,30.20,81.40
13778,30.20,81.50
13779,30.20,81.40
13780,30.20,81.40
13781,30.20,81.50
13782,30.20,81.40
13783,30.20,81.50
13784,30.20,81.40
13785,30.20,81.40
13786,30.20,81.40
13787,30.20,81.40
13788,30.20,81.40
13789,30.20,81.50
13790,30.20,81.40
13791,30.20,81.40
13792,30.20,81.50
13793,30.20,81.50
13794,30.20,81.50
13795,30.20,81.50
13796,30.20,81.40
13797,30.20,81.40
13798,30.20,81.50
13799,30.20,81.50
13800,30.20,81.40
13801,30.20,81.50
13802,30.20,81.50
13803,30.20,81.40
13804,30.20,81.50
13805,30.20,81.40
13806,30.20,81.50
13807,30.20,81.50
13808,30.20,81.40
13809,30.20,81.50
13810,30.20,81.40
13811,30.20,81.50
13812,30.20,81.50
13813,30.20,81.40
13814,30.20,81.50
13815,30.20,81.50
13816,30.20,81.50
13817,30.20,81.50
13818,30.20,81.50
13819,30.20,81.50
13820,30.20,81.50
13821,30.20,81.50
13822,30.20,81.50
13823,30.20,81.50
13824,30.20,81.50
13825,30.20,81.50
13826,30.20,81.50
13827,30.20,81.50
13828,30.20,81.50
13829,30.20,81.50
13830,30.20,81.50
13831,30.20,81.50
13832,30.20,81.50
13833,30.20,81.50
13834,30.20,81.50
13835,30.20,81.50
13836,30.20,81.50
13837,30.20,81.50
13838,30.20,81.50
13839,30.20,81.50
13840,30.20,81.40
13841,30.20,81.50
13842,30.20,81.50
13843,30.20,81.50
13844,30.20,81.60
13845,30.20,81.50
13846,30.20,81.50
13847,30.20,81.50
13848,30.20,81.50
13849,30.20,81.60
13850,30.20,81.50
13851,30.20,81.50
13852,30.20,81.50
13853,30.20,81.50
13854,30.20,81.50
13855,30.20,81.60
13856,30.20,81.50
13857,30.20,81.50
13858,30.20,81.60
13859,30.20,81.50
13860,30.20,81.50
13861,30.20,81.50
13862,30.20,81.50
13863,30.20,81.50
13864,30.20,81.50
13865,30.20,81.50
13866,30.20,81.60
13867,30.20,81.60
13868,30.20,81.50
13869,30.20,81.60
13870,30.20,81.50
13871,30.20,81.60
13872,30.20,81.60
13873,30.20,81.50
13874,30.20,81.60
13875,30.20,81.60
13876,30.20,81.60
13877,30.20,81.60
13878,30.20,81.60
13879,30.20,81.60
13880,30.20,81.60
13881,30.20,81.60
13882,30.20,81.60
13883,30.20,81.60
13884,30.20,81.60
13885,30.20,81.60
13886,30.20,81.60
13887,30.20,81.60
13888,30.20,81.60
13889,30.20,81.50
13890,30.20,81.60
13891,30.20,81.60
13892,30.20,81.60
13893,30.20,81.60
13894,30.20,81.60
13895,30.20,81.60
13896,30.20,81.60
13897,30.20,81.60
13898,30.20,81.60
13899,30.20,81.60
13900,30.20,81.50
13901,30.20,81.60
13902,30.20,81.60
13903,30.20,81.60
13904,30.20,81.50
13905,30.20,81.60
13906,30.20,81.60
13907,30.20,81.60
13908,30.20,81.60
13909,30.20,81.70
13910,30.20,81.60
13911,30.20,81.60
13912,30.20,81.60
13913,30.20,81.60
13914,30.20,81.60
13915,30.20,81.60
13916,30.20,81.60
13917,30.20,81.60
13918,30.20,81.70
13919,30.20,81.60
13920,30.20,81.60
13921,30.20,81.60
13922,30.20,81.60
13923,30.20,81.60
13924,30.20,81.60
13925,30.20,81.60
13926,30.20,81.70
13927,30.10,81.70
13928,30.20,81.60
13929,30.20,81.70
13930,30.20,81.60
13931,30.20,81.60
13932,30.20,81.60
13933,30.20,81.60
13934,30.20,81.60
13935,30.20,81.60
13936,30.20,81.70
13937,30.20,81.60
13938,30.20,81.70
13939,30.20,81.60
13940,30.20,81.60
13941,30.20,81.70
13942,30.20,81.60
13943,30.20,81.70
13944,30.20,81.60
13945,30.20,81.60
13946,30.20,81.70
13947,30.20,81.60
13948,30.20,81.70
13949,30.20,81.60
13950,30.20,81.60
13951,30.20,81.70
13952,30.10,81.70
13953,30.20,81.70
13954,30.20,81.70
13955,30.20,81.70
13956,30.20,81.70
13957,30.20,81.70
13958,30.20,81.70
13959,30.20,81.70
13960,30.20,81.70
13961,30.10,81.60
13962,30.20,81.70
13963,30.20,81.70
13964,30.20,81.70
13965,30.20,81.70
13966,30.20,81.70
13967,30.20,81.60
13968,30.20,81.70
13969,30.10,81.70
13970,30.20,81.70
13971,30.20,81.70
13972,30.20,81.70
13973,30.20,81.70
13974,30.20,81.70
13975,30.20,81.70
13976,30.20,81.70
13977,30.20,81.70
13978,30.20,81.70
13979,30.20,81.70
13980,30.20,81.70
13981,30.20,81.70
13982,30.20,81.70
13983,30.20,81.70
13984,30.20,81.70
13985,30.20,81.70
13986,30.20,81.60
13987,30.20,81.70
13988,30.20,81.70
13989,30.20,81.70
13990,30.20,81.70
13991,30.20,81.70
13992,30.20,81.70
13993,30.20,81.70
13994,30.20,81.60
13995,30.20,81.60
13996,30.20,81.70
13997,30.20,81.70
13998,30.20,81.70
13999,30.20,81.70
14000,30.20,81.70
14001,30.20,81.70
14002,30.20,81.70
14003,30.20,81.70
14004,30.20,81.70
14005,30.20,81.70
14006,30.20,81.70
14007,30.20,81.80
14008,30.20,81.70
14009,30.10,81.70
14010,30.20,81.70
14011,30.10,81.70
14012,30.20,81.70
14013,30.20,81.80
14014,30.20,81.70
14015,30.20,81.80
14016,30.20,81.70
14017,30.20,81.70
14018,30.20,81.70
14019,30.20,81.70
14020,30.20,81.70
14021,30.20,81.80
14022,30.10,81.70
14023,30.20,81.70
14024,30.20,81.70
14025,30.20,81.70
14026,30.20,81.70
14027,30.20,81.70
14028,30.20,81.70
14029,30.20,81.70
14030,30.10,81.70
14031,30.20,81.70
14032,30.20,81.70
14033,30.10,81.70
14034,30.20,81.70
14035,30.20,81.70
14036,30.20,81.70
14037,30.20,81.70
14038,30.20,81.70
14039,30.20,81.80
14040,30.20,81.80
14041,30.20,81.70
14042,30.20,81.70
14043,30.20,81.70
14044,30.20,81.70
14045,30.20,81.70
14046,30.10,81.70
14047,30.20,81.70
14048,30.10,81.70
14049,30.20,81.70
14050,30.20,81.70
14051,30.20,81.70
14052,30.20,81.70
14053,30.20,81.80
14054,30.20,81.70
14055,30.20,81.70
14056,30.20,81.70
14057,30.10,81.70
14058,30.20,81.70
14059,30.20,81.70
14060,30.20,81.70
14061,30.20,81.70
14062,30.20,81.70
14063,30.20,81.70
14064,30.20,81.70
14065,30.20,81.70
14066,30.10,81.70
14067,30.20,81.70
14068,30.20,81.80
14069,30.20,81.80
14070,30.20,81.70
14071,30.10,81.70
14072,30.20,81.70
14073,30.10,81.70
14074,30.20,81.70
14075,30.20,81.80
14076,30.10,81.80
14077,30.20,81.70
14078,30.20,81.70
14079,30.10,81.80
14080,30.20,81.80
14081,30.20,81.70
14082,30.10,81.80
14083,30.20,81.70
14084,30.10,81.70
14085,30.20,81.70
14086,30.20,81.70
14087,30.10,81.80
14088,30.20,81.80
14089,30.10,81.80
14090,30.10,81.70
14091,30.20,81.80
14092,30.20,81.70
14093,30.20,81.80
14094,30.20,81.70
14095,30.20,81.80
14096,30.20,81.70
14097,30.10,81.80
14098,30.20,81.80
14099,30.10,81.80
14100,30.20,81.80
14101,30.20,81.80
14102,30.10,81.80
14103,30.10,81.80
14104,30.20,81.80
14105,30.10,81.80
14106,30.20,81.70
14107,30.10,81.80
14108,30.10,81.70
14109,30.20,81.80
14110,30.10,81.80
14111,30.20,81.70
14112,30.20,81.70
14113,30.20,81.80
14114,30.10,81.70
14115,30.20,81.80
14116,30.20,81.80
14117,30.10,81.70
14118,30.20,81.80
14119,30.20,81.70
14120,30.20,81.80
14121,30.10,81.80
14122,30.20,81.80
14123,30.10,81.80
14124,30.20,81.80
14125,30.20,81.80
14126,30.20,81.80
14127,30.10,81.80
14128,30.20,81.70
14129,30.10,81.80
14130,30.20,81.70
14131,30.20,81.80
14132,30.20,81.70
14133,30.20,81.80
14134,30.20,81.70
14135,30.20,81.80
14136,30.20,81.80
14137,30.20,81.80
14138,30.20,81.80
14139,30.20,81.70
14140,30.10,81.80
14141,30.20,81.70
14142,30.20,81.80
14143,30.10,81.80
14144,30.20,81.80
14145,30.10,81.70
14146,30.10,81.80
14147,30.10,81.80
14148,30.10,81.80
14149,30.20,81.70
14150,30.10,81.70
14151,30.10,81.80
14152,30.10,81.80
14153,30.10,81.80
14154,30.10,81.70
14155,30.10,81.80
14156,30.20,81.80
14157,30.20,81.70
14158,30.10,81.80
14159,30.20,81.70
14160,30.20,81.80
14161,30.10,81.80
14162,30.10,81.80
14163,30.10,81.70
14164,30.10,81.80
14165,30.20,81.80
14166,30.20,81.70
14167,30.20,81.80
14168,30.10,81.80
14169,30.20,81.70
14170,30.20,81.80
14171,30.10,81.70
14172,30.20,81.80
14173,30.10,81.80
14174,30.10,81.80
14175,30.20,81.80
14176,30.20,81.70
14177,30.10,81.80
14178,30.10,81.80
14179,30.20,81.70
14180,30.10,81.80
14181,30.20,81.80
14182,30.10,81.80
14183,30.10,81.80
14184,30.10,81.80
14185,30.10,81.80
14186,30.20,81.80
14187,30.20,81.80
14188,30.10,81.80
14189,30.10,81.80
14190,30.10,81.80
14191,30.10,81.80
14192,30.10,81.80
14193,30.20,81.70
14194,30.10,81.80
14195,30.10,81.80
14196,30.20,81.80
14197,30.10,81.80
14198,30.10,81.80
14199,30.10,81.80
14200,30.10,81.80
14201,30.10,81.80
14202,30.10,81.80
14203,30.20,81.80
14204,30.10,81.80
14205,30.10,81.70
14206,30.20,81.80
14207,30.10,81.80
14208,30.10,81.70
14209,30.10,81.80
14210,30.10,81.90
14211,30.10,81.80
14212,30.10,81.80
14213,30.20,81.80
14214,30.10,81.80
14215,30.20,81.80
14216,30.10,81.80
14217,30.10,81.80
14218,30.10,81.80
14219,30.10,81.80
14220,30.10,81.80
14221,30.10,81.80
14222,30.10,81.80
14223,30.10,81.80
14224,30.10,81.80
14225,30.10,81.90
14226,30.20,81.80
14227,30.10,81.80
14228,30.10,81.80
14229,30.10,81.80
14230,30.10,81.80
14231,30.10,81.80
14232,30.10,81.80
14233,30.20,81.80
14234,30.10,81.80
14235,30.10,81.70
14236,30.20,81.80
14237,30.10,81.80
14238,30.10,81.80
14239,30.10,81.80
14240,30.10,81.80
14241,30.20,81.80
14242,30.10,81.80
14243,30.10,81.80
14244,30.10,81.80
14245,30.10,81.80
14246,30.10,81.80
14247,30.10,81.80
14248,30.10,81.80
14249,30.20,81.80
14250,30.20,81.80
14251,30.20,81.80
14252,30.10,81.80
14253,30.10,81.80
14254,30.10,81.80
14255,30.20,81.80
14256,30.20,81.70
14257,30.20,81.80
14258,30.20,81.80
14259,30.20,81.80
14260,30.20,81.80
14261,30.20,81.80
14262,30.10,81.90
14263,30.20,81.80
14264,30.10,81.80
14265,30.20,81.80
14266,30.10,81.80
14267,30.20,81.80
14268,30.10,81.80
14269,30.20,81.70
14270,30.10,81.80
14271,30.10,81.70
14272,30.10,81.70
14273,30.10,81.80
14274,30.20,81.70
14275,30.10,81.80
14276,30.10,81.70
14277,30.10,81.80
14278,30.10,81.70
14279,30.10,81.70
14280,30.10,81.80
14281,30.20,81.70
14282,30.20,81.70
14283,30.10,81.80
14284,30.20,81.70
14285,30.20,81.80
14286,30.20,81.70
14287,30.20,81.70
14288,30.10,81.70
14289,30.10,81.70
14290,30.10,81.70
14291,30.10,81.70
14292,30.10,81.70
14293,30.10,81.70
14294,30.20,81.70
14295,30.20,81.70
14296,30.10,81.70
14297,30.20,81.70
14298,30.10,81.70
14299,30.20,81.70
14300,30.10,81.70
14301,30.10,81.70
14302,30.10,81.70
14303,30.10,81.70
14304,30.20,81.70
14305,30.20,81.70
14306,30.10,81.70
14307,30.10,81.70
14308,30.10,81.70
14309,30.20,81.70
14310,30.10,81.70
14311,30.10,81.60
14312,30.20,81.70
14313,30.10,81.70
14314,30.10,81.70
14315,30.10,81.70
14316,30.10,81.80
14317,30.10,81.70
14318,30.10,81.70
14319,30.10,81.70
14320,30.10,81.70
14321,30.10,81.70
14322,30.10,81.70
14323,30.20,81.70
14324,30.10,81.70
14325,30.10,81.70
14326,30.10,81.70
14327,30.10,81.60
14328,30.10,81.70
14329,30.10,81.70
14330,30.10,81.70
14331,30.10,81.70
14332,30.10,81.60
14333,30.20,81.70
14334,30.10,81.70
14335,30.10,81.70
14336,30.10,81.70
14337,30.20,81.70
14338,30.10,81.70
14339,30.10,81.70
14340,30.10,81.60
14341,30.10,81.70
14342,30.10,81.60
14343,30.10,81.70
14344,30.10,81.70
14345,30.10,81.70
14346,30.10,81.70
14347,30.10,81.70
14348,30.10,81.70
14349,30.10,81.70
14350,30.10,81.70
14351,30.10,81.60
14352,30.10,81.70
14353,30.10,81.70
14354,30.10,81.60
14355,30.20,81.60
14356,30.20,81.70
14357,30.10,81.70
14358,30.10,81.70
14359,30.10,81.70
14360,30.20,81.70
14361,30.20,81.70
14362,30.10,81.60
14363,30.10,81.60
14364,30.10,81.70
14365,30.10,81.70
14366,30.10,81.60
14367,30.20,81.70
14368,30.20,81.70
14369,30.10,81.60
14370,30.10,81.60
14371,30.10,81.70
14372,30.10,81.70
14373,30.10,81.60
14374,30.10,81.70
14375,30.10,81.60
14376,30.10,81.60
14377,30.10,81.70
14378,30.10,81.70
14379,30.20,81.70
14380,30.10,81.60
14381,30.10,81.60
14382,30.10,81.60
14383,30.20,81.70
14384,30.20,81.60
14385,30.10,81.70
14386,30.10,81.70
14387,30.10,81.70
14388,30.10,81.70
14389,30.10,81.70
14390,30.10,81.70
14391,30.20,81.60
14392,30.20,81.70
14393,30.10,81.70
14394,30.20,81.60
14395,30.10,81.60
14396,30.10,81.60
14397,30.10,81.70
14398,30.10,81.60
14399,30.20,81.70
14400,30.10,81.70
14401,30.10,81.60
14402,30.10,81.70
14403,30.10,81.60
14404,30.10,81.60
14405,30.20,81.60
14406,30.10,81.60
14407,30.10,81.60
14408,30.20,81.60
14409,30.10,81.60
14410,30.10,81.60
14411,30.10,81.70
14412,30.10,81.60
14413,30.10,81.60
14414,30.10,81.60
14415,30.10,81.60
14416,30.10,81.60
14417,30.10,81.70
14418,30.10,81.60
14419,30.20,81.60
14420,30.10,81.60
14421,30.10,81.60
14422,30.10,81.60
14423,30.10,81.60
14424,30.10,81.70
14425,30.10,81.60
14426,30.10,81.70
14427,30.10,81.60
14428,30.10,81.60
14429,30.10,81.60
14430,30.10,81.60
14431,30.10,81.60
14432,30.10,81.60
14433,30.10,81.60
14434,30.10,81.60
14435,30.10,81.60
14436,30.10,81.60
14437,30.10,81.70
14438,30.10,81.70
14439,30.10,81.60
14440,30.10,81.60
14441,30.10,81.60
14442,30.10,81.60
14443,30.10,81.60
14444,30.10,81.70
14445,30.10,81.70
14446,30.10,81.60
14447,30.10,81.60
14448,30.10,81.60
14449,30.10,81.60
14450,30.10,81.60
14451,30.10,81.70
14452,30.10,81.70
14453,30.10,81.60
14454,30.10,81.60
14455,30.10,81.60
14456,30.10,81.70
14457,30.10,81.60
14458,30.10,81.70
14459,30.10,81.60
14460,30.10,81.60
14461,30.10,81.60
14462,30.10,81.70
14463,30.10,81.60
14464,30.10,81.60
14465,30.10,81.60
14466,30.10,81.70
14467,30.10,81.60
14468,30.10,81.60
14469,30.10,81.60
14470,30.10,81.60
14471,30.10,81.70
14472,30.10,81.60
14473,30.10,81.70
14474,30.10,81.70
14475,30.10,81.60
14476,30.10,81.60
14477,30.10,81.60
14478,30.10,81.60
14479,30.10,81.60
14480,30.10,81.60
14481,30.10,81.60
14482,30.10,81.60
14483,30.10,81.60
14484,30.10,81.60
14485,30.10,81.60
14486,30.10,81.60
14487,30.10,81.60
14488,30.10,81.60
14489,30.10,81.70
14490,30.10,81.60
14491,30.10,81.60
14492,30.10,81.60
14493,30.10,81.70
14494,30.10,81.60
14495,30.10,81.60
14496,30.10,81.60
14497,30.10,81.70
14498,30.10,81.60
14499,30.10,81.60
14500,30.10,81.60
14501,30.10,81.60
14502,30.10,81.60
14503,30.10,81.60
14504,30.10,81.60
14505,30.10,81.60
14506,30.10,81.70
14507,30.10,81.70
14508,30.10,81.60
14509,30.10,81.60
14510,30.10,81.70
14511,30.10,81.60
14512,30.10,81.60
14513,30.10,81.60
14514,30.10,81.60
14515,30.10,81.60
14516,30.10,81.60
14517,30.10,81.60
14518,30.10,81.60
14519,30.10,81.60
14520,30.10,81.60
14521,30.10,81.60
14522,30.10,81.60
14523,30.10,81.60
14524,30.10,81.60
14525,30.10,81.60
14526,30.10,81.70
14527,30.10,81.60
14528,30.10,81.60
14529,30.10,81.60
14530,30.10,81.70
14531,30.10,81.60
14532,30.10,81.60
14533,30.10,81.60
14534,30.10,81.60
14535,30.10,81.60
14536,30.10,81.60
14537,30.10,81.60
14538,30.10,81.60
14539,30.10,81.60
14540,30.10,81.60
14541,30.10,81.60
14542,30.10,81.60
14543,30.10,81.60
14544,30.10,81.60
14545,30.10,81.60
14546,30.10,81.60
14547,30.10,81.70
14548,30.10,81.60
14549,30.10,81.60
14550,30.10,81.60
14551,30.10,81.60
14552,30.10,81.60
14553,30.10,81.60
14554,30.10,81.70
14555,30.10,81.60
14556,30.10,81.60
14557,30.10,81.60
14558,30.10,81.60
14559,30.10,81.60
14560,30.10,81.60
14561,30.10,81.60
14562,30.10,81.70
14563,30.10,81.60
14564,30.10,81.70
14565,30.10,81.60
14566,30.10,81.60
14567,30.10,81.60
14568,30.10,81.60
14569,30.10,81.60
14570,30.10,81.60
14571,30.10,81.60
14572,30.10,81.60
14573,30.20,81.60
14574,30.10,81.60
14575,30.10,81.60
14576,30.10,81.60
14577,30.10,81.60
14578,30.10,81.60
14579,30.10,81.60
14580,30.10,81.50
14581,30.10,81.60
14582,30.10,81.60
14583,30.10,81.60
14584,30.10,81.60
14585,30.10,81.60
14586,30.10,81.60
14587,30.10,81.50
14588,30.10,81.60
14589,30.10,81.50
14590,30.10,81.60
14591,30.10,81.60
14592,30.10,81.60
14593,30.10,81.60
14594,30.10,81.60
14595,30.10,81.60
14596,30.10,81.70
14597,30.10,81.60
14598,30.10,81.60
14599,30.10,81.60
14600,30.10,81.50
14601,30.10,81.60
14602,30.10,81.60
14603,30.10,81.60
14604,30.10,81.50
14605,30.10,81.60
14606,30.10,81.60
14607,30.10,81.60
14608,30.10,81.60
14609,30.10,81.60
14610,30.10,81.60
14611,30.10,81.60
14612,30.10,81.60
14613,30.10,81.60
14614,30.10,81.60
14615,30.10,81.60
14616,30.10,81.50
14617,30.10,81.60
14618,30.10,81.50
14619,30.10,81.60
14620,30.10,81.60
14621,30.10,81.60
14622,30.10,81.60
14623,30.10,81.60
14624,30.10,81.60
14625,30.10,81.60
14626,30.10,81.60
14627,30.10,81.60
14628,30.10,81.50
14629,30.10,81.60
14630,30.10,81.60
14631,30.10,81.50
14632,30.10,81.60
14633,30.10,81.60
14634,30.10,81.60
14635,30.10,81.60
14636,30.10,81.60
14637,30.10,81.60
14638,30.10,81.60
14639,30.10,81.60
14640,30.10,81.60
14641,30.10,81.60
14642,30.10,81.60
14643,30.10,81.50
14644,30.20,81.50
14645,30.10,81.60
14646,30.10,81.60
14647,30.10,81.60
14648,30.10,81.50
14649,30.10,81.60
14650,30.10,81.60
14651,30.10,81.60
14652,30.10,81.60
14653,30.10,81.50
14654,30.10,81.60
14655,30.10,81.60
14656,30.10,81.60
14657,30.10,81.50
14658,30.10,81.50
14659,30.10,81.60
14660,30.10,81.50
14661,30.10,81.60
14662,30.10,81.60
14663,30.10,81.60
14664,30.10,81.60
14665,30.10,81.50
14666,30.10,81.60
14667,30.10,81.50
14668,30.10,81.50
14669,30.10,81.60
14670,30.10,81.60
14671,30.10,81.60
14672,30.10,81.60
14673,30.10,81.60
14674,30.10,81.50
14675,30.10,81.50
14676,30.10,81.60
14677,30.10,81.60
14678,30.10,81.60
14679,30.10,81.60
14680,30.10,81.50
14681,30.10,81.60
14682,30.10,81.50
14683,30.10,81.50
14684,30.10,81.60
14685,30.10,81.50
14686,30.10,81.60
14687,30.10,81.50
14688,30.10,81.50
14689,30.10,81.50
14690,30.10,81.50
14691,30.10,81.50
14692,30.10,81.60
14693,30.10,81.60
14694,30.10,81.50
14695,30.10,81.60
14696,30.10,81.60
14697,30.10,81.50
14698,30.10,81.60
14699,30.10,81.60
14700,30.10,81.60
14701,30.10,81.50
14702,30.10,81.60
14703,30.10,81.60
14704,30.10,81.50
14705,30.10,81.50
14706,30.10,81.60
14707,30.10,81.50
14708,30.10,81.50
14709,30.10,81.60
14710,30.10,81.50
14711,30.10,81.50
14712,30.10,81.60
14713,30.10,81.60
14714,30.10,81.50
14715,30.10,81.50
14716,30.10,81.50
14717,30.10,81.50
14718,30.10,81.50
14719,30.10,81.50
14720,30.10,81.50
14721,30.10,81.50
14722,30.10,81.60
14723,30.10,81.50
14724,30.10,81.60
14725,30.10,81.50
14726,30.10,81.50
14727,30.10,81.50
14728,30.10,81.60
14729,30.10,81.60
14730,30.10,81.50
14731,30.10,81.50
14732,30.10,81.50
14733,30.10,81.50
14734,30.10,81.50
14735,30.10,81.60
14736,30.10,81.60
14737,30.10,81.60
14738,30.10,81.50
14739,30.10,81.50
14740,30.10,81.50
14741,30.10,81.50
14742,30.10,81.50
14743,30.10,81.50
14744,30.10,81.50
14745,30.10,81.50
14746,30.10,81.50
14747,30.10,81.50
14748,30.10,81.50
14749,30.10,81.60
14750,30.10,81.50
14751,30.10,81.50
14752,30.10,81.50
14753,30.10,81.50
14754,30.10,81.50
14755,30.10,81.60
14756,30.10,81.50
14757,30.10,81.50
14758,30.10,81.50
14759,30.20,81.50
14760,30.10,81.50
14761,30.10,81.50
14762,30.10,81.50
14763,30.10,81.50
14764,30.10,81.50
14765,30.10,81.50
14766,30.10,81.50
14767,30.10,81.50
14768,30.10,81.50
14769,30.10,81.50
14770,30.10,81.50
14771,30.10,81.50
14772,30.10,81.50
14773,30.10,81.50
14774,30.10,81.50
14775,30.10,81.50
14776,30.10,81.50
14777,30.10,81.50
14778,30.10,81.50
14779,30.10,81.60
14780,30.10,81.50
14781,30.10,81.50
14782,30.10,81.50
14783,30.10,81.50
14784,30.10,81.50
14785,30.10,81.50
14786,30.10,81.50
14787,30.10,81.50
14788,30.10,81.50
14789,30.10,81.50
14790,30.10,81.50
14791,30.10,81.50
14792,30.10,81.50
14793,30.10,81.50
14794,30.10,81.50
14795,30.10,81.50
14796,30.10,81.50
14797,30.10,81.50
14798,30.10,81.50
14799,30.10,81.50
14800,30.10,81.50
14801,30.10,81.50
14802,30.10,81.50
14803,30.10,81.50
14804,30.10,81.50
14805,30.10,81.50
14806,30.10,81.50
14807,30.10,81.50
14808,30.10,81.50
14809,30.10,81.50
14810,30.10,81.50
14811,30.10,81.50
14812,30.10,81.50
14813,30.10,81.50
14814,30.10,81.50
14815,30.10,81.50
14816,30.10,81.50
14817,30.10,81.50
14818,30.10,81.50
14819,30.10,81.50
14820,30.10,81.50
14821,30.10,81.50
14822,30.10,81.50
14823,30.10,81.40
14824,30.10,81.50
14825,30.10,81.50
14826,30.10,81.50
14827,30.10,81.50
14828,30.10,81.50
14829,30.10,81.50
14830,30.10,81.50
14831,30.10,81.50
14832,30.10,81.50
14833,30.10,81.50
14834,30.10,81.50
14835,30.10,81.50
14836,30.10,81.40
14837,30.10,81.50
14838,30.10,81.50
14839,30.10,81.50
14840,30.10,81.50
14841,30.10,81.50
14842,30.10,81.50
14843,30.10,81.40
14844,30.10,81.50
14845,30.10,81.50
14846,30.10,81.50
14847,30.10,81.40
14848,30.10,81.60
14849,30.10,81.50
14850,30.10,81.40
14851,30.10,81.50
14852,30.10,81.50
14853,30.10,81.40
14854,30.10,81.40
14855,30.10,81.50
14856,30.10,81.60
14857,30.10,81.50
14858,30.10,81.50
14859,30.10,81.50
14860,30.10,81.50
14861,30.10,81.50
14862,30.10,81.40
14863,30.10,81.50
14864,30.10,81.50
14865,30.10,81.50
14866,30.10,81.50
14867,30.10,81.50
14868,30.10,81.50
14869,30.10,81.40
14870,30.10,81.50
14871,30.10,81.50
14872,30.10,81.50
14873,30.10,81.50
14874,30.10,81.50
14875,30.10,81.50
14876,30.10,81.40
14877,30.10,81.40
14878,30.10,81.50
14879,30.10,81.50
14880,30.10,81.40
14881,30.10,81.40
14882,30.10,81.40
14883,30.10,81.40
14884,30.10,81.50
14885,30.10,81.40
14886,30.10,81.40
14887,30.10,81.40
14888,30.10,81.40
14889,30.10,81.50
14890,30.10,81.40
14891,30.10,81.40
14892,30.10,81.40
14893,30.10,81.40
14894,30.10,81.50
14895,30.10,81.40
14896,30.10,81.50
14897,30.10,81.40
14898,30.10,81.40
14899,30.10,81.40
14900,30.10,81.40
14901,30.10,81.40
14902,30.10,81.50
14903,30.10,81.50
14904,30.10,81.50
14905,30.10,81.40
14906,30.10,81.50
14907,30.10,81.50
14908,30.10,81.50
14909,30.10,81.50
14910,30.10,81.40
14911,30.10,81.50
14912,30.10,81.40
14913,30.10,81.50
14914,30.10,81.40
14915,30.10,81.40
14916,30.10,81.50
14917,30.10,81.40
14918,30.10,81.40
14919,30.10,81.40
14920,30.10,81.40
14921,30.10,81.40
14922,30.10,81.40
14923,30.10,81.50
14924,30.10,81.50
14925,30.10,81.50
14926,30.10,81.50
14927,30.10,81.40
14928,30.10,81.50
14929,30.10,81.50
14930,30.10,81.40
14931,30.10,81.40
14932,30.10,81.50
14933,30.10,81.40
14934,30.10,81.40
14935,30.10,81.40
14936,30.10,81.40
14937,30.10,81.40
14938,30.10,81.50
14939,30.10,81.50
14940,30.10,81.40
14941,30.10,81.40
14942,30.10,81.40
14943,30.10,81.40
14944,30.10,81.40
14945,30.10,81.40
14946,30.10,81.40
14947,30.10,81.40
14948,30.10,81.40
14949,30.10,81.50
14950,30.10,81.40
14951,30.10,81.40
14952,30.10,81.40
14953,30.10,81.40
14954,30.10,81.50
14955,30.10,81.50
14956,30.10,81.40
14957,30.10,81.40
14958,30.10,81.40
14959,30.10,81.40
14960,30.10,81.40
14961,30.10,81.40
14962,30.10,81.40
14963,30.10,81.40
14964,30.10,81.50
14965,30.10,81.40
14966,30.10,81.40
14967,30.10,81.40
14968,30.10,81.40
14969,30.10,81.40
14970,30.10,81.40
14971,30.10,81.40
14972,30.10,81.40
14973,30.10,81.40
14974,30.10,81.40
14975,30.10,81.40
14976,30.10,81.40
14977,30.10,81.40
14978,30.10,81.40
14979,30.10,81.40
14980,30.10,81.40
14981,30.10,81.50
14982,30.10,81.40
14983,30.10,81.40
14984,30.10,81.40
14985,30.10,81.40
14986,30.10,81.40
14987,30.10,81.40
14988,30.10,81.40
14989,30.10,81.40
14990,30.10,81.40
14991,30.10,81.40
14992,30.10,81.40
14993,30.10,81.40
14994,30.10,81.40
14995,30.10,81.40
14996,30.10,81.40
14997,30.10,81.40
14998,30.10,81.40
14999,30.10,81.40
15000,30.10,81.40
15001,30.10,81.40
15002,30.10,81.40
15003,30.10,81.40
15004,30.10,81.40
15005,30.10,81.50
15006,30.10,81.40
15007,30.10,81.40
15008,30.10,81.40
15009,30.10,81.40
15010,30.10,81.40
15011,30.10,81.40
15012,30.10,81.40
15013,30.10,81.40
15014,30.10,81.40
15015,30.10,81.40
15016,30.10,81.40
15017,30.10,81.40
15018,30.10,81.40
15019,30.10,81.40
15020,30.10,81.40
15021,30.10,81.40
15022,30.10,81.40
15023,30.10,81.40
15024,30.10,81.40
15025,30.10,81.40
15026,30.10,81.40
15027,30.10,81.40
15028,30.10,81.40
15029,30.10,81.40
15030,30.10,81.40
15031,30.10,81.40
15032,30.10,81.40
15033,30.10,81.40
15034,30.10,81.40
15035,30.10,81.40
15036,30.10,81.40
15037,30.10,81.40
15038,30.10,81.40
15039,30.10,81.40
15040,30.10,81.40
15041,30.10,81.40
15042,30.10,81.40
15043,30.10,81.40
15044,30.10,81.40
15045,30.10,81.40
15046,30.10,81.30
15047,30.10,81.40
15048,30.10,81.40
15049,30.10,81.40
15050,30.10,81.40
15051,30.10,81.30
15052,30.10,81.40
15053,30.10,81.40
15054,30.10,81.40
15055,30.10,81.40
15056,30.10,81.40
15057,30.10,81.30
15058,30.10,81.40
15059,30.10,81.40
15060,30.10,81.40
15061,30.10,81.40
15062,30.10,81.40
15063,30.10,81.40
15064,30.10,81.40
15065,30.10,81.40
15066,30.10,81.40
15067,30.10,81.40
15068,30.10,81.40
15069,30.10,81.40
15070,30.10,81.40
15071,30.10,81.40
15072,30.10,81.40
15073,30.10,81.30
15074,30.10,81.40
15075,30.10,81.40
15076,30.10,81.40
15077,30.10,81.40
15078,30.10,81.40
15079,30.10,81.40
15080,30.10,81.30
15081,30.10,81.40
15082,30.10,81.40
15083,30.10,81.40
15084,30.10,81.40
15085,30.10,81.40
15086,30.10,81.40
15087,30.10,81.40
15088,30.10,81.40
15089,30.10,81.40
15090,30.10,81.40
15091,30.10,81.40
15092,30.10,81.40
15093,30.10,81.30
15094,30.10,81.40
15095,30.10,81.30
15096,30.10,81.40
15097,30.10,81.40
15098,30.10,81.40
15099,30.10,81.30
15100,30.10,81.40
15101,30.10,81.40
15102,30.10,81.30
15103,30.10,81.40
15104,30.10,81.30
15105,30.10,81.30
15106,30.10,81.30
15107,30.10,81.40
15108,30.10,81.40
15109,30.10,81.40
15110,30.10,81.40
15111,30.10,81.40
15112,30.10,81.40
15113,30.10,81.40
15114,30.10,81.30
15115,30.10,81.40
15116,30.10,81.40
15117,30.10,81.40
15118,30.10,81.40
15119,30.10,81.40
15120,30.10,81.40
15121,30.10,81.40
15122,30.10,81.30
15123,30.10,81.40
15124,30.10,81.40
15125,30.10,81.40
15126,30.10,81.40
15127,30.10,81.40
15128,30.10,81.40
15129,30.10,81.40
15130,30.10,81.30
15131,30.10,81.40
15132,30.10,81.40
15133,30.10,81.30
15134,30.10,81.30
15135,30.10,81.40
15136,30.10,81.40
15137,30.10,81.30
15138,30.10,81.40
15139,30.10,81.40
15140,30.10,81.40
15141,30.10,81.30
15142,30.10,81.30
15143,30.10,81.30
15144,30.10,81.30
15145,30.10,81.40
15146,30.10,81.30
15147,30.10,81.40
15148,30.10,81.40
15149,30.10,81.30
15150,30.10,81.40
15151,30.10,81.40
15152,30.10,81.40
15153,30.10,81.40
15154,30.10,81.30
15155,30.10,81.40
15156,30.10,81.30
15157,30.10,81.30
15158,30.10,81.30
15159,30.10,81.30
15160,30.10,81.30
15161,30.10,81.40
15162,30.10,81.40
15163,30.10,81.30
15164,30.10,81.40
15165,30.10,81.30
15166,30.10,81.30
15167,30.10,81.30
15168,30.10,81.30
15169,30.10,81.30
15170,30.10,81.30
15171,30.10,81.30
15172,30.10,81.30
15173,30.10,81.40
15174,30.10,81.30
15175,30.10,81.40
15176,30.10,81.40
15177,30.10,81.30
15178,30.10,81.30
15179,30.10,81.40
15180,30.10,81.30
15181,30.10,81.30
15182,30.10,81.40
15183,30.10,81.40
15184,30.10,81.30
15185,30.10,81.30
15186,30.10,81.30
15187,30.10,81.30
15188,30.10,81.30
15189,30.10,81.40
15190,30.10,81.30
15191,30.10,81.30
15192,30.10,81.30
15193,30.10,81.30
15194,30.10,81.30
15195,30.10,81.30
15196,30.10,81.20
15197,30.10,81.30
15198,30.10,81.30
15199,30.10,81.30
15200,30.10,81.30
15201,30.10,81.30
15202,30.10,81.30
15203,30.10,81.30
15204,30.10,81.30
15205,30.10,81.30
15206,30.10,81.30
15207,30.10,81.40
15208,30.10,81.30
15209,30.10,81.40
15210,30.10,81.30
15211,30.10,81.30
15212,30.10,81.40
15213,30.10,81.30
15214,30.10,81.30
15215,30.10,81.30
15216,30.10,81.30
15217,30.10,81.30
15218,30.10,81.30
15219,30.10,81.30
15220,30.10,81.30
15221,30.10,81.30
15222,30.10,81.30
15223,30.10,81.30
15224,30.10,81.30
15225,30.10,81.30
15226,30.10,81.30
15227,30.10,81.30
15228,30.10,81.30
15229,30.10,81.30
15230,30.10,81.30
15231,30.10,81.30
15232,30.10,81.30
15233,30.10,81.30
15234,30.10,81.40
15235,30.10,81.30
15236,30.10,81.30
15237,30.10,81.30
15238,30.10,81.30
15239,30.10,81.30
15240,30.10,81.30
15241,30.10,81.40
15242,30.10,81.30
15243,30.10,81.30
15244,30.10,81.30
15245,30.10,81.30
15246,30.10,81.30
15247,30.10,81.20
15248,30.10,81.30
15249,30.10,81.30
15250,30.10,81.30
15251,30.10,81.30
15252,30.10,81.30
15253,30.10,81.40
15254,30.10,81.30
15255,30.10,81.30
15256,30.10,81.30
15257,30.10,81.30
15258,30.10,81.30
15259,30.10,81.40
15260,30.10,81.30
15261,30.10,81.30
15262,30.10,81.30
15263,30.10,81.30
15264,30.10,81.20
15265,30.10,81.30
15266,30.10,81.30
15267,30.10,81.30
15268,30.10,81.30
15269,30.10,81.30
15270,30.10,81.30
15271,30.10,81.30
15272,30.10,81.30
15273,30.10,81.30
15274,30.10,81.30
15275,30.10,81.30
15276,30.10,81.30
15277,30.10,81.30
15278,30.10,81.40
15279,30.10,81.30
15280,30.10,81.30
15281,30.10,81.40
15282,30.10,81.30
15283,30.10,81.30
15284,30.10,81.30
15285,30.10,81.30
15286,30.10,81.30
15287,30.10,81.30
15288,30.10,81.30
15289,30.10,81.40
15290,30.10,81.20
15291,30.10,81.30
15292,30.10,81.30
15293,30.10,81.30
15294,30.10,81.30
15295,30.10,81.30
15296,30.10,81.30
15297,30.10,81.30
15298,30.10,81.30
15299,30.10,81.30
15300,30.10,81.30
15301,30.10,81.20
15302,30.10,81.30
15303,30.10,81.30
15304,30.10,81.20
15305,30.10,81.20
15306,30.10,81.30
15307,30.10,81.30
15308,30.10,81.30
15309,30.10,81.20
15310,30.10,81.30
15311,30.10,81.30
15312,30.10,81.30
15313,30.10,81.30
15314,30.10,81.30
15315,30.10,81.30
15316,30.10,81.30
15317,30.10,81.20
15318,30.10,81.30
15319,30.10,81.30
15320,30.10,81.30
15321,30.10,81.30
15322,30.10,81.30
15323,30.10,81.30
15324,30.10,81.30
15325,30.10,81.20
15326,30.10,81.30
15327,30.10,81.30
15328,30.10,81.30
15329,30.10,81.30
15330,30.10,81.30
15331,30.10,81.30
15332,30.10,81.20
15333,30.10,81.30
15334,30.10,81.20
15335,30.10,81.30
15336,30.10,81.30
15337,30.10,81.30
15338,30.10,81.30
15339,30.10,81.30
15340,30.10,81.30
15341,30.10,81.30
15342,30.10,81.30
15343,30.10,81.30
15344,30.10,81.30
15345,30.10,81.30
15346,30.20,81.30
15347,30.10,81.30
15348,30.10,81.30
15349,30.10,81.30
15350,30.10,81.30
15351,30.10,81.30
15352,30.10,81.30
15353,30.10,81.30
15354,30.10,81.20
15355,30.10,81.30
15356,30.10,81.30
15357,30.10,81.30
15358,30.10,81.30
15359,30.10,81.30
15360,30.10,81.40
15361,30.10,81.30
15362,30.10,81.30
15363,30.10,81.30
15364,30.10,81.40
15365,30.10,81.30
15366,30.10,81.30
15367,30.10,81.40
15368,30.10,81.40
15369,30.10,81.30
15370,30.10,81.30
15371,30.10,81.30
15372,30.10,81.30
15373,30.10,81.30
15374,30.10,81.30
15375,30.10,81.30
15376,30.10,81.30
15377,30.10,81.30
15378,30.10,81.30
15379,30.10,81.30
15380,30.10,81.20
15381,30.10,81.30
15382,30.10,81.30
15383,30.10,81.30
15384,30.10,81.30
15385,30.10,81.30
15386,30.10,81.30
15387,30.10,81.30
15388,30.10,81.30
15389,30.10,81.30
15390,30.10,81.30
15391,30.10,81.30
15392,30.10,81.40
15393,30.10,81.30
15394,30.10,81.30
15395,30.10,81.30
15396,30.10,81.30
15397,30.10,81.30
15398,30.10,81.30
15399,30.10,81.30
15400,30.10,81.30
15401,30.10,81.30
15402,30.10,81.30
15403,30.10,81.30
15404,30.10,81.30
15405,30.10,81.30
15406,30.10,81.30
15407,30.10,81.30
15408,30.10,81.30
15409,30.10,81.30
15410,30.10,81.30
15411,30.10,81.40
15412,30.10,81.30
15413,30.10,81.40
15414,30.10,81.30
15415,30.10,81.40
15416,30.10,81.40
15417,30.10,81.40
15418,30.10,81.40
15419,30.10,81.40
15420,30.10,81.60
15421,30.10,81.50
15422,30.10,81.50
15423,30.10,81.50
15424,30.10,81.50
15425,30.10,81.50
15426,30.10,81.50
15427,30.10,81.50
15428,30.10,81.40
15429,30.20,81.50
15430,30.10,81.40
15431,30.10,81.50
15432,30.10,81.50
15433,30.20,81.40
15434,30.20,81.50
15435,30.20,81.50
15436,30.20,81.50
15437,30.10,81.40
15438,30.10,81.50
15439,30.20,81.50
15440,30.10,81.50
15441,30.20,81.40
15442,30.10,81.50
15443,30.10,81.50
15444,30.20,81.50
15445,30.10,81.50
15446,30.20,81.60
15447,30.10,81.50
15448,30.10,81.50
15449,30.20,81.50
15450,30.10,81.50
15451,30.10,81.60
15452,30.20,81.50
15453,30.10,81.50
15454,30.10,81.50
15455,30.20,81.50
15456,30.20,81.50
15457,30.20,81.60
15458,30.20,81.50
15459,30.10,81.50
15460,30.10,81.50
15461,30.20,81.50
15462,30.20,81.50
15463,30.10,81.60
15464,30.20,81.60
15465,30.20,81.60
15466,30.20,81.60
15467,30.20,81.60
15468,30.10,81.50
15469,30.20,81.60
15470,30.20,81.50
15471,30.20,81.60
15472,30.10,81.60
15473,30.20,81.60
15474,30.20,81.50
15475,30.20,81.60
15476,30.20,81.60
15477,30.10,81.60
15478,30.20,81.60
15479,30.20,81.60
15480,30.20,81.60
15481,30.20,81.70
15482,30.20,81.70
15483,30.20,81.60
15484,30.20,81.60
15485,30.10,81.70
15486,30.20,81.70
15487,30.20,81.70
15488,30.20,81.70
15489,30.20,81.70
15490,30.20,81.70
15491,30.20,81.70
15492,30.20,81.70
15493,30.20,81.70
15494,30.20,81.60
15495,30.10,81.70
15496,30.20,81.70
15497,30.20,81.70
15498,30.20,81.70
15499,30.20,81.70
15500,30.20,81.60
15501,30.20,81.80
15502,30.20,81.70
15503,30.20,81.70
15504,30.20,81.70
15505,30.20,81.70
15506,30.20,81.70
15507,30.20,81.70
15508,30.20,81.70
15509,30.20,81.70
15510,30.10,81.70
15511,30.20,81.70
15512,30.20,81.70
15513,30.20,81.80
15514,30.20,81.70
15515,30.20,81.70
15516,30.20,81.80
15517,30.20,81.80
15518,30.20,81.80
15519,30.20,81.80
15520,30.20,81.80
15521,30.20,81.70
15522,30.10,81.80
15523,30.20,81.80
15524,30.10,81.80
15525,30.20,81.80
15526,30.20,81.70
15527,30.20,81.80
15528,30.20,81.80
15529,30.20,81.80
15530,30.20,81.80
15531,30.20,81.80
15532,30.10,81.80
15533,30.20,81.80
15534,30.20,81.70
15535,30.10,81.80
15536,30.20,81.80
15537,30.20,81.80
15538,30.20,81.80
15539,30.20,81.70
15540,30.10,81.80
15541,30.20,81.80
15542,30.20,81.80
15543,30.20,81.80
15544,30.20,81.80
15545,30.20,81.80
15546,30.20,81.80
15547,30.20,81.80
15548,30.20,81.80
15549,30.20,81.80
15550,30.20,81.80
15551,30.20,81.80
15552,30.20,81.80
15553,30.10,81.80
15554,30.20,81.80
15555,30.20,81.80
15556,30.20,81.80
15557,30.20,81.80
15558,30.20,81.80
15559,30.20,81.80
15560,30.20,81.80
15561,30.20,81.80
15562,30.20,81.80
15563,30.20,81.80
15564,30.20,81.90
15565,30.20,81.80
15566,30.20,81.90
15567,30.20,81.90
15568,30.20,81.90
15569,30.20,81.90
15570,30.10,81.90
15571,30.20,81.90
15572,30.20,81.90
15573,30.20,81.90
15574,30.20,81.80
15575,30.20,81.90
15576,30.20,81.90
15577,30.20,81.90
15578,30.20,81.90
15579,30.20,81.90
15580,30.20,81.90
15581,30.20,81.90
15582,30.20,82.00
15583,30.20,82.00
15584,30.20,81.90
15585,30.20,81.90
15586,30.20,81.90
15587,30.20,81.90
15588,30.20,82.00
15589,30.10,82.00
15590,30.20,82.00
15591,30.20,81.90
15592,30.20,81.90
15593,30.10,81.90
15594,30.20,81.90
15595,30.20,81.90
15596,30.10,82.00
15597,30.20,82.00
15598,30.20,82.00
15599,30.20,81.90
15600,30.20,82.00
15601,30.10,82.00
15602,30.20,81.90
15603,30.20,81.90
15604,30.20,81.90
15605,30.20,81.90
15606,30.20,82.00
15607,30.20,82.00
15608,30.20,82.00
15609,30.20,82.00
15610,30.20,82.00
15611,30.20,82.00
15612,30.10,82.00
15613,30.20,81.90
15614,30.10,82.00
15615,30.20,82.00
15616,30.20,82.00
15617,30.20,82.00
15618,30.20,82.00
15619,30.20,82.00
15620,30.20,82.00
15621,30.20,82.00
15622,30.20,82.00
15623,30.20,82.00
15624,30.20,82.00
15625,30.20,82.00
15626,30.20,82.00
15627,30.20,82.00
15628,30.20,82.00
15629,30.20,82.00
15630,30.20,82.00
15631,30.20,82.00
15632,30.20,82.00
15633,30.10,82.00
15634,30.20,82.00
15635,30.20,82.10
15636,30.20,82.00
15637,30.20,82.00
15638,30.20,82.00
15639,30.20,82.00
15640,30.20,82.00
15641,30.20,82.00
15642,30.20,82.00
15643,30.20,82.00
15644,30.20,82.00
15645,30.20,82.00
15646,30.20,82.00
15647,30.20,82.00
15648,30.20,82.00
15649,30.20,82.10
15650,30.20,82.00
15651,30.20,82.00
15652,30.20,82.00
15653,30.20,82.00
15654,30.20,82.10
15655,30.20,82.00
15656,30.10,82.10
15657,30.10,82.00
15658,30.20,82.10
15659,30.20,82.10
15660,30.20,82.00
15661,30.20,82.10
15662,30.20,82.10
15663,30.20,82.00
15664,30.20,82.10
15665,30.20,82.10
15666,30.20,82.10
15667,30.20,82.10
15668,30.20,82.10
15669,30.20,82.10
15670,30.20,82.10
15671,30.20,82.10
15672,30.20,82.10
15673,30.20,82.10
15674,30.20,82.10
15675,30.20,82.10
15676,30.20,82.10
15677,30.20,82.10
15678,30.20,82.10
15679,30.20,82.10
15680,30.20,82.10
15681,30.10,82.10
15682,30.20,82.10
15683,30.20,82.10
15684,30.20,82.10
15685,30.20,82.20
15686,30.20,82.10
15687,30.20,82.10
15688,30.20,82.10
15689,30.20,82.10
15690,30.20,82.10
15691,30.20,82.10
15692,30.20,82.10
15693,30.10,82.10
15694,30.20,82.20
15695,30.20,82.20
15696,30.20,82.20
15697,30.20,82.20
15698,30.20,82.10
15699,30.10,82.20
15700,30.20,82.20
15701,30.20,82.20
15702,30.20,82.20
15703,30.10,82.20
15704,30.20,82.20
15705,30.20,82.20
15706,30.20,82.20
15707,30.20,82.20
15708,30.20,82.20
15709,30.10,82.20
15710,30.20,82.20
15711,30.20,82.20
15712,30.10,82.20
15713,30.10,82.20
15714,30.20,82.20
15715,30.20,82.20
15716,30.20,82.20
15717,30.10,82.20
15718,30.20,82.10
15719,30.10,82.30
15720,30.10,82.20
15721,30.10,82.20
15722,30.20,82.20
15723,30.10,82.20
15724,30.20,82.20
15725,30.20,82.20
15726,30.20,82.20
15727,30.20,82.20
15728,30.20,82.20
15729,30.20,82.20
15730,30.20,82.20
15731,30.10,82.20
15732,30.20,82.30
15733,30.20,82.30
15734,30.20,82.30
15735,30.10,82.20
15736,30.20,82.20
15737,30.10,82.30
15738,30.10,82.30
15739,30.10,82.20
15740,30.20,82.20
15741,30.20,82.30
15742,30.20,82.20
15743,30.10,82.20
15744,30.20,82.20
15745,30.10,82.30
15746,30.10,82.20
15747,30.20,82.20
15748,30.20,82.20
15749,30.20,82.20
15750,30.20,82.30
15751,30.20,82.20
15752,30.10,82.20
15753,30.10,82.30
15754,30.20,82.30
15755,30.10,82.30
15756,30.10,82.20
15757,30.20,82.30
15758,30.20,82.30
15759,30.10,82.20
15760,30.20,82.30
15761,30.20,82.30
15762,30.10,82.30
15763,30.20,82.30
15764,30.20,82.30
15765,30.20,82.30
15766,30.20,82.30
15767,30.20,82.20
15768,30.20,82.20
15769,30.20,82.30
15770,30.20,82.20
15771,30.20,82.20
15772,30.20,82.30
15773,30.20,82.30
15774,30.20,82.20
15775,30.20,82.30
15776,30.20,82.20
15777,30.10,82.20
15778,30.20,82.20
15779,30.20,82.20
15780,30.20,82.20
15781,30.20,82.20
15782,30.20,82.30
15783,30.20,82.20
15784,30.20,82.20
15785,30.10,82.20
15786,30.20,82.30
15787,30.20,82.20
15788,30.10,82.20
15789,30.20,82.30
15790,30.20,82.20
15791,30.20,82.20
15792,30.20,82.20
15793,30.20,82.20
15794,30.20,82.20
15795,30.20,82.20
15796,30.20,82.20
15797,30.20,82.30
15798,30.20,82.20
15799,30.20,82.20
15800,30.20,82.20
15801,30.20,82.20
15802,30.20,82.20
15803,30.20,82.30
15804,30.20,82.30
15805,30.20,82.30
15806,30.20,82.30
15807,30.20,82.20
15808,30.20,82.30
15809,30.20,82.20
15810,30.20,82.20
15811,30.20,82.20
15812,30.20,82.20
15813,30.20,82.20
15814,30.20,82.30
15815,30.20,82.30
15816,30.20,82.20
15817,30.20,82.30
15818,30.20,82.20
15819,30.20,82.20
15820,30.20,82.20
15821,30.20,82.20
15822,30.20,82.20
15823,30.20,82.10
15824,30.20,82.30
15825,30.20,82.30
15826,30.20,82.30
15827,30.20,82.20
15828,30.20,82.30
15829,30.20,82.20
15830,30.20,82.20
15831,30.20,82.30
15832,30.20,82.30
15833,30.20,82.30
15834,30.20,82.30
15835,30.20,82.30
15836,30.20,82.30
15837,30.20,82.30
15838,30.20,82.30
15839,30.20,82.30
15840,30.20,82.30
15841,30.20,82.30
15842,30.20,82.30
15843,30.20,82.30
15844,30.20,82.30
15845,30.20,82.30
15846,30.20,82.30
15847,30.20,82.30
15848,30.20,82.30
15849,30.20,82.30
15850,30.20,82.30
15851,30.20,82.30
15852,30.20,82.30
15853,30.20,82.30
15854,30.20,82.30
15855,30.20,82.30
15856,30.20,82.30
15857,30.20,82.30
15858,30.20,82.30
15859,30.20,82.30
15860,30.20,82.30
15861,30.20,82.30
15862,30.20,82.30
15863,30.20,82.30
15864,30.20,82.30
15865,30.20,82.30
15866,30.20,82.30
15867,30.20,82.30
15868,30.20,82.40
15869,30.20,82.30
15870,30.20,82.30
15871,30.20,82.30
15872,30.20,82.30
15873,30.20,82.40
15874,30.20,82.30
15875,30.20,82.30
15876,30.20,82.30
15877,30.20,82.40
15878,30.20,82.30
15879,30.20,82.30
15880,30.20,82.30
15881,30.20,82.30
15882,30.20,82.30
15883,30.20,82.30
15884,30.20,82.40
15885,30.20,82.40
15886,30.20,82.40
15887,30.20,82.40
15888,30.20,82.30
15889,30.20,82.30
15890,30.20,82.30
15891,30.20,82.40
15892,30.20,82.40
15893,30.20,82.30
15894,30.20,82.30
15895,30.20,82.30
15896,30.20,82.30
15897,30.20,82.30
15898,30.20,82.40
15899,30.20,82.40
15900,30.20,82.30
15901,30.20,82.40
15902,30.20,82.40
15903,30.20,82.30
15904,30.20,82.30
15905,30.20,82.30
15906,30.20,82.30
15907,30.20,82.30
15908,30.20,82.40
15909,30.20,82.40
15910,30.20,82.40
15911,30.20,82.40
15912,30.20,82.30
15913,30.20,82.40
15914,30.10,82.30
15915,30.20,82.30
15916,30.20,82.30
15917,30.20,82.40
15918,30.10,82.30
15919,30.20,82.30
15920,30.20,82.40
15921,30.20,82.40
15922,30.20,82.30
15923,30.10,82.40
15924,30.20,82.40
15925,30.20,82.40
15926,30.10,82.40
15927,30.20,82.40
15928,30.20,82.40
15929,30.20,82.40
15930,30.20,82.40
15931,30.20,82.40
15932,30.20,82.40
15933,30.20,82.40
15934,30.20,82.40
15935,30.20,82.40
15936,30.20,82.40
15937,30.20,82.40
15938,30.20,82.40
15939,30.20,82.40
15940,30.20,82.40
15941,30.20,82.40
15942,30.20,82.40
15943,30.20,82.30
15944,30.20,82.40
15945,30.20,82.40
15946,30.20,82.40
15947,30.20,82.40
15948,30.20,82.40
15949,30.20,82.40
15950,30.20,82.40
15951,30.20,82.40
15952,30.20,82.40
15953,30.20,82.40
15954,30.20,82.40
15955,30.20,82.40
15956,30.20,82.40
15957,30.20,82.40
15958,30.20,82.40
15959,30.20,82.40
15960,30.20,82.40
15961,30.20,82.40
15962,30.20,82.40
15963,30.20,82.40
15964,30.10,82.40
15965,30.10,82.40
15966,30.20,82.40
15967,30.20,82.40
15968,30.20,82.30
15969,30.20,82.40
15970,30.20,82.40
15971,30.20,82.40
15972,30.20,82.50
15973,30.20,82.40
15974,30.20,82.40
15975,30.10,82.40
15976,30.20,82.40
15977,30.20,82.40
15978,30.20,82.40
15979,30.20,82.40
15980,30.20,82.30
15981,30.20,82.40
15982,30.20,82.40
15983,30.20,82.30
15984,30.20,82.30
15985,30.20,82.40
15986,30.20,82.40
15987,30.20,82.40
15988,30.20,82.40
15989,30.20,82.40
15990,30.20,82.40
15991,30.20,82.40
15992,30.20,82.40
15993,30.20,82.40
15994,30.20,82.40
15995,30.20,82.40
15996,30.10,82.40
15997,30.20,82.40
15998,30.20,82.40
15999,30.20,82.40
16000,30.20,82.40
16001,30.20,82.40
16002,30.20,82.40
16003,30.20,82.40
16004,30.10,82.40
16005,30.20,82.40
16006,30.20,82.40
16007,30.20,82.40
16008,30.20,82.40
16009,30.20,82.40
16010,30.20,82.40
16011,30.20,82.40
16012,30.20,82.40
16013,30.20,82.40
16014,30.20,82.40
16015,30.20,82.40
16016,30.20,82.40
16017,30.20,82.40
16018,30.20,82.40
16019,30.20,82.40
16020,30.20,82.40
16021,30.20,82.40
16022,30.20,82.40
16023,30.20,82.40
16024,30.20,82.40
16025,30.20,82.40
16026,30.20,82.40
16027,30.20,82.40
16028,30.20,82.40
16029,30.20,82.50
16030,30.20,82.50
16031,30.20,82.50
16032,30.20,82.50
16033,30.20,82.40
16034,30.20,82.40
16035,30.20,82.40
16036,30.20,82.50
16037,30.20,82.40
16038,30.20,82.50
16039,30.20,82.50
16040,30.20,82.50
16041,30.20,82.40
16042,30.20,82.50
16043,30.20,82.50
16044,30.20,82.50
16045,30.20,82.40
16046,30.20,82.40
16047,30.20,82.40
16048,30.20,82.50
16049,30.20,82.50
16050,30.20,82.40
16051,30.20,82.50
16052,30.20,82.50
16053,30.20,82.50
16054,30.20,82.50
16055,30.20,82.50
16056,30.20,82.50
16057,30.10,82.50
16058,30.20,82.50
16059,30.20,82.50
16060,30.20,82.50
16061,30.20,82.50
16062,30.20,82.50
16063,30.20,82.50
16064,30.20,82.50
16065,30.20,82.50
16066,30.20,82.50
16067,30.20,82.50
16068,30.20,82.50
16069,30.10,82.50
16070,30.20,82.60
16071,30.20,82.50
16072,30.20,82.50
16073,30.20,82.50
16074,30.20,82.50
16075,30.20,82.50
16076,30.20,82.50
16077,30.20,82.50
16078,30.10,82.50
16079,30.20,82.50
16080,30.20,82.50
16081,30.10,82.50
16082,30.20,82.50
16083,30.20,82.50
16084,30.20,82.60
16085,30.10,82.50
16086,30.20,82.50
16087,30.20,82.50
16088,30.10,82.50
16089,30.20,82.50
16090,30.20,82.50
16091,30.20,82.50
16092,30.20,82.60
16093,30.20,82.50
16094,30.10,82.50
16095,30.20,82.50
16096,30.10,82.50
16097,30.20,82.60
16098,30.10,82.60
16099,30.20,82.50
16100,30.10,82.60
16101,30.20,82.50
16102,30.10,82.50
16103,30.20,82.60
16104,30.20,82.60
16105,30.20,82.50
16106,30.10,82.50
16107,30.20,82.60
16108,30.10,82.60
16109,30.20,82.60
16110,30.20,82.60
16111,30.20,82.60
16112,30.20,82.60
16113,30.10,82.60
16114,30.20,82.50
16115,30.20,82.50
16116,30.20,82.50
16117,30.20,82.60
16118,30.20,82.60
16119,30.20,82.60
16120,30.20,82.60
16121,30.20,82.50
16122,30.20,82.50
16123,30.20,82.60
16124,30.20,82.60
16125,30.10,82.60
16126,30.20,82.60
16127,30.10,82.60
16128,30.20,82.60
16129,30.20,82.60
16130,30.20,82.60
16131,30.20,82.60
16132,30.20,82.50
16133,30.10,82.50
16134,30.20,82.50
16135,30.10,82.60
16136,30.20,82.60
16137,30.10,82.60
16138,30.20,82.50
16139,30.20,82.60
16140,30.20,82.60
16141,30.20,82.60
16142,30.20,82.60
16143,30.20,82.60
16144,30.20,82.60
16145,30.20,82.50
16146,30.20,82.60
16147,30.20,82.60
16148,30.20,82.50
16149,30.10,82.60
16150,30.20,82.60
16151,30.20,82.60
16152,30.20,82.60
16153,30.20,82.60
16154,30.20,82.60
16155,30.20,82.60
16156,30.20,82.50
16157,30.10,82.60
16158,30.20,82.60
16159,30.10,82.50
16160,30.20,82.60
16161,30.20,82.50
16162,30.20,82.60
16163,30.10,82.60
16164,30.20,82.60
16165,30.20,82.70
16166,30.20,82.50
16167,30.20,82.60
16168,30.10,82.60
16169,30.20,82.60
16170,30.10,82.60
16171,30.20,82.60
16172,30.20,82.60
16173,30.20,82.60
16174,30.10,82.60
16175,30.20,82.60
16176,30.20,82.60
16177,30.20,82.60
16178,30.20,82.60
16179,30.10,82.50
16180,30.20,82.60
16181,30.20,82.60
16182,30.20,82.60
16183,30.20,82.60
16184,30.20,82.60
16185,30.10,82.60
16186,30.20,82.60
16187,30.10,82.60
16188,30.20,82.60
16189,30.20,82.60
16190,30.20,82.60
16191,30.20,82.60
16192,30.20,82.60
16193,30.20,82.70
16194,30.20,82.70
16195,30.10,82.60
16196,30.20,82.50
16197,30.20,82.60
16198,30.20,82.60
16199,30.10,82.60
16200,30.20,82.60
16201,30.20,82.60
16202,30.10,82.60
16203,30.20,82.60
16204,30.20,82.60
16205,30.20,82.60
16206,30.20,82.60
16207,30.10,82.60
16208,30.20,82.60
16209,30.20,82.60
16210,30.20,82.70
16211,30.20,82.60
16212,30.10,82.70
16213,30.10,82.60
16214,30.20,82.60
16215,30.20,82.60
16216,30.20,82.60
16217,30.10,82.60
16218,30.20,82.60
16219,30.20,82.60
16220,30.20,82.60
16221,30.20,82.60
16222,30.20,82.70
16223,30.10,82.60
16224,30.10,82.60
16225,30.20,82.60
16226,30.20,82.60
16227,30.20,82.60
16228,30.10,82.60
16229,30.20,82.60
16230,30.10,82.60
16231,30.10,82.60
16232,30.20,82.70
16233,30.10,82.70
16234,30.10,82.60
16235,30.20,82.60
16236,30.20,82.60
16237,30.20,82.70
16238,30.20,82.60
16239,30.20,82.60
16240,30.20,82.60
16241,30.10,82.60
16242,30.20,82.60
16243,30.20,82.60
16244,30.20,82.60
16245,30.20,82.60
16246,30.10,82.60
16247,30.20,82.70
16248,30.20,82.60
16249,30.20,82.60
16250,30.20,82.60
16251,30.10,82.60
16252,30.10,82.60
16253,30.20,82.60
16254,30.20,82.70
16255,30.10,82.60
16256,30.20,82.70
16257,30.10,82.60
16258,30.20,82.60
16259,30.20,82.70
16260,30.20,82.70
16261,30.20,82.70
16262,30.10,82.70
16263,30.10,82.60
16264,30.10,82.60
16265,30.20,82.70
16266,30.20,82.70
16267,30.10,82.70
16268,30.10,82.70
16269,30.10,82.70
16270,30.20,82.60
16271,30.10,82.70
16272,30.20,82.70
16273,30.20,82.70
16274,30.20,82.70
16275,30.20,82.60
16276,30.20,82.70
16277,30.10,82.70
16278,30.10,82.70
16279,30.20,82.70
16280,30.20,82.60
16281,30.20,82.70
16282,30.10,82.70
16283,30.20,82.70
16284,30.10,82.70
16285,30.20,82.70
16286,30.20,82.70
16287,30.10,82.70
16288,30.10,82.60
16289,30.20,82.70
16290,30.20,82.70
16291,30.10,82.70
16292,30.20,82.60
16293,30.10,82.70
16294,30.20,82.70
16295,30.20,82.70
16296,30.20,82.60
16297,30.10,82.70
16298,30.20,82.70
16299,30.20,82.70
16300,30.20,82.70
16301,30.20,82.60
16302,30.10,82.70
16303,30.20,82.60
16304,30.10,82.60
16305,30.20,82.60
16306,30.20,82.70
16307,30.20,82.70
16308,30.20,82.70
16309,30.10,82.70
16310,30.10,82.70
16311,30.20,82.70
16312,30.20,82.70
16313,30.20,82.60
16314,30.20,82.60
16315,30.20,82.70
16316,30.20,82.70
16317,30.10,82.70
16318,30.10,82.70
16319,30.20,82.60
16320,30.20,82.70
16321,30.20,82.60
16322,30.10,82.70
16323,30.20,82.70
16324,30.20,82.70
16325,30.20,82.60
16326,30.20,82.70
16327,30.20,82.70
16328,30.20,82.70
16329,30.10,82.70
16330,30.20,82.70
16331,30.10,82.70
16332,30.20,82.60
16333,30.10,82.70
16334,30.10,82.70
16335,30.20,82.70
16336,30.20,82.70
16337,30.20,82.70
16338,30.20,82.70
16339,30.20,82.70
16340,30.20,82.70
16341,30.20,82.70
16342,30.20,82.70
16343,30.20,82.70
16344,30.20,82.70
16345,30.20,82.70
16346,30.20,82.70
16347,30.20,82.70
16348,30.20,82.60
16349,30.20,82.70
16350,30.10,82.70
16351,30.20,82.70
16352,30.10,82.70
16353,30.20,82.60
16354,30.20,82.70
16355,30.20,82.70
16356,30.10,82.70
16357,30.20,82.70
16358,30.10,82.70
16359,30.20,82.70
16360,30.20,82.70
16361,30.20,82.70
16362,30.20,82.70
16363,30.10,82.70
16364,30.20,82.70
16365,30.20,82.70
16366,30.20,82.70
16367,30.20,82.70
16368,30.20,82.70
16369,30.20,82.70
16370,30.20,82.70
16371,30.20,82.70
16372,30.20,82.70
16373,30.20,82.70
16374,30.20,82.70
16375,30.20,82.70
16376,30.20,82.70
16377,30.20,82.70
16378,30.10,82.70
16379,30.20,82.70
16380,30.20,82.70
16381,30.20,82.70
16382,30.20,82.70
16383,30.20,82.60
16384,30.20,82.70
16385,30.20,82.70
16386,30.10,82.70
16387,30.20,82.70
16388,30.20,82.70
16389,30.10,82.70
16390,30.20,82.70
16391,30.20,82.70
16392,30.10,82.70
16393,30.10,82.70
16394,30.20,82.70
16395,30.20,82.70
16396,30.20,82.70
16397,30.20,82.70
16398,30.20,82.70
16399,30.20,82.70
16400,30.20,82.70
16401,30.20,82.70
16402,30.20,82.70
16403,30.20,82.70
16404,30.20,82.70
16405,30.10,82.70
16406,30.20,82.70
16407,30.10,82.70
16408,30.20,82.80
16409,30.20,82.70
16410,30.20,82.70
16411,30.10,82.70
16412,30.10,82.70
16413,30.20,82.70
16414,30.20,82.70
16415,30.20,82.70
16416,30.20,82.70
16417,30.20,82.70
16418,30.20,82.70
16419,30.20,82.70
16420,30.20,82.70
16421,30.20,82.70
16422,30.10,82.70
16423,30.20,82.70
16424,30.20,82.70
16425,30.20,82.70
16426,30.10,82.70
16427,30.20,82.70
16428,30.20,82.70
16429,30.20,82.70
16430,30.20,82.70
16431,30.20,82.70
16432,30.20,82.70
16433,30.20,82.70
16434,30.20,82.70
16435,30.20,82.70
16436,30.20,82.70
16437,30.20,82.70
16438,30.10,82.70
16439,30.20,82.70
16440,30.20,82.70
16441,30.20,82.70
16442,30.20,82.70
16443,30.20,82.70
16444,30.10,82.80
16445,30.20,82.70
16446,30.20,82.70
16447,30.10,82.70
16448,30.20,82.70
16449,30.20,82.70
16450,30.20,82.70
16451,30.10,82.70
16452,30.20,82.70
16453,30.20,82.70
16454,30.20,82.70
16455,30.20,82.80
16456,30.20,82.70
16457,30.10,82.70
16458,30.20,82.70
16459,30.10,82.70
16460,30.20,82.80
16461,30.10,82.70
16462,30.20,82.70
16463,30.20,82.70
16464,30.20,82.70
16465,30.10,82.70
16466,30.20,82.70
16467,30.20,82.80
16468,30.20,82.70
16469,30.20,82.70
16470,30.20,82.70
16471,30.10,82.70
16472,30.10,82.70
16473,30.20,82.80
16474,30.20,82.70
16475,30.20,82.80
16476,30.20,82.70
16477,30.20,82.70
16478,30.10,82.70
16479,30.20,82.70
16480,30.20,82.70
16481,30.20,82.70
16482,30.10,82.80
16483,30.20,82.80
16484,30.20,82.80
16485,30.20,82.70
16486,30.20,82.70
16487,30.20,82.80
16488,30.20,82.80
16489,30.20,82.70
16490,30.20,82.70
16491,30.10,82.70
16492,30.20,82.70
16493,30.20,82.80
16494,30.10,82.70
16495,30.20,82.70
16496,30.20,82.80
16497,30.20,82.70
16498,30.20,82.80
16499,30.20,82.70
16500,30.10,82.70
16501,30.20,82.80
16502,30.20,82.70
16503,30.20,82.80
16504,30.20,82.70
16505,30.20,82.70
16506,30.20,82.70
16507,30.20,82.80
16508,30.20,82.80
16509,30.20,82.70
16510,30.10,82.80
16511,30.20,82.70
16512,30.20,82.70
16513,30.20,82.70
16514,30.20,82.70
16515,30.20,82.80
16516,30.20,82.70
16517,30.20,82.70
16518,30.20,82.70
16519,30.20,82.80
16520,30.20,82.70
16521,30.20,82.70
16522,30.20,82.70
16523,30.20,82.70
16524,30.20,82.80
16525,30.20,82.80
16526,30.10,82.80
16527,30.20,82.70
16528,30.20,82.70
16529,30.20,82.80
16530,30.20,82.70
16531,30.10,82.70
16532,30.20,82.70
16533,30.20,82.80
16534,30.20,82.80
16535,30.20,82.80
16536,30.20,82.70
16537,30.20,82.70
16538,30.10,82.80
16539,30.20,82.80
16540,30.20,82.70
16541,30.10,82.80
16542,30.20,82.80
16543,30.20,82.80
16544,30.20,82.80
16545,30.20,82.80
16546,30.20,82.80
16547,30.20,82.80
16548,30.20,82.80
16549,30.20,82.70
16550,30.20,82.80
16551,30.20,82.80
16552,30.20,82.80
16553,30.10,82.80
16554,30.20,82.80
16555,30.10,82.80
16556,30.10,82.80
16557,30.20,82.70
16558,30.20,82.80
16559,30.20,82.80
16560,30.20,82.70
16561,30.10,82.80
16562,30.20,82.80
16563,30.20,82.80
16564,30.20,82.80
16565,30.10,82.80
16566,30.10,82.80
16567,30.20,82.80
16568,30.20,82.80
16569,30.20,82.80
16570,30.20,82.80
16571,30.20,82.80
16572,30.10,82.80
16573,30.20,82.80
16574,30.10,82.80
16575,30.10,82.80
16576,30.10,82.80
16577,30.10,82.80
16578,30.20,82.80
16579,30.20,82.80
16580,30.10,82.80
16581,30.20,82.80
16582,30.10,82.80
16583,30.10,82.80
16584,30.20,82.70
16585,30.20,82.80
16586,30.20,82.80
16587,30.20,82.80
16588,30.20,82.80
16589,30.20,82.80
16590,30.20,82.80
16591,30.20,82.80
16592,30.20,82.80
16593,30.20,82.80
16594,30.20,82.80
16595,30.20,82.80
16596,30.10,82.80
16597,30.20,82.80
16598,30.20,82.80
16599,30.20,82.80
16600,30.20,82.80
16601,30.20,82.80
16602,30.10,82.80
16603,30.20,82.80
16604,30.20,82.80
16605,30.20,82.80
16606,30.10,82.80
16607,30.20,82.80
16608,30.20,82.80
16609,30.20,82.80
16610,30.10,82.80
16611,30.10,82.80
16612,30.20,82.80
16613,30.10,82.80
16614,30.20,82.80
16615,30.20,82.80
16616,30.10,82.80
16617,30.20,82.80
16618,30.10,82.80
16619,30.20,82.80
16620,30.20,82.80
16621,30.20,82.80
16622,30.20,82.80
16623,30.20,82.80
16624,30.20,82.80
16625,30.20,82.80
16626,30.20,82.80
16627,30.10,82.90
16628,30.10,82.80
16629,30.10,82.80
16630,30.20,82.90
16631,30.10,82.90
16632,30.20,82.80
16633,30.20,82.80
16634,30.10,82.90
16635,30.20,82.80
16636,30.10,82.80
16637,30.20,82.80
16638,30.10,82.80
16639,30.10,82.90
16640,30.10,82.80
16641,30.10,82.90
16642,30.10,82.80
16643,30.10,82.80
16644,30.10,82.90
16645,30.10,82.80
16646,30.20,82.80
16647,30.10,82.90
16648,30.20,82.90
16649,30.10,82.90
16650,30.20,82.90
16651,30.20,82.90
16652,30.20,82.90
16653,30.10,82.80
16654,30.20,82.80
16655,30.20,82.80
16656,30.10,82.80
16657,30.10,82.80
16658,30.10,82.90
16659,30.10,82.80
16660,30.10,82.80
16661,30.20,82.90
16662,30.10,82.80
16663,30.20,82.90
16664,30.20,82.90
16665,30.20,82.90
16666,30.10,82.90
16667,30.20,82.90
16668,30.10,82.90
16669,30.20,82.90
16670,30.20,82.90
16671,30.20,82.80
16672,30.20,82.90
16673,30.10,82.80
16674,30.10,82.80
16675,30.20,82.80
16676,30.20,82.90
16677,30.20,82.80
16678,30.10,82.90
16679,30.10,82.80
16680,30.10,82.80
16681,30.10,82.80
16682,30.20,82.80
16683,30.10,82.80
16684,30.10,82.80
16685,30.10,82.80
16686,30.20,82.80
16687,30.10,82.80
16688,30.20,82.80
16689,30.20,82.80
16690,30.20,82.90
16691,30.10,82.80
16692,30.10,82.80
16693,30.20,82.80
16694,30.10,82.90
16695,30.10,82.90
16696,30.10,82.80
16697,30.20,82.80
16698,30.20,82.90
16699,30.10,82.90
16700,30.20,82.90
16701,30.20,82.90
16702,30.20,82.80
16703,30.10,82.90
16704,30.20,82.90
16705,30.10,82.90
16706,30.20,82.90
16707,30.10,82.90
16708,30.20,82.80
16709,30.10,82.80
16710,30.20,82.80
16711,30.20,82.90
16712,30.10,82.90
16713,30.20,82.90
16714,30.10,82.90
16715,30.20,82.90
16716,30.20,82.90
16717,30.10,82.80
16718,30.10,82.90
16719,30.10,82.90
16720,30.20,82.90
16721,30.10,82.90
16722,30.10,82.90
16723,30.20,82.90
16724,30.10,82.90
16725,30.10,82.90
16726,30.20,82.90
16727,30.10,82.90
16728,30.10,82.90
16729,30.10,82.90
16730,30.10,82.90
16731,30.10,82.90
16732,30.10,82.90
16733,30.20,82.90
16734,30.10,82.90
16735,30.10,82.90
16736,30.10,82.90
16737,30.20,82.90
16738,30.20,82.90
16739,30.20,82.90
16740,30.10,82.90
16741,30.10,82.90
16742,30.10,82.90
16743,30.10,82.90
16744,30.10,82.90
16745,30.20,82.90
16746,30.10,82.90
16747,30.20,82.90
16748,30.10,82.90
16749,30.10,82.90
16750,30.10,82.90
16751,30.20,82.90
16752,30.20,82.90
16753,30.20,82.80
16754,30.10,82.90
16755,30.20,82.90
16756,30.10,82.90
16757,30.10,82.80
16758,30.20,82.90
16759,30.10,82.90
16760,30.20,82.80
16761,30.10,82.90
16762,30.20,82.90
16763,30.10,82.90
16764,30.10,82.80
16765,30.20,82.90
16766,30.10,82.90
16767,30.20,82.90
16768,30.10,82.90
16769,30.20,82.90
16770,30.10,82.90
16771,30.20,82.80
16772,30.20,82.80
16773,30.20,82.90
16774,30.10,82.90
16775,30.10,82.90
16776,30.20,82.90
16777,30.20,82.80
16778,30.10,82.80
16779,30.20,82.80
16780,30.20,82.90
16781,30.20,82.80
16782,30.20,82.90
16783,30.20,82.80
16784,30.20,82.90
16785,30.20,82.90
16786,30.20,82.80
16787,30.20,82.90
16788,30.20,82.90
16789,30.20,82.80
16790,30.10,82.80
16791,30.20,82.80
16792,30.20,82.80
16793,30.10,82.90
16794,30.10,82.80
16795,30.10,82.90
16796,30.20,82.90
16797,30.10,82.90
16798,30.10,82.80
16799,30.10,82.90
16800,30.10,82.90
16801,30.20,82.80
16802,30.10,82.90
16803,30.10,82.80
16804,30.20,82.90
16805,30.20,82.90
16806,30.20,82.90
16807,30.10,82.90
16808,30.20,82.90
16809,30.20,82.80
16810,30.20,82.90
16811,30.20,82.90
16812,30.10,82.80
16813,30.20,82.90
16814,30.20,82.90
16815,30.20,82.90
16816,30.20,82.90
16817,30.20,82.90
16818,30.20,82.90
16819,30.20,82.80
16820,30.10,82.90
16821,30.20,82.80
16822,30.10,82.90
16823,30.20,82.90
16824,30.20,82.90
16825,30.20,82.80
16826,30.20,82.90
16827,30.20,82.90
16828,30.10,82.90
16829,30.20,82.80
16830,30.10,82.90
16831,30.10,82.80
16832,30.20,82.90
16833,30.20,82.90
16834,30.20,82.90
16835,30.20,82.90
16836,30.20,82.90
16837,30.20,82.90
16838,30.20,82.90
16839,30.10,82.90
16840,30.20,82.90
16841,30.20,82.90
16842,30.10,82.90
16843,30.20,82.90
16844,30.20,82.90
16845,30.10,82.90
16846,30.20,82.90
16847,30.20,82.90
16848,30.20,82.90
16849,30.20,82.90
16850,30.10,82.90
16851,30.20,82.90
16852,30.20,82.90
16853,30.20,82.90
16854,30.10,82.90
16855,30.10,83.00
16856,30.20,82.90
16857,30.10,82.90
16858,30.10,82.90
16859,30.20,82.90
16860,30.10,82.90
16861,30.10,82.90
16862,30.20,82.90
16863,30.10,82.90
16864,30.10,82.90
16865,30.10,82.90
16866,30.10,82.90
16867,30.20,83.00
16868,30.10,82.90
16869,30.20,82.90
16870,30.20,82.90
16871,30.10,82.90
16872,30.20,82.90
16873,30.10,82.90
16874,30.20,82.90
16875,30.20,82.90
16876,30.10,82.90
16877,30.10,83.00
16878,30.10,83.00
16879,30.10,83.00
16880,30.20,82.90
16881,30.10,82.90
16882,30.10,83.00
16883,30.10,83.00
16884,30.10,83.00
16885,30.20,83.00
16886,30.10,83.00
16887,30.20,83.00
16888,30.20,83.00
16889,30.10,82.90
16890,30.10,82.90
16891,30.10,82.90
16892,30.10,82.90
16893,30.20,83.00
16894,30.10,83.00
16895,30.20,83.00
16896,30.20,82.90
16897,30.20,82.90
16898,30.10,83.00
16899,30.20,83.00
16900,30.20,83.00
16901,30.10,83.00
16902,30.10,82.90
16903,30.10,82.90
16904,30.20,82.90
16905,30.10,83.00
16906,30.10,82.90
16907,30.10,82.90
16908,30.10,82.90
16909,30.10,82.90
16910,30.20,82.90
16911,30.20,82.90
16912,30.20,82.90
16913,30.10,83.00
16914,30.20,82.90
16915,30.20,82.90
16916,30.20,82.90
16917,30.20,82.90
16918,30.20,82.90
16919,30.20,82.90
16920,30.10,82.90
16921,30.10,82.90
16922,30.10,82.90
16923,30.20,82.90
16924,30.10,82.90
16925,30.10,83.00
16926,30.10,83.00
16927,30.20,82.90
16928,30.20,82.90
16929,30.10,82.90
16930,30.10,82.90
16931,30.10,82.90
16932,30.10,82.90
16933,30.10,82.90
16934,30.20,83.00
16935,30.10,82.90
16936,30.20,82.90
16937,30.10,83.00
16938,30.10,82.90
16939,30.10,83.00
16940,30.10,83.00
16941,30.20,83.00
16942,30.10,82.90
16943,30.20,83.00
16944,30.20,83.00
16945,30.10,83.00
16946,30.10,83.00
16947,30.20,83.00
16948,30.10,83.00
16949,30.10,83.00
16950,30.10,82.90
16951,30.10,83.00
16952,30.10,83.00
16953,30.20,82.90
16954,30.20,83.00
16955,30.10,83.00
16956,30.20,83.00
16957,30.20,83.00
16958,30.20,83.00
16959,30.10,82.90
16960,30.20,83.00
16961,30.10,83.00
16962,30.20,82.90
16963,30.10,83.00
16964,30.20,82.90
16965,30.20,83.00
16966,30.10,83.00
16967,30.10,82.90
16968,30.10,82.90
16969,30.10,83.00
16970,30.10,83.00
16971,30.10,83.00
16972,30.20,83.00
16973,30.10,83.00
16974,30.10,83.00
16975,30.10,83.00
16976,30.10,83.00
16977,30.10,82.90
16978,30.10,82.90
16979,30.10,83.00
16980,30.20,83.00
16981,30.20,82.90
16982,30.10,83.00
16983,30.20,83.00
16984,30.10,82.90
16985,30.20,83.00
16986,30.10,83.00
16987,30.20,83.00
16988,30.10,83.00
16989,30.10,82.90
16990,30.10,82.90
16991,30.20,83.00
16992,30.10,82.90
16993,30.20,83.00
16994,30.20,83.00
16995,30.10,82.90
16996,30.20,83.00
16997,30.20,83.00
16998,30.10,83.00
16999,30.10,83.00
17000,30.20,83.00
17001,30.20,83.00
17002,30.20,82.90
17003,30.10,82.90
17004,30.20,83.00
17005,30.10,83.00
17006,30.10,82.90
17007,30.10,83.00
17008,30.20,83.00
17009,30.20,83.00
17010,30.20,83.00
17011,30.10,82.90
17012,30.10,83.00
17013,30.20,82.90
17014,30.10,82.90
17015,30.20,83.00
17016,30.10,83.00
17017,30.20,82.90
17018,30.10,83.00
17019,30.20,83.00
17020,30.10,82.90
17021,30.10,82.90
17022,30.10,83.00
17023,30.20,82.90
17024,30.20,83.00
17025,30.10,83.00
17026,30.20,83.00
17027,30.10,83.00
17028,30.10,83.00
17029,30.10,82.90
17030,30.10,83.00
17031,30.20,83.00
17032,30.10,82.90
17033,30.10,82.90
17034,30.10,83.00
17035,30.20,83.00
17036,30.10,82.90
17037,30.20,83.00
17038,30.10,83.00
17039,30.20,83.00
17040,30.10,83.00
17041,30.10,82.90
17042,30.10,83.00
17043,30.20,83.00
17044,30.20,83.00
17045,30.10,83.00
17046,30.10,82.90
17047,30.10,82.90
17048,30.10,83.00
17049,30.10,83.00
17050,30.10,83.00
17051,30.10,83.00
17052,30.10,83.00
17053,30.20,83.00
17054,30.20,83.00
17055,30.20,83.00
17056,30.20,82.90
17057,30.20,82.90
17058,30.20,82.90
17059,30.20,83.00
17060,30.20,83.00
17061,30.20,83.00
17062,30.10,83.00
17063,30.20,83.00
17064,30.10,82.90
17065,30.20,82.90
17066,30.20,82.90
17067,30.20,82.90
17068,30.20,82.90
17069,30.20,82.90
17070,30.20,82.90
17071,30.20,82.90
17072,30.20,82.90
17073,30.10,82.90
17074,30.20,82.90
17075,30.20,82.90
17076,30.20,83.00
17077,30.20,82.90
17078,30.10,83.00
17079,30.20,82.90
17080,30.10,83.00
17081,30.10,83.00
17082,30.10,83.00
17083,30.10,83.00
17084,30.10,83.00
17085,30.20,83.00
17086,30.10,83.00
17087,30.10,83.00
17088,30.10,82.90
17089,30.20,82.90
17090,30.20,83.00
17091,30.10,83.00
17092,30.10,83.00
17093,30.10,83.00
17094,30.20,83.00
17095,30.20,82.90
17096,30.20,83.00
17097,30.20,83.00
17098,30.10,83.00
17099,30.20,83.00
17100,30.20,83.00
17101,30.20,83.00
17102,30.20,83.00
17103,30.10,83.00
17104,30.10,83.00
17105,30.10,83.00
17106,30.10,83.00
17107,30.20,83.00
17108,30.10,83.00
17109,30.20,83.00
17110,30.10,83.00
17111,30.10,83.00
17112,30.20,83.00
17113,30.10,83.00
17114,30.10,83.00
17115,30.10,83.00
17116,30.10,83.00
17117,30.10,83.00
17118,30.10,83.00
17119,30.10,83.00
17120,30.10,83.00
17121,30.20,83.00
17122,30.10,83.00
17123,30.10,83.00
17124,30.10,83.00
17125,30.10,83.00
17126,30.10,83.00
17127,30.10,83.00
17128,30.10,83.00
17129,30.10,83.00
17130,30.20,83.00
17131,30.10,83.00
17132,30.20,83.00
17133,30.10,83.00
17134,30.20,83.00
17135,30.20,83.00
17136,30.20,83.00
17137,30.10,83.00
17138,30.10,83.00
17139,30.20,83.00
17140,30.10,83.00
17141,30.10,83.00
17142,30.10,83.00
17143,30.10,83.00
17144,30.10,83.00
17145,30.20,83.00
17146,30.10,83.00
17147,30.10,83.00
17148,30.10,83.00
17149,30.20,83.00
17150,30.10,83.00
17151,30.20,83.00
17152,30.20,83.00
17153,30.10,83.00
17154,30.10,83.00
17155,30.10,83.00
17156,30.10,83.00
17157,30.10,83.00
17158,30.20,83.00
17159,30.20,83.00
17160,30.10,82.90
17161,30.20,82.90
17162,30.20,83.00
17163,30.20,83.00
17164,30.20,83.00
17165,30.10,83.00
17166,30.20,83.00
17167,30.10,83.00
17168,30.20,83.00
17169,30.10,83.00
17170,30.10,83.00
17171,30.10,83.00
17172,30.20,83.00
17173,30.20,83.00
17174,30.20,83.00
17175,30.10,83.00
17176,30.10,83.00
17177,30.10,82.90
17178,30.10,83.00
17179,30.10,83.00
17180,30.10,83.00
17181,30.20,83.00
17182,30.20,83.00
17183,30.20,83.00
17184,30.10,82.90
17185,30.10,83.00
17186,30.10,83.00
17187,30.10,83.00
17188,30.10,83.00
17189,30.20,83.00
17190,30.10,83.00
17191,30.20,83.00
17192,30.20,83.00
17193,30.10,83.10
17194,30.10,83.10
17195,30.10,83.00
17196,30.10,83.00
17197,30.10,83.10
17198,30.10,83.00
17199,30.10,83.00
17200,30.10,83.00
17201,30.10,83.00
17202,30.20,83.10
17203,30.10,83.00
17204,30.10,83.00
17205,30.20,83.00
17206,30.10,83.00
17207,30.10,83.00
17208,30.10,83.00
17209,30.10,83.00
17210,30.10,83.00
17211,30.10,83.00
17212,30.10,83.00
17213,30.10,83.00
17214,30.10,83.00
17215,30.10,83.00
17216,30.10,83.00
17217,30.20,83.00
17218,30.10,83.00
17219,30.10,83.00
17220,30.10,83.00
17221,30.10,83.00
17222,30.10,83.00
17223,30.10,83.00
17224,30.10,83.00
17225,30.10,83.00
17226,30.10,83.00
17227,30.10,83.10
17228,30.10,83.00
17229,30.10,83.00
17230,30.10,83.00
17231,30.10,83.00
17232,30.10,83.00
17233,30.10,83.00
17234,30.10,83.00
17235,30.10,83.00
17236,30.10,83.00
17237,30.20,83.00
17238,30.10,83.00
17239,30.10,83.00
17240,30.10,83.00
17241,30.10,83.00
17242,30.20,83.00
17243,30.10,82.90
17244,30.10,83.10
17245,30.20,83.00
17246,30.20,83.00
17247,30.20,83.00
17248,30.10,83.10
17249,30.10,83.00
17250,30.10,83.00
17251,30.10,83.00
17252,30.10,83.00
17253,30.10,83.00
17254,30.10,83.00
17255,30.10,83.00
17256,30.10,83.00
17257,30.10,83.00
17258,30.20,83.00
17259,30.10,83.00
17260,30.10,83.00
17261,30.10,83.00
17262,30.10,83.00
17263,30.10,83.00
17264,30.10,83.00
17265,30.10,83.00
17266,30.10,83.00
17267,30.20,83.00
17268,30.10,83.00
17269,30.20,83.00
17270,30.10,82.90
17271,30.20,83.00
17272,30.10,83.00
17273,30.10,83.00
17274,30.10,83.00
17275,30.10,83.00
17276,30.10,83.00
17277,30.20,83.00
17278,30.10,83.00
17279,30.10,83.00
17280,30.10,83.00
17281,30.10,83.00
17282,30.10,83.00
17283,30.10,83.00
17284,30.10,83.00
17285,30.10,83.00
17286,30.10,83.00
17287,30.10,83.00
17288,30.20,83.00
17289,30.20,83.00
17290,30.20,83.00
17291,30.20,83.00
17292,30.10,83.00
17293,30.20,83.00
17294,30.20,83.00
17295,30.10,83.00
17296,30.10,83.00
17297,30.10,83.00
17298,30.10,83.00
17299,30.20,83.00
17300,30.20,83.00
17301,30.10,83.00
17302,30.20,83.00
17303,30.10,83.00
17304,30.10,83.00
17305,30.10,83.00
17306,30.10,83.00
17307,30.20,82.90
17308,30.10,82.90
17309,30.10,82.90
17310,30.10,83.00
17311,30.10,83.00
17312,30.10,83.00
17313,30.10,83.00
17314,30.20,83.00
17315,30.10,83.00
17316,30.10,83.00
17317,30.10,83.00
17318,30.10,83.00
17319,30.20,83.00
17320,30.20,83.00
17321,30.10,83.00
17322,30.20,83.00
17323,30.10,83.00
17324,30.10,83.00
17325,30.10,83.00
17326,30.20,83.00
17327,30.20,83.00
17328,30.10,83.00
17329,30.10,83.00
17330,30.10,83.00
17331,30.10,83.00
17332,30.10,83.00
17333,30.10,83.00
17334,30.10,83.00
17335,30.10,83.00
17336,30.10,83.00
17337,30.10,83.00
17338,30.10,83.00
17339,30.10,83.00
17340,30.20,83.00
17341,30.20,83.00
17342,30.10,83.00
17343,30.10,83.00
17344,30.20,82.90
17345,30.20,83.00
17346,30.20,83.00
17347,30.10,83.00
17348,30.10,83.00
17349,30.10,83.00
17350,30.10,83.00
17351,30.20,83.00
17352,30.20,83.00
17353,30.20,83.00
17354,30.20,83.00
17355,30.10,83.10
17356,30.10,83.00
17357,30.10,83.00
17358,30.10,83.00
17359,30.20,83.00
17360,30.10,83.00
17361,30.20,83.00
17362,30.10,83.00
17363,30.10,83.00
17364,30.20,83.00
17365,30.10,83.00
17366,30.10,83.00
17367,30.20,83.00
17368,30.10,83.00
17369,30.10,82.90
17370,30.20,83.00
17371,30.10,82.90
17372,30.20,83.00
17373,30.20,83.00
17374,30.20,83.00
17375,30.10,83.00
17376,30.10,83.00
17377,30.20,83.10
17378,30.10,83.00
17379,30.10,83.00
17380,30.20,83.00
17381,30.10,83.00
17382,30.20,83.00
17383,30.20,83.00
17384,30.20,83.00
17385,30.10,82.90
17386,30.10,83.00
17387,30.10,83.00
17388,30.10,83.00
17389,30.10,83.00
17390,30.20,83.00
17391,30.10,82.90
17392,30.10,83.00
17393,30.20,83.00
17394,30.10,83.00
17395,30.10,83.00
17396,30.10,83.00
17397,30.20,83.00
17398,30.20,83.00
17399,30.10,83.00
17400,30.10,83.00
17401,30.10,82.90
17402,30.20,83.00
17403,30.10,83.00
17404,30.20,83.00
17405,30.10,83.00
17406,30.20,82.90
17407,30.20,83.00
17408,30.10,83.00
17409,30.10,83.00
17410,30.10,83.00
17411,30.20,83.00
17412,30.10,83.00
17413,30.10,83.00
17414,30.20,83.00
17415,30.20,83.00
17416,30.10,83.00
17417,30.20,83.00
17418,30.20,83.00
17419,30.20,83.00
17420,30.20,83.00
17421,30.10,83.00
17422,30.10,83.00
17423,30.10,83.00
17424,30.10,83.00
17425,30.10,83.00
17426,30.10,83.00
17427,30.10,83.00
17428,30.10,83.00
17429,30.20,83.00
17430,30.10,83.00
17431,30.20,83.00
17432,30.10,83.00
17433,30.10,83.00
17434,30.20,83.00
17435,30.10,83.00
17436,30.20,83.00
17437,30.10,83.00
17438,30.10,83.00
17439,30.10,83.00
17440,30.20,83.00
17441,30.20,83.00
17442,30.20,83.00
17443,30.20,83.00
17444,30.20,83.00
17445,30.10,83.00
17446,30.20,83.00
17447,30.10,83.00
17448,30.10,83.00
17449,30.20,83.00
17450,30.10,82.90
17451,30.20,83.00
17452,30.20,83.00
17453,30.10,83.00
17454,30.20,83.00
17455,30.10,83.00
17456,30.20,83.00
17457,30.10,83.10
17458,30.10,83.00
17459,30.10,83.00
17460,30.20,83.00
17461,30.10,83.00
17462,30.10,83.00
17463,30.10,83.00
17464,30.20,83.00
17465,30.10,83.00
17466,30.10,83.00
17467,30.10,82.90
17468,30.10,83.10
17469,30.10,83.00
17470,30.10,82.90
17471,30.10,83.00
17472,30.20,83.00
17473,30.10,83.00
17474,30.10,83.00
17475,30.10,83.00
17476,30.20,83.00
17477,30.10,83.00
17478,30.10,83.00
17479,30.10,83.00
17480,30.20,83.00
17481,30.10,83.00
17482,30.10,83.10
17483,30.10,83.10
17484,30.10,83.00
17485,30.10,83.10
17486,30.10,83.10
17487,30.10,83.00
17488,30.10,83.00
17489,30.10,83.00
17490,30.10,83.00
17491,30.10,83.00
17492,30.10,83.00
17493,30.10,83.00
17494,30.20,83.00
17495,30.10,83.00
17496,30.10,83.10
17497,30.20,83.00
17498,30.10,83.00
17499,30.10,83.00
17500,30.10,83.00
17501,30.10,83.00
17502,30.10,83.10
17503,30.10,83.10
17504,30.10,83.00
17505,30.10,83.00
17506,30.10,83.10
17507,30.10,83.00
17508,30.10,83.00
17509,30.10,83.10
17510,30.10,83.10
17511,30.10,83.00
17512,30.10,83.00
17513,30.10,83.10
17514,30.10,83.00
17515,30.10,83.10
17516,30.10,83.10
17517,30.10,83.00
17518,30.10,83.00
17519,30.10,83.00
17520,30.10,83.10
17521,30.10,83.10
17522,30.20,83.00
17523,30.10,83.00
17524,30.10,83.00
17525,30.10,83.00
17526,30.10,83.00
17527,30.10,83.00
17528,30.10,83.00
17529,30.10,83.00
17530,30.10,83.10
17531,30.20,83.00
17532,30.10,83.10
17533,30.10,83.10
17534,30.10,83.00
17535,30.10,83.10
17536,30.10,83.00
17537,30.10,83.00
17538,30.20,83.10
17539,30.10,83.00
17540,30.20,83.00
17541,30.20,83.00
17542,30.10,83.00
17543,30.20,83.10
17544,30.10,83.10
17545,30.10,83.00
17546,30.20,83.10
17547,30.10,83.00
17548,30.10,83.00
17549,30.10,83.00
17550,30.10,83.10
17551,30.20,83.10
17552,30.10,83.00
17553,30.10,83.10
17554,30.10,83.10
17555,30.10,83.10
17556,30.10,83.10
17557,30.10,83.00
17558,30.10,83.00
17559,30.10,83.00
17560,30.10,83.10
17561,30.10,83.00
17562,30.10,83.10
17563,30.10,83.00
17564,30.10,83.00
17565,30.10,83.10
17566,30.10,83.10
17567,30.10,83.00
17568,30.10,83.10
17569,30.10,83.10
17570,30.10,83.10
17571,30.20,83.00
17572,30.20,83.10
17573,30.10,83.10
17574,30.10,83.10
17575,30.10,83.10
17576,30.10,83.00
17577,30.10,83.00
17578,30.10,83.10
17579,30.10,83.10
17580,30.10,83.10
17581,30.10,83.10
17582,30.10,83.00
17583,30.10,83.10
17584,30.20,83.00
17585,30.10,83.10
17586,30.10,83.10
17587,30.10,83.10
17588,30.10,83.10
17589,30.10,83.10
17590,30.10,83.10
17591,30.20,83.10
17592,30.10,83.10
17593,30.10,83.10
17594,30.10,83.10
17595,30.10,83.10
17596,30.10,83.10
17597,30.10,83.10
17598,30.10,83.10
17599,30.10,83.00
17600,30.10,83.10
17601,30.20,83.10
17602,30.10,83.10
17603,30.10,83.10
17604,30.10,83.10
17605,30.10,83.00
17606,30.10,83.00
17607,30.10,83.10
17608,30.10,83.10
17609,30.10,83.10
17610,30.10,83.10
17611,30.10,83.00
17612,30.10,83.10
17613,30.10,83.10
17614,30.10,83.10
17615,30.10,83.10
17616,30.10,83.10
17617,30.10,83.10
17618,30.10,83.10
17619,30.10,83.10
17620,30.10,83.00
17621,30.10,83.00
17622,30.10,83.10
17623,30.10,83.10
17624,30.10,83.10
17625,30.10,83.00
17626,30.10,83.10
17627,30.10,83.10
17628,30.10,83.10
17629,30.10,83.00
17630,30.10,83.10
17631,30.10,83.10
17632,30.10,83.10
17633,30.10,83.10
17634,30.20,83.10
17635,30.10,83.10
17636,30.10,83.00
17637,30.10,83.00
17638,30.10,83.10
17639,30.10,83.10
17640,30.10,83.10
17641,30.10,83.00
17642,30.10,83.10
17643,30.10,83.10
17644,30.20,83.10
17645,30.10,83.10
17646,30.10,83.10
17647,30.10,83.10
17648,30.10,83.10
17649,30.10,83.10
17650,30.10,83.10
17651,30.10,83.10
17652,30.10,83.10
17653,30.10,83.10
17654,30.10,83.10
17655,30.10,83.00
17656,30.10,83.10
17657,30.10,83.00
17658,30.10,83.10
17659,30.10,83.10
17660,30.10,83.10
17661,30.10,83.10
17662,30.10,83.10
17663,30.10,83.10
17664,30.10,83.10
17665,30.10,83.10
17666,30.10,83.00
17667,30.10,83.10
17668,30.10,83.10
17669,30.20,83.10
17670,30.10,83.10
17671,30.20,83.00
17672,30.10,83.10
17673,30.10,83.10
17674,30.20,83.10
17675,30.20,83.10
17676,30.10,83.10
17677,30.10,83.00
17678,30.10,83.10
17679,30.10,83.10
17680,30.10,83.10
17681,30.10,83.10
17682,30.10,83.10
17683,30.10,83.10
17684,30.10,83.10
17685,30.10,83.10
17686,30.10,83.10
17687,30.10,83.00
17688,30.10,83.10
17689,30.10,83.10
17690,30.10,83.10
17691,30.20,83.10
17692,30.20,83.10
17693,30.10,83.10
17694,30.10,83.10
17695,30.10,83.10
17696,30.10,83.10
17697,30.10,83.10
17698,30.10,83.10
17699,30.10,83.10
17700,30.10,83.10
17701,30.10,83.10
17702,30.10,83.10
17703,30.10,83.10
17704,30.10,83.10
17705,30.10,83.00
17706,30.10,82.90
17707,30.10,82.90
17708,30.10,82.80
17709,30.10,82.80
17710,30.10,82.80
17711,30.10,82.80
17712,30.10,82.80
17713,30.10,82.80
17714,30.10,82.80
17715,30.10,82.70
17716,30.10,82.70
17717,30.10,82.70
17718,30.10,82.80
17719,30.10,82.70
17720,30.10,82.80
17721,30.10,82.80
17722,30.10,82.80
17723,30.10,82.80
17724,30.10,82.80
17725,30.10,82.80
17726,30.20,82.80
17727,30.10,82.90
17728,30.10,82.90
17729,30.10,82.80
17730,30.10,82.80
17731,30.10,82.90
17732,30.10,82.80
17733,30.10,82.80
17734,30.10,82.90
17735,30.10,82.90
17736,30.10,82.90
17737,30.10,82.90
17738,30.10,82.80
17739,30.10,82.80
17740,30.10,82.90
17741,30.10,82.90
17742,30.10,82.80
17743,30.10,82.90
17744,30.10,82.90
17745,30.10,82.90
17746,30.10,82.90
17747,30.10,82.90
17748,30.10,82.90
17749,30.10,82.90
17750,30.10,82.90
17751,30.10,82.90
17752,30.10,82.90
17753,30.10,83.00
17754,30.10,82.90
17755,30.10,82.90
17756,30.10,82.90
17757,30.10,82.80
17758,30.10,82.90
17759,30.10,82.80
17760,30.10,82.90
17761,30.10,82.90
17762,30.10,83.00
17763,30.10,83.00
17764,30.10,82.90
17765,30.10,83.00
17766,30.10,82.90
17767,30.10,82.90
17768,30.10,82.90
17769,30.10,83.00
17770,30.10,83.00
17771,30.10,83.00
17772,30.10,82.90
17773,30.10,82.90
17774,30.10,83.00
17775,30.10,82.90
17776,30.10,83.00
17777,30.10,82.90
17778,30.10,83.00
17779,30.10,83.00
17780,30.10,82.90
17781,30.10,82.90
17782,30.10,83.00
17783,30.10,83.00
17784,30.10,83.00
17785,30.10,82.90
17786,30.10,82.90
17787,30.10,83.00
17788,30.10,83.00
17789,30.10,82.90
17790,30.10,83.00
17791,30.10,82.90
17792,30.10,83.00
17793,30.10,82.90
17794,30.10,83.00
17795,30.10,83.00
17796,30.10,82.90
17797,30.10,83.00
17798,30.10,82.90
17799,30.10,82.90
17800,30.10,82.90
17801,30.10,83.00
17802,30.10,83.00
17803,30.10,83.00
17804,30.10,82.90
17805,30.10,82.90
17806,30.10,82.90
17807,30.10,83.00
17808,30.10,83.00
17809,30.10,83.00
17810,30.10,82.90
17811,30.10,82.90
17812,30.10,83.00
17813,30.10,83.00
17814,30.10,82.90
17815,30.10,83.00
17816,30.10,82.90
17817,30.10,82.90
17818,30.10,83.00
17819,30.10,83.00
17820,30.10,83.00
17821,30.10,83.00
17822,30.10,83.00
17823,30.10,83.00
17824,30.10,83.00
17825,30.10,83.00
17826,30.10,83.00
17827,30.10,83.00
17828,30.10,83.00
17829,30.10,83.00
17830,30.10,83.00
17831,30.10,83.00
17832,30.10,83.00
17833,30.10,83.00
17834,30.10,83.00
17835,30.10,83.00
17836,30.10,83.00
17837,30.10,83.00
17838,30.10,83.00
17839,30.10,83.00
17840,30.10,83.00
17841,30.10,83.00
17842,30.10,82.90
17843,30.10,83.00
17844,30.10,83.00
17845,30.10,83.00
17846,30.10,83.00
17847,30.10,83.00
17848,30.10,83.00
17849,30.10,83.10
17850,30.10,83.00
17851,30.10,83.00
17852,30.10,83.00
17853,30.10,83.00
17854,30.10,83.00
17855,30.10,83.00
17856,30.10,83.00
17857,30.10,83.00
17858,30.10,83.00
17859,30.10,83.00
17860,30.10,83.00
17861,30.10,83.00
17862,30.10,83.00
17863,30.10,83.00
17864,30.10,83.00
17865,30.10,83.00
17866,30.10,83.00
17867,30.10,83.00
17868,30.10,83.00
17869,30.10,83.00
17870,30.10,83.00
17871,30.10,83.00
17872,30.10,82.90
17873,30.10,83.00
17874,30.10,83.00
17875,30.10,83.00
17876,30.10,83.00
17877,30.10,83.00
17878,30.10,83.00
17879,30.10,83.00
17880,30.10,83.00
17881,30.10,83.00
17882,30.10,83.00
17883,30.10,83.00
17884,30.10,83.00
17885,30.10,83.00
17886,30.10,83.00
17887,30.10,83.00
17888,30.10,83.00
17889,30.10,83.00
17890,30.10,83.00
17891,30.10,83.00
17892,30.10,83.00
17893,30.10,83.00
17894,30.10,83.00
17895,30.10,83.00
17896,30.10,83.00
17897,30.10,83.00
17898,30.10,83.00
17899,30.10,83.10
17900,30.10,83.00
17901,30.10,83.00
17902,30.10,83.10
17903,30.10,83.00
17904,30.10,83.00
17905,30.10,83.00
17906,30.10,83.10
17907,30.10,83.00
17908,30.10,83.10
17909,30.10,83.10
17910,30.10,83.10
17911,30.10,83.10
17912,30.10,83.00
17913,30.10,83.00
17914,30.10,83.10
17915,30.10,83.00
17916,30.10,83.00
17917,30.10,83.00
17918,30.10,83.10
17919,30.10,83.00
17920,30.10,83.10
17921,30.10,83.00
17922,30.10,83.00
17923,30.10,83.00
17924,30.10,83.00
17925,30.10,83.00
17926,30.10,83.00
17927,30.10,83.00
17928,30.10,83.10
17929,30.10,83.00
17930,30.10,83.00
17931,30.10,83.00
17932,30.10,83.10
17933,30.10,83.10
17934,30.10,83.10
17935,30.10,83.00
17936,30.10,83.10
17937,30.10,83.00
17938,30.10,83.00
17939,30.10,83.00
17940,30.10,83.10
17941,30.10,83.00
17942,30.10,83.10
17943,30.10,83.00
17944,30.10,83.10
17945,30.10,83.00
17946,30.10,83.10
17947,30.10,83.00
17948,30.10,83.00
17949,30.10,83.00
17950,30.10,83.10
17951,30.10,83.10
17952,30.10,83.00
17953,30.10,83.00
17954,30.10,83.00
17955,30.10,83.00
17956,30.10,83.10
17957,30.10,83.10
17958,30.10,83.10
17959,30.10,83.00
17960,30.10,83.10
17961,30.10,83.00
17962,30.10,83.10
17963,30.10,83.00
17964,30.10,83.00
17965,30.10,83.10
17966,30.10,83.10
17967,30.10,83.00
17968,30.10,83.10
17969,30.10,83.00
17970,30.10,83.10
17971,30.10,83.00
17972,30.10,83.10
17973,30.10,83.00
17974,30.10,83.00
17975,30.10,83.00
17976,30.10,83.00
17977,30.10,83.00
17978,30.10,83.10
17979,30.10,83.00
17980,30.10,83.10
17981,30.10,83.00
17982,30.10,83.10
17983,30.10,83.10
17984,30.10,83.00
17985,30.10,83.10
17986,30.10,83.10
17987,30.10,83.10
17988,30.10,83.10
17989,30.10,83.10
17990,30.10,83.00
17991,30.10,83.10
17992,30.10,83.10
17993,30.10,83.00
17994,30.10,83.10
17995,30.10,83.10
17996,30.10,83.10
17997,30.10,83.10
17998,30.10,83.10
17999,30.10,83.10
18000,30.10,83.10
18001,30.10,83.00
18002,30.10,83.10
18003,30.10,83.00
18004,30.10,83.10
18005,30.10,83.10
18006,30.10,83.10
18007,30.10,83.10
18008,30.10,83.10
18009,30.10,83.10
18010,30.10,83.10
18011,30.10,83.10
18012,30.10,83.10
18013,30.10,83.00
18014,30.10,83.10
18015,30.10,83.10
18016,30.10,83.00
18017,30.10,83.00
18018,30.10,83.10
18019,30.10,83.10
18020,30.10,83.00
18021,30.10,83.00
18022,30.10,83.00
18023,30.10,83.10
18024,30.10,83.10
18025,30.10,83.00
18026,30.10,83.00
18027,30.10,83.00
18028,30.10,83.10
18029,30.10,83.10
18030,30.10,83.00
18031,30.10,83.10
18032,30.10,83.10
18033,30.10,83.10
18034,30.10,83.00
18035,30.10,83.10
18036,30.10,83.10
18037,30.10,83.10
18038,30.10,83.00
18039,30.10,83.10
18040,30.10,83.10
18041,30.10,83.00
18042,30.10,83.10
18043,30.10,83.10
18044,30.10,83.00
18045,30.10,83.10
18046,30.10,83.10
18047,30.10,83.00
18048,30.10,83.10
18049,30.10,83.10
18050,30.10,83.10
18051,30.10,83.10
18052,30.10,83.10
18053,30.10,83.10
18054,30.10,83.10
18055,30.10,83.10
18056,30.10,83.10
18057,30.10,83.10
18058,30.10,83.10
18059,30.10,83.10
18060,30.10,83.10
18061,30.10,83.10
18062,30.10,83.10
18063,30.10,83.10
18064,30.10,83.10
18065,30.10,83.10
18066,30.10,83.20
18067,30.10,83.10
18068,30.10,83.20
18069,30.10,83.10
18070,30.10,83.10
18071,30.10,83.10
18072,30.10,83.10
18073,30.10,83.10
18074,30.10,83.10
18075,30.10,83.10
18076,30.10,83.10
18077,30.10,83.10
18078,30.10,83.10
18079,30.10,83.10
18080,30.10,83.10
18081,30.10,83.10
18082,30.10,83.10
18083,30.10,83.10
18084,30.10,83.10
18085,30.10,83.10
18086,30.10,83.10
18087,30.10,83.10
18088,30.10,83.10
18089,30.10,83.10
18090,30.10,83.10
18091,30.10,83.10
18092,30.10,83.10
18093,30.10,83.10
18094,30.10,83.10
18095,30.10,83.10
18096,30.10,83.10
18097,30.10,83.10
18098,30.10,83.10
18099,30.10,83.10
18100,30.10,83.10
18101,30.10,83.10
18102,30.10,83.10
18103,30.10,83.10
18104,30.10,83.00
18105,30.10,83.10
18106,30.10,83.10
18107,30.10,83.10
18108,30.10,83.10
18109,30.10,83.10
18110,30.10,83.10
18111,30.10,83.10
18112,30.10,83.10
18113,30.10,83.10
18114,30.10,83.10
18115,30.10,83.10
18116,30.10,83.10
18117,30.10,83.10
18118,30.10,83.10
18119,30.10,83.10
18120,30.10,83.20
18121,30.10,83.10
18122,30.10,83.10
18123,30.10,83.10
18124,30.10,83.10
18125,30.10,83.10
18126,30.10,83.10
18127,30.10,83.10
18128,30.10,83.10
18129,30.10,83.10
18130,30.10,83.10
18131,30.10,83.10
18132,30.10,83.10
18133,30.10,83.10
18134,30.10,83.10
18135,30.10,83.10
18136,30.10,83.10
18137,30.10,83.10
18138,30.10,83.10
18139,30.10,83.10
18140,30.10,83.10
18141,30.10,83.10
18142,30.10,83.10
18143,30.10,83.10
18144,30.00,83.10
18145,30.10,83.10
18146,30.10,83.10
18147,30.10,83.10
18148,30.10,83.10
18149,30.10,83.20
18150,30.10,83.10
18151,30.10,83.10
18152,30.10,83.10
18153,30.10,83.10
18154,30.10,83.10
18155,30.10,83.10
18156,30.10,83.10
18157,30.10,83.10
18158,30.10,83.10
18159,30.10,83.10
18160,30.10,83.10
18161,30.10,83.10
18162,30.10,83.00
18163,30.10,83.10
18164,30.10,83.10
18165,30.10,83.20
18166,30.10,83.10
18167,30.10,83.20
18168,30.10,83.10
18169,30.10,83.20
18170,30.10,83.10
18171,30.10,83.10
18172,30.10,83.10
18173,30.10,83.10
18174,30.10,83.10
18175,30.10,83.10
18176,30.10,83.10
18177,30.10,83.10
18178,30.10,83.10
18179,30.10,83.10
18180,30.10,83.20
18181,30.10,83.10
18182,30.10,83.10
18183,30.10,83.20
18184,30.10,83.10
18185,30.10,83.10
18186,30.10,83.10
18187,30.10,83.10
18188,30.10,83.10
18189,30.10,83.10
18190,30.10,83.10
18191,30.10,83.10
18192,30.10,83.10
18193,30.10,83.10
18194,30.10,83.10
18195,30.10,83.10
18196,30.10,83.10
18197,30.10,83.10
18198,30.10,83.10
18199,30.10,83.10
18200,30.10,83.10
18201,30.10,83.10
18202,30.10,83.20
18203,30.10,83.10
18204,30.10,83.20
18205,30.10,83.10
18206,30.10,83.20
18207,30.10,83.10
18208,30.10,83.20
18209,30.10,83.10
18210,30.10,83.10
18211,30.10,83.20
18212,30.10,83.20
18213,30.10,83.10
18214,30.10,83.20
18215,30.10,83.20
18216,30.10,83.10
18217,30.10,83.10
18218,30.10,83.20
18219,30.10,83.10
18220,30.10,83.20
18221,30.10,83.20
18222,30.10,83.20
18223,30.10,83.20
18224,30.10,83.20
18225,30.10,83.20
18226,30.10,83.10
18227,30.10,83.10
18228,30.10,83.20
18229,30.10,83.20
18230,30.10,83.20
18231,30.10,83.20
18232,30.10,83.10
18233,30.10,83.20
18234,30.10,83.20
18235,30.10,83.20
18236,30.10,83.20
18237,30.10,83.20
18238,30.10,83.20
18239,30.10,83.20
18240,30.10,83.20
18241,30.10,83.20
18242,30.10,83.20
18243,30.10,83.20
18244,30.10,83.20
18245,30.10,83.20
18246,30.10,83.20
18247,30.10,83.20
18248,30.10,83.20
18249,30.10,83.20
18250,30.10,83.20
18251,30.10,83.20
18252,30.10,83.10
18253,30.10,83.20
18254,30.10,83.20
18255,30.10,83.20
18256,30.10,83.20
18257,30.10,83.20
18258,30.10,83.20
18259,30.10,83.20
18260,30.10,83.20
18261,30.10,83.20
18262,30.10,83.20
18263,30.10,83.20
18264,30.10,83.10
18265,30.10,83.20
18266,30.10,83.20
18267,30.10,83.20
18268,30.10,83.20
18269,30.10,83.20
18270,30.10,83.20
18271,30.10,83.20
18272,30.10,83.20
18273,30.10,83.20
18274,30.10,83.10
18275,30.10,83.20
18276,30.10,83.20
18277,30.10,83.10
18278,30.10,83.10
18279,30.10,83.10
18280,30.10,83.20
18281,30.10,83.20
18282,30.10,83.20
18283,30.10,83.10
18284,30.10,83.20
18285,30.10,83.20
18286,30.10,83.20
18287,30.10,83.20
18288,30.10,83.20
18289,30.10,83.20
18290,30.10,83.10
18291,30.10,83.10
18292,30.10,83.20
18293,30.10,83.20
18294,30.10,83.20
18295,30.10,83.20
18296,30.10,83.10
18297,30.10,83.20
18298,30.10,83.20
18299,30.10,83.20
18300,30.10,83.20
18301,30.10,83.10
18302,30.10,83.10
18303,30.10,83.20
18304,30.10,83.20
18305,30.10,83.20
18306,30.10,83.10
18307,30.10,83.10
18308,30.10,83.20
18309,30.10,83.20
18310,30.10,83.20
18311,30.10,83.20
18312,30.10,83.20
18313,30.10,83.20
18314,30.10,83.10
18315,30.10,83.20
18316,30.10,83.20
18317,30.10,83.20
18318,30.10,83.20
18319,30.10,83.20
18320,30.10,83.20
18321,30.10,83.20
18322,30.10,83.20
18323,30.10,83.20
18324,30.10,83.20
18325,30.10,83.20
18326,30.10,83.20
18327,30.10,83.20
18328,30.10,83.20
18329,30.10,83.10
18330,30.10,83.20
18331,30.10,83.20
18332,30.10,83.20
18333,30.10,83.20
18334,30.10,83.10
18335,30.10,83.20
18336,30.10,83.20
18337,30.10,83.20
18338,30.10,83.20
18339,30.10,83.20
18340,30.10,83.20
18341,30.10,83.10
18342,30.00,83.20
18343,30.10,83.20
18344,30.10,83.20
18345,30.00,83.20
18346,30.10,83.30
18347,30.10,83.20
18348,30.10,83.20
18349,30.10,83.20
18350,30.10,83.20
18351,30.10,83.20
18352,30.10,83.20
18353,30.10,83.20
18354,30.10,83.20
18355,30.00,83.20
18356,30.10,83.20
18357,30.10,83.20
18358,30.10,83.20
18359,30.10,83.30
18360,30.10,83.20
18361,30.10,83.20
18362,30.10,83.20
18363,30.10,83.20
18364,30.10,83.20
18365,30.10,83.20
18366,30.10,83.30
18367,30.10,83.20
18368,30.10,83.20
18369,30.10,83.20
18370,30.10,83.20
18371,30.10,83.20
18372,30.10,83.20
18373,30.10,83.20
18374,30.10,83.20
18375,30.10,83.20
18376,30.10,83.20
18377,30.10,83.10
18378,30.10,83.20
18379,30.10,83.30
18380,30.10,83.20
18381,30.00,83.20
18382,30.10,83.20
18383,30.10,83.20
18384,30.10,83.20
18385,30.10,83.20
18386,30.10,83.20
18387,30.10,83.20
18388,30.10,83.20
18389,30.10,83.30
18390,30.10,83.20
18391,30.10,83.20
18392,30.10,83.30
18393,30.10,83.20
18394,30.10,83.20
18395,30.10,83.20
18396,30.10,83.20
18397,30.10,83.20
18398,30.10,83.20
18399,30.10,83.30
18400,30.10,83.20
18401,30.10,83.20
18402,30.10,83.20
18403,30.10,83.20
18404,30.10,83.20
18405,30.10,83.20
18406,30.10,83.20
18407,30.10,83.20
18408,30.10,83.10
18409,30.10,83.20
18410,30.10,83.20
18411,30.10,83.20
18412,30.10,83.20
18413,30.10,83.20
18414,30.10,83.20
18415,30.10,83.20
18416,30.10,83.30
18417,30.10,83.20
18418,30.10,83.20
18419,30.10,83.20
18420,30.10,83.20
18421,30.10,83.20
18422,30.10,83.30
18423,30.10,83.20
18424,30.00,83.30
18425,30.10,83.20
18426,30.10,83.20
18427,30.10,83.20
18428,30.10,83.20
18429,30.10,83.20
18430,30.10,83.20
18431,30.00,83.30
18432,30.10,83.20
18433,30.10,83.30
18434,30.00,83.20
18435,30.10,83.20
18436,30.10,83.20
18437,30.10,83.30
18438,30.10,83.20
18439,30.10,83.20
18440,30.10,83.30
18441,30.00,83.20
18442,30.10,83.20
18443,30.10,83.30
18444,30.10,83.20
18445,30.10,83.30
18446,30.10,83.20
18447,30.10,83.20
18448,30.00,83.30
18449,30.10,83.20
18450,30.10,83.20
18451,30.10,83.30
18452,30.10,83.20
18453,30.10,83.30
18454,30.10,83.30
18455,30.10,83.20
18456,30.10,83.30
18457,30.10,83.30
18458,30.10,83.30
18459,30.10,83.20
18460,30.10,83.30
18461,30.10,83.20
18462,30.10,83.20
18463,30.10,83.20
18464,30.10,83.30
18465,30.10,83.20
18466,30.10,83.20
18467,30.10,83.30
18468,30.10,83.20
18469,30.10,83.30
18470,30.10,83.30
18471,30.10,83.20
18472,30.10,83.20
18473,30.10,83.20
18474,30.10,83.20
18475,30.10,83.20
18476,30.10,83.20
18477,30.10,83.20
18478,30.10,83.20
18479,30.10,83.30
18480,30.10,83.20
18481,30.10,83.20
18482,30.10,83.20
18483,30.10,83.20
18484,30.10,83.20
18485,30.10,83.30
18486,30.10,83.20
18487,30.10,83.20
18488,30.10,83.20
18489,30.10,83.30
18490,30.10,83.20
18491,30.10,83.20
18492,30.00,83.30
18493,30.00,83.30
18494,30.00,83.30
18495,30.10,83.20
18496,30.10,83.20
18497,30.10,83.30
18498,30.10,83.30
18499,30.10,83.20
18500,30.10,83.30
18501,30.10,83.30
18502,30.10,83.20
18503,30.10,83.30
18504,30.10,83.20
18505,30.10,83.30
18506,30.10,83.20
18507,30.00,83.30
18508,30.10,83.20
18509,30.10,83.30
18510,30.10,83.30
18511,30.10,83.30
18512,30.10,83.20
18513,30.10,83.20
18514,30.10,83.30
18515,30.10,83.20
18516,30.10,83.30
18517,30.10,83.20
18518,30.10,83.30
18519,30.10,83.30
18520,30.00,83.20
18521,30.10,83.30
18522,30.10,83.20
18523,30.10,83.30
18524,30.10,83.30
18525,30.10,83.20
18526,30.10,83.20
18527,30.10,83.30
18528,30.10,83.20
18529,30.10,83.30
18530,30.10,83.30
18531,30.10,83.20
18532,30.10,83.20
18533,30.10,83.20
18534,30.00,83.20
18535,30.10,83.30
18536,30.10,83.30
18537,30.10,83.30
18538,30.00,83.30
18539,30.10,83.20
18540,30.10,83.30
18541,30.10,83.30
18542,30.10,83.30
18543,30.10,83.30
18544,30.00,83.30
18545,30.10,83.30
18546,30.10,83.30
18547,30.10,83.30
18548,30.10,83.30
18549,30.10,83.30
18550,30.10,83.30
18551,30.10,83.30
18552,30.10,83.30
18553,30.10,83.30
18554,30.00,82.60
18555,30.10,83.30
18556,30.10,83.30
18557,30.10,83.30
18558,30.10,83.30
18559,30.10,83.20
18560,30.00,83.30
18561,30.10,83.30
18562,30.10,83.30
18563,30.10,83.30
18564,30.10,83.20
18565,30.10,83.30
18566,30.10,83.30
18567,30.10,83.30
18568,30.00,83.20
18569,30.10,83.30
18570,30.10,83.30
18571,30.10,83.30
18572,30.10,83.30
18573,30.10,83.30
18574,30.10,83.30
18575,30.10,83.30
18576,30.10,83.20
18577,30.10,83.30
18578,30.10,83.20
18579,30.10,83.20
18580,30.10,83.30
18581,30.10,83.30
18582,30.10,83.20
18583,30.10,83.20
18584,30.10,83.20
18585,30.10,83.30
18586,30.10,83.20
18587,30.10,83.30
18588,30.10,83.20
18589,30.10,83.20
18590,30.10,83.20
18591,30.00,83.30
18592,30.00,83.30
18593,30.10,83.20
18594,30.10,83.20
18595,30.10,83.30
18596,30.10,83.20
18597,30.10,83.20
18598,30.00,83.20
18599,30.10,83.20
18600,30.10,83.20
18601,30.10,83.20
18602,30.10,83.20
18603,30.10,83.20
18604,30.10,83.20
18605,30.10,83.20
18606,30.10,83.20
18607,30.10,83.30
18608,30.10,83.20
18609,30.10,83.20
18610,30.10,83.30
18611,30.10,83.20
18612,30.10,83.20
18613,30.10,83.20
18614,30.10,83.20
18615,30.10,83.20
18616,30.10,83.20
18617,30.10,83.20
18618,30.10,83.20
18619,30.10,83.20
18620,30.10,83.20
18621,30.10,83.20
18622,30.10,83.20
18623,30.10,83.20
18624,30.10,83.20
18625,30.10,83.20
18626,30.10,83.20
18627,30.10,83.20
18628,30.10,83.20
18629,30.10,83.20
18630,30.10,83.10
18631,30.10,83.20
18632,30.10,83.20
18633,30.10,83.20
18634,30.10,83.20
18635,30.10,83.20
18636,30.10,83.20
18637,30.10,83.20
18638,30.10,83.20
18639,30.10,83.20
18640,30.10,83.20
18641,30.10,83.20
18642,30.10,83.30
18643,30.10,83.20
18644,30.10,83.20
18645,30.10,83.20
18646,30.10,83.20
18647,30.10,83.20
18648,30.10,83.20
18649,30.10,83.20
18650,30.10,83.20
18651,30.10,83.30
18652,30.10,83.20
18653,30.10,83.30
18654,30.10,83.20
18655,30.10,83.20
18656,30.10,83.20
18657,30.10,83.20
18658,30.10,83.20
18659,30.10,83.20
18660,30.10,83.20
18661,30.10,83.20
18662,30.10,83.20
18663,30.10,83.20
18664,30.10,83.20
18665,30.10,83.20
18666,30.10,83.20
18667,30.10,83.20
18668,30.10,83.20
18669,30.10,83.20
18670,30.10,83.20
18671,30.10,83.20
18672,30.10,83.20
18673,30.10,83.20
18674,30.10,83.20
18675,30.10,83.20
18676,30.10,83.10
18677,30.10,83.20
18678,30.10,83.20
18679,30.10,83.20
18680,30.10,83.20
18681,30.10,83.20
18682,30.10,83.20
18683,30.10,83.20
18684,30.10,83.20
18685,30.10,83.20
18686,30.10,83.20
18687,30.10,83.20
18688,30.10,83.20
18689,30.10,83.20
18690,30.10,83.20
18691,30.10,83.20
18692,30.10,83.20
18693,30.10,83.20
18694,30.10,83.20
18695,30.10,83.10
18696,30.10,83.20
18697,30.10,83.20
18698,30.10,83.20
18699,30.10,83.20
18700,30.10,83.20
18701,30.10,83.30
18702,30.10,83.30
18703,30.10,83.20
18704,30.10,83.20
18705,30.10,83.20
18706,30.10,83.20
18707,30.10,83.20
18708,30.10,83.20
18709,30.10,83.20
18710,30.10,83.20
18711,30.10,83.20
18712,30.10,83.30
18713,30.10,83.20
18714,30.10,83.20
18715,30.10,83.20
18716,30.10,83.20
18717,30.10,83.20
18718,30.10,83.20
18719,30.10,83.20
18720,30.10,83.20
18721,30.10,83.20
18722,30.10,83.20
18723,30.10,83.20
18724,30.10,83.20
18725,30.10,83.20
18726,30.10,83.20
18727,30.10,83.20
18728,30.10,83.20
18729,30.10,83.30
18730,30.10,83.20
18731,30.10,83.20
18732,30.10,83.20
18733,30.10,83.10
18734,30.10,83.20
18735,30.10,83.20
18736,30.10,83.20
18737,30.10,83.10
18738,30.10,83.20
18739,30.10,83.20
18740,30.10,83.20
18741,30.10,83.20
18742,30.10,83.20
18743,30.10,83.20
18744,30.10,83.20
18745,30.00,83.20
18746,30.10,83.20
18747,30.10,83.20
18748,30.10,83.20
18749,30.10,83.20
18750,30.10,83.20
18751,30.10,83.20
18752,30.10,83.20
18753,30.10,83.20
18754,30.10,83.20
18755,30.10,83.20
18756,30.10,83.20
18757,30.10,83.20
18758,30.00,83.20
18759,30.10,83.20
18760,30.10,83.30
18761,30.10,83.20
18762,30.10,83.20
18763,30.10,83.20
18764,30.10,83.20
18765,30.10,83.30
18766,30.10,83.20
18767,30.10,83.20
18768,30.10,83.20
18769,30.10,83.20
18770,30.10,83.20
18771,30.10,83.20
18772,30.10,83.20
18773,30.10,83.30
18774,30.10,83.20
18775,30.10,83.20
18776,30.10,83.20
18777,30.10,83.30
18778,30.10,83.20
18779,30.10,83.20
18780,30.10,83.20
18781,30.10,83.20
18782,30.10,83.20
18783,30.10,83.20
18784,30.10,83.20
18785,30.10,83.20
18786,30.10,83.20
18787,30.10,83.20
18788,30.10,83.20
18789,30.10,83.20
18790,30.10,83.20
18791,30.10,83.20
18792,30.10,83.20
18793,30.10,83.20
18794,30.10,83.20
18795,30.10,83.20
18796,30.10,83.20
18797,30.10,83.20
18798,30.10,83.20
18799,30.10,83.20
18800,30.10,83.20
18801,30.10,83.20
18802,30.10,83.20
18803,30.10,83.20
18804,30.10,83.20
18805,30.10,83.30
18806,30.10,83.20
18807,30.10,83.20
18808,30.10,83.30
18809,30.10,83.20
18810,30.10,83.20
18811,30.10,83.20
18812,30.10,83.20
18813,30.10,83.20
18814,30.10,83.20
18815,30.10,83.20
18816,30.10,83.20
18817,30.10,83.20
18818,30.10,83.20
18819,30.10,83.20
18820,30.10,83.20
18821,30.10,83.20
18822,30.10,83.20
18823,30.10,83.20
18824,30.10,83.20
18825,30.10,83.20
18826,30.10,83.10
18827,30.10,83.20
18828,30.10,83.20
18829,30.10,83.20
18830,30.10,83.20
18831,30.10,83.20
18832,30.10,83.20
18833,30.10,83.20
18834,30.10,83.20
18835,30.10,83.20
18836,30.10,83.20
18837,30.10,83.20
18838,30.10,83.20
18839,30.10,83.20
18840,30.10,83.10
18841,30.10,83.20
18842,30.10,83.20
18843,30.10,83.20
18844,30.10,83.10
18845,30.10,83.20
18846,30.10,83.20
18847,30.10,83.20
18848,30.10,83.20
18849,30.10,83.20
18850,30.10,83.20
18851,30.10,83.20
18852,30.00,83.20
18853,30.10,83.20
18854,30.10,83.20
18855,30.10,83.20
18856,30.10,83.20
18857,30.10,83.20
18858,30.10,83.20
18859,30.10,83.20
18860,30.10,83.20
18861,30.10,83.20
18862,30.10,83.20
18863,30.10,83.20
18864,30.10,83.20
18865,30.10,83.20
18866,30.10,83.20
18867,30.10,83.10
18868,30.10,83.20
18869,30.10,83.20
18870,30.10,83.20
18871,30.10,83.30
18872,30.10,83.20
18873,30.10,83.30
18874,30.10,83.20
18875,30.10,83.20
18876,30.10,83.20
18877,30.10,83.20
18878,30.10,83.30
18879,30.10,83.20
18880,30.10,83.20
18881,30.10,83.20
18882,30.10,83.20
18883,30.10,83.20
18884,30.10,83.20
18885,30.10,83.30
18886,30.10,83.20
18887,30.10,83.20
18888,30.10,83.20
18889,30.10,83.20
18890,30.10,83.20
18891,30.10,83.20
18892,30.10,83.20
18893,30.10,83.20
18894,30.10,83.20
18895,30.10,83.20
18896,30.10,83.20
18897,30.10,83.20
18898,30.10,83.30
18899,30.10,83.20
18900,30.10,83.20
18901,30.10,83.20
18902,30.10,83.30
18903,30.10,83.20
18904,30.10,83.20
18905,30.10,83.30
18906,30.10,83.20
18907,30.10,83.20
18908,30.10,83.20
18909,30.10,83.20
18910,30.10,83.20
18911,30.10,83.30
18912,30.10,83.20
18913,30.10,83.20
18914,30.10,83.20
18915,30.10,83.30
18916,30.10,83.30
18917,30.10,83.30
18918,30.10,83.20
18919,30.00,83.20
18920,30.10,83.20
18921,30.10,83.20
18922,30.10,83.20
18923,30.10,83.20
18924,30.10,83.30
18925,30.10,83.20
18926,30.10,83.20
18927,30.10,83.20
18928,30.10,83.20
18929,30.10,83.20
18930,30.10,83.20
18931,30.10,83.20
18932,30.10,83.30
18933,30.10,83.20
18934,30.10,83.20
18935,30.10,83.30
18936,30.10,83.30
18937,30.10,83.20
18938,30.10,83.30
18939,30.10,83.20
18940,30.10,83.30
18941,30.10,83.20
18942,30.10,83.20
18943,30.10,83.30
18944,30.10,83.20
18945,30.10,83.20
18946,30.10,83.20
18947,30.10,83.20
18948,30.10,83.20
18949,30.10,83.20
18950,30.10,83.20
18951,30.10,83.20
18952,30.10,83.20
18953,30.10,83.20
18954,30.10,83.20
18955,30.10,83.20
18956,30.10,83.20
18957,30.10,83.10
18958,30.10,83.20
18959,30.10,83.20
18960,30.10,83.20
18961,30.10,83.30
18962,30.10,83.20
18963,30.10,83.20
18964,30.10,83.20
18965,30.10,83.20
18966,30.10,83.30
18967,30.10,83.20
18968,30.10,83.30
18969,30.10,83.20
18970,30.10,83.30
18971,30.10,83.20
18972,30.10,83.20
18973,30.10,83.20
18974,30.10,83.30
18975,30.10,83.30
18976,30.10,83.20
18977,30.10,83.30
18978,30.10,83.30
18979,30.10,83.20
18980,30.10,83.20
18981,30.10,83.20
18982,30.10,83.20
18983,30.10,83.20
18984,30.10,83.30
18985,30.10,83.20
18986,30.10,83.20
18987,30.10,83.20
18988,30.10,83.20
18989,30.10,83.20
18990,30.10,83.20
18991,30.10,83.20
18992,30.10,83.20
18993,30.10,83.30
18994,30.10,83.20
18995,30.10,83.20
18996,30.10,83.20
18997,30.10,83.20
18998,30.10,83.20
18999,30.10,83.10
19000,30.00,83.20
19001,30.10,83.20
19002,30.10,83.20
19003,30.10,83.20
19004,30.10,83.30
19005,30.10,83.20
19006,30.10,83.20
19007,30.10,83.20
19008,30.10,83.20
19009,30.10,83.20
19010,30.10,83.30
19011,30.10,83.20
19012,30.10,83.20
19013,30.10,83.20
19014,30.10,83.20
19015,30.10,83.20
19016,30.10,83.30
19017,30.10,83.20
19018,30.10,83.20
19019,30.10,83.20
19020,30.10,83.30
19021,30.10,83.20
19022,30.10,83.20
19023,30.10,83.20
19024,30.10,83.20
19025,30.10,83.20
19026,30.10,83.30
19027,30.10,83.20
19028,30.10,83.20
19029,30.10,83.30
19030,30.10,83.30
19031,30.10,83.20
19032,30.10,83.30
19033,30.10,83.20
19034,30.10,83.20
19035,30.10,83.30
19036,30.10,83.30
19037,30.10,83.20
19038,30.00,83.30
19039,30.10,83.30
19040,30.10,83.20
19041,30.10,83.30
19042,30.10,83.30
19043,30.10,83.30
19044,30.10,83.20
19045,30.10,83.30
19046,30.00,83.20
19047,30.10,83.30
19048,30.10,83.20
19049,30.10,83.30
19050,30.10,83.30
19051,30.10,83.30
19052,30.10,83.30
19053,30.10,83.20
19054,30.10,83.20
19055,30.10,83.20
19056,30.00,83.30
19057,30.10,83.20
19058,30.10,83.20
19059,30.10,83.20
19060,30.10,83.20
19061,30.10,83.20
19062,30.10,83.20
19063,30.10,83.20
19064,30.10,83.20
19065,30.10,83.20
19066,30.10,83.20
19067,30.10,83.20
19068,30.10,83.20
19069,30.10,83.20
19070,30.10,83.20
19071,30.10,83.20
19072,30.10,83.20
19073,30.10,83.20
19074,30.10,83.20
19075,30.10,83.20
19076,30.10,83.30
19077,30.10,83.20
19078,30.10,83.20
19079,30.10,83.30
19080,30.10,83.30
19081,30.10,83.20
19082,30.00,83.30
19083,30.10,83.30
19084,30.10,83.20
19085,30.10,83.20
19086,30.10,83.30
19087,30.10,83.20
19088,30.10,83.30
19089,30.10,83.20
19090,30.10,83.20
19091,30.10,83.20
19092,30.10,83.30
19093,30.10,83.20
19094,30.10,83.20
19095,30.10,83.20
19096,30.10,83.20
19097,30.10,83.30
19098,30.10,83.30
19099,30.10,83.30
19100,30.10,83.30
19101,30.10,83.30
19102,30.00,83.30
19103,30.10,83.30
19104,30.10,83.30
19105,30.10,83.20
19106,30.10,83.30
19107,30.00,83.30
19108,30.10,83.30
19109,30.10,83.30
19110,30.10,83.30
19111,30.10,83.30
19112,30.10,83.30
19113,30.10,83.20
19114,30.10,83.30
19115,30.10,83.20
19116,30.10,83.30
19117,30.10,83.20
19118,30.10,83.30
19119,30.10,83.30
19120,30.10,83.30
19121,30.10,83.30
19122,30.10,83.30
19123,30.10,83.20
19124,30.10,83.20
19125,30.10,83.30
19126,30.00,83.20
19127,30.10,83.30
19128,30.00,83.30
19129,30.10,83.30
19130,30.10,83.20
19131,30.10,83.30
19132,30.10,83.20
19133,30.00,83.30
19134,30.10,83.20
19135,30.10,83.20
19136,30.10,83.30
19137,30.10,83.20
19138,30.00,83.30
19139,30.10,83.30
19140,30.10,83.20
19141,30.10,83.30
19142,30.10,83.30
19143,30.10,83.20
19144,30.10,83.30
19145,30.00,83.30
19146,30.00,83.30
19147,30.10,83.30
19148,30.10,83.20
19149,30.10,83.30
19150,30.10,83.30
19151,30.10,83.20
19152,30.00,83.20
19153,30.10,83.30
19154,30.10,83.30
19155,30.10,83.30
19156,30.10,83.30
19157,30.00,83.20
19158,30.10,83.30
19159,30.10,83.30
19160,30.10,83.30
19161,30.10,83.20
19162,30.10,83.30
19163,30.10,83.20
19164,30.10,83.30
19165,30.10,83.20
19166,30.10,83.30
19167,30.10,83.20
19168,30.10,83.30
19169,30.10,83.20
19170,30.10,83.30
19171,30.10,83.30
19172,30.00,83.30
19173,30.10,83.30
19174,30.10,83.30
19175,30.10,83.20
19176,30.10,83.30
19177,30.10,83.30
19178,30.10,83.20
19179,30.10,83.30
19180,30.10,83.30
19181,30.10,83.30
19182,30.10,83.30
19183,30.10,83.30
19184,30.10,83.30
19185,30.10,83.20
19186,30.10,83.30
19187,30.10,83.30
19188,30.10,83.30
19189,30.10,83.20
19190,30.10,83.30
19191,30.10,83.30
19192,30.00,83.30
19193,30.10,83.30
19194,30.10,83.20
19195,30.10,83.30
19196,30.10,83.20
19197,30.10,83.30
19198,30.10,83.20
19199,30.10,83.30
19200,30.10,83.20
19201,30.10,83.30
19202,30.10,83.30
19203,30.10,83.30
19204,30.10,83.30
19205,30.10,83.20
19206,30.10,83.30
19207,30.00,83.30
19208,30.10,83.30
19209,30.10,83.20
19210,30.10,83.30
19211,30.10,83.30
19212,30.10,83.20
19213,30.10,83.30
19214,30.10,83.30
19215,30.10,83.30
19216,30.00,83.30
19217,30.10,83.20
19218,30.10,83.30
19219,30.10,83.30
19220,30.10,83.20
19221,30.10,83.30
19222,30.10,83.30
19223,30.10,83.30
19224,30.10,83.30
19225,30.10,83.30
19226,30.10,83.30
19227,30.10,83.30
19228,30.10,83.30
19229,30.00,83.20
19230,30.10,83.20
19231,30.10,83.30
19232,30.10,83.30
19233,30.10,83.30
19234,30.10,83.30
19235,30.10,83.30
19236,30.10,83.20
19237,30.10,83.20
19238,30.10,83.30
19239,30.10,83.20
19240,30.10,83.20
19241,30.10,83.30
19242,30.10,83.30
19243,30.10,83.30
19244,30.10,83.30
19245,30.10,83.30
19246,30.10,83.30
19247,30.10,83.20
19248,30.10,83.30
19249,30.10,83.20
19250,30.10,83.30
19251,30.10,83.30
19252,30.10,83.30
19253,30.10,83.30
19254,30.10,83.30
19255,30.10,83.30
19256,30.10,83.30
19257,30.10,83.30
19258,30.00,83.20
19259,30.10,83.30
19260,30.10,83.30
19261,30.10,83.30
19262,30.10,83.30
19263,30.10,83.30
19264,30.10,83.30
19265,30.10,83.30
19266,30.10,83.30
19267,30.10,83.20
19268,30.10,83.30
19269,30.10,83.30
19270,30.10,83.30
19271,30.10,83.30
19272,30.10,83.30
19273,30.10,83.30
19274,30.10,83.30
19275,30.10,83.30
19276,30.10,83.30
19277,30.10,83.30
19278,30.10,83.30
19279,30.10,83.20
19280,30.10,83.30
19281,30.10,83.30
19282,30.10,83.20
19283,30.10,83.30
19284,30.10,83.30
19285,30.10,83.30
19286,30.10,83.30
19287,30.10,83.30
19288,30.10,83.20
19289,30.10,83.20
19290,30.10,83.20
19291,30.10,83.20
19292,30.10,83.20
19293,30.10,83.30
19294,30.10,83.30
19295,30.10,83.30
19296,30.00,83.30
19297,30.10,83.30
19298,30.10,83.30
19299,30.10,83.20
19300,30.10,83.20
19301,30.00,83.30
19302,30.10,83.20
19303,30.10,83.30
19304,30.10,83.30
19305,30.10,83.30
19306,30.10,83.30
19307,30.10,83.20
19308,30.10,83.20
19309,30.10,83.30
19310,30.10,83.30
19311,30.10,83.30
19312,30.10,83.30
19313,30.10,83.30
19314,30.10,83.30
19315,30.10,83.30
19316,30.00,83.30
19317,30.10,83.30
19318,30.10,83.40
19319,30.10,83.30
19320,30.10,83.30
19321,30.10,83.40
19322,30.00,83.30
19323,30.10,83.30
19324,30.00,83.30
19325,30.10,83.30
19326,30.10,83.30
19327,30.00,83.30
19328,30.10,83.30
19329,30.00,83.30
19330,30.10,83.30
19331,30.00,82.70
19332,30.10,83.30
19333,30.00,83.30
19334,30.10,83.30
19335,30.10,83.30
19336,30.10,83.40
19337,30.10,83.30
19338,30.00,83.30
19339,30.00,83.30
19340,30.10,83.40
19341,30.10,83.30
19342,30.00,83.30
19343,30.10,83.30
19344,30.00,83.30
19345,30.00,83.30
19346,30.10,83.30
19347,30.10,83.30
19348,30.10,83.30
19349,30.10,83.30
19350,30.00,83.30
19351,30.10,83.30
19352,30.00,83.30
19353,30.10,83.30
19354,30.10,83.30
19355,30.10,83.40
19356,30.10,83.30
19357,30.10,83.30
19358,30.10,83.30
19359,30.10,83.30
19360,30.10,83.30
19361,30.00,83.30
19362,30.10,83.30
19363,30.00,83.40
19364,30.10,83.40
19365,30.10,83.30
19366,30.00,83.30
19367,30.10,83.30
19368,30.00,83.30
19369,30.10,83.30
19370,30.00,83.30
19371,30.10,83.30
19372,30.10,83.30
19373,30.10,83.30
19374,30.10,83.30
19375,30.10,83.30
19376,30.00,82.70
19377,30.00,83.30
19378,30.10,83.30
19379,30.00,83.30
19380,30.10,83.30
19381,30.10,83.30
19382,30.10,83.30
19383,30.10,83.30
19384,30.10,83.40
19385,30.10,83.30
19386,30.10,83.30
19387,30.10,83.30
19388,30.10,83.30
19389,30.10,83.30
19390,30.00,83.40
19391,30.10,83.30
19392,30.00,83.40
19393,30.10,83.30
19394,30.10,83.30
19395,30.10,83.30
19396,30.00,83.30
19397,30.10,83.30
19398,30.00,83.30
19399,30.10,83.30
19400,30.10,83.30
19401,30.00,83.30
19402,30.10,83.30
19403,30.00,83.30
19404,30.10,83.30
19405,30.10,83.30
19406,30.10,83.40
19407,30.10,83.30
19408,30.10,83.30
19409,30.00,83.30
19410,30.10,83.30
19411,30.10,83.30
19412,30.00,83.30
19413,30.10,83.30
19414,30.10,83.30
19415,30.10,83.30
19416,30.10,83.30
19417,30.10,83.30
19418,30.10,83.30
19419,30.00,82.70
19420,30.00,83.30
19421,30.10,83.40
19422,30.10,83.40
19423,30.10,83.30
19424,30.10,83.30
19425,30.10,83.30
19426,30.10,83.40
19427,30.00,83.30
19428,30.10,83.30
19429,30.10,83.30
19430,30.10,83.30
19431,30.10,83.30
19432,30.10,83.40
19433,30.10,83.30
19434,30.10,83.30
19435,30.10,83.30
19436,30.10,83.30
19437,30.10,83.30
19438,30.10,83.30
19439,30.10,83.30
19440,30.10,83.30
19441,30.10,83.30
19442,30.10,83.30
19443,30.10,83.30
19444,30.10,83.30
19445,30.10,83.30
19446,30.00,83.30
19447,30.00,83.30
19448,30.10,83.40
19449,30.10,83.40
19450,30.10,83.30
19451,30.00,83.30
19452,30.10,83.40
19453,30.10,83.30
19454,30.00,83.30
19455,30.00,83.30
19456,30.00,83.30
19457,30.00,83.30
19458,30.00,83.40
19459,30.10,83.30
19460,30.10,83.30
19461,30.10,83.30
19462,30.10,83.30
19463,30.10,83.30
19464,30.10,83.30
19465,30.10,83.30
19466,30.10,83.30
19467,30.10,83.30
19468,30.00,83.30
19469,30.00,83.30
19470,30.10,83.30
19471,30.00,83.30
19472,30.10,83.30
19473,30.10,83.30
19474,30.10,83.30
19475,30.00,83.30
19476,30.00,83.30
19477,30.10,83.30
19478,30.10,83.30
19479,30.00,83.30
19480,30.10,83.40
19481,30.10,83.40
19482,30.10,83.40
19483,30.10,83.30
19484,30.10,83.40
19485,30.10,83.40
19486,30.10,83.30
19487,30.10,83.30
19488,30.10,83.30
19489,30.10,83.30
19490,30.00,83.30
19491,30.00,83.30
19492,30.10,83.30
19493,30.10,83.30
19494,30.00,83.30
19495,30.00,83.40
19496,30.00,83.30
19497,30.10,83.30
19498,30.10,83.30
19499,30.00,83.40
19500,30.00,83.30
19501,30.00,83.40
19502,30.00,83.30
19503,30.10,83.40
19504,30.10,83.30
19505,30.10,83.30
19506,30.00,83.30
19507,30.10,83.30
19508,30.00,83.30
19509,30.00,83.30
19510,30.00,82.70
19511,30.10,83.30
19512,30.10,83.30
19513,30.00,83.30
19514,30.10,83.40
19515,30.00,83.30
19516,30.10,83.40
19517,30.10,83.40
19518,30.10,83.30
19519,30.00,83.30
19520,30.00,83.40
19521,30.10,83.30
19522,30.10,83.30
19523,30.10,83.30
19524,30.10,83.30
19525,30.10,83.30
19526,30.10,83.40
19527,30.00,83.40
19528,30.00,82.70
19529,30.00,83.30
19530,30.00,83.30
19531,30.00,83.40
19532,30.10,83.30
19533,30.10,83.30
19534,30.10,83.30
19535,30.10,83.30
19536,30.00,83.30
19537,30.10,83.40
19538,30.00,83.30
19539,30.00,83.30
19540,30.10,83.30
19541,30.00,82.70
19542,30.00,83.40
19543,30.10,83.40
19544,30.10,83.30
19545,30.00,83.30
19546,30.00,83.30
19547,30.10,83.30
19548,30.10,83.30
19549,30.10,83.30
19550,30.10,83.30
19551,30.00,83.30
19552,30.10,83.40
19553,30.00,83.30
19554,30.10,83.30
19555,30.10,83.30
19556,30.00,83.30
19557,30.10,83.30
19558,30.10,83.30
19559,30.10,83.30
19560,30.10,83.40
19561,30.00,83.30
19562,30.00,83.30
19563,30.10,83.30
19564,30.10,83.40
19565,30.00,83.30
19566,30.10,83.30
19567,30.10,83.30
19568,30.00,83.30
19569,30.00,83.30
19570,30.00,83.30
19571,30.00,83.30
19572,30.10,83.30
19573,30.10,83.30
19574,30.10,83.40
19575,30.10,83.30
19576,30.00,82.70
19577,30.10,83.30
19578,30.00,83.30
19579,30.00,83.40
19580,30.00,83.30
19581,30.00,82.70
19582,30.00,83.30
19583,30.10,83.30
19584,30.10,83.30
19585,30.00,83.30
19586,30.10,83.30
19587,30.00,83.30
19588,30.10,83.30
19589,30.10,83.40
19590,30.00,83.30
19591,30.10,83.40
19592,30.00,83.30
19593,30.00,82.70
19594,30.00,83.40
19595,30.10,83.30
19596,30.00,83.30
19597,30.10,83.40
19598,30.10,83.30
19599,30.10,83.30
19600,30.10,83.30
19601,30.10,83.40
19602,30.10,83.30
19603,30.00,83.40
19604,30.00,83.30
19605,30.10,83.30
19606,30.10,83.40
19607,30.10,83.40
19608,30.10,83.30
19609,30.00,83.30
19610,30.10,83.30
19611,30.00,83.30
19612,30.00,83.30
19613,30.10,83.30
19614,30.00,83.40
19615,30.00,83.30
19616,30.10,83.30
19617,30.10,83.40
19618,30.10,83.30
19619,30.10,83.30
19620,30.10,83.40
19621,30.00,83.40
19622,30.00,83.30
19623,30.00,83.30
19624,30.10,83.40
19625,30.10,83.30
19626,30.00,83.30
19627,30.10,83.30
19628,30.10,83.30
19629,30.10,83.30
19630,30.00,83.30
19631,30.00,83.30
19632,30.00,83.30
19633,30.10,83.30
19634,30.10,83.30
19635,30.00,82.70
19636,30.10,83.30
19637,30.10,83.30
19638,30.10,83.30
19639,30.10,83.30
19640,30.00,82.70
19641,30.10,83.30
19642,30.00,82.70
19643,30.10,83.30
19644,30.10,83.40
19645,30.10,83.30
19646,30.10,83.30
19647,30.00,82.70
19648,30.10,83.30
19649,30.00,83.30
19650,30.00,83.30
19651,30.10,83.30
19652,30.00,83.30
19653,30.10,83.30
19654,30.00,83.30
19655,30.00,83.40
19656,30.10,83.30
19657,30.00,83.30
19658,30.00,83.30
19659,30.10,83.40
19660,30.00,83.30
19661,30.00,83.30
19662,30.10,83.30
19663,30.00,83.40
19664,30.00,83.40
19665,30.10,83.30
19666,30.10,83.40
19667,30.00,83.30
19668,30.10,83.30
19669,30.00,83.30
19670,30.00,83.40
19671,30.10,83.30
19672,30.00,83.40
19673,30.00,83.30
19674,30.00,83.40
19675,30.00,82.70
19676,30.00,82.70
19677,30.10,83.30
19678,30.00,83.30
19679,30.00,83.40
19680,30.00,83.40
19681,30.10,83.30
19682,30.00,82.70
19683,30.00,83.40
19684,30.10,83.30
19685,30.00,83.30
19686,30.00,83.40
19687,30.10,83.30
19688,30.00,82.70
19689,30.10,83.40
19690,30.10,83.30
19691,30.00,83.30
19692,30.00,83.30
19693,30.00,83.40
19694,30.00,83.30
19695,30.10,83.40
19696,30.00,82.70
19697,30.00,83.40
19698,30.00,83.30
19699,30.10,83.40
19700,30.10,83.40
19701,30.10,83.30
19702,30.00,83.30
19703,30.00,83.30
19704,30.10,83.30
19705,30.10,83.40
19706,30.00,83.40
19707,30.10,83.30
19708,30.10,83.30
19709,30.00,83.30
19710,30.00,83.30
19711,30.00,83.30
19712,30.10,83.40
19713,30.10,83.40
19714,30.10,83.30
19715,30.00,83.40
19716,30.10,83.30
19717,30.10,83.40
19718,30.10,83.30
19719,30.10,83.30
19720,30.00,83.40
19721,30.10,83.40
19722,30.10,83.40
19723,30.10,83.30
19724,30.10,83.30
19725,30.00,82.60
19726,30.00,83.30
19727,30.10,83.40
19728,30.00,83.40
19729,30.00,83.30
19730,30.10,83.30
19731,30.00,83.40
19732,30.10,83.40
19733,30.00,83.30
19734,30.10,83.30
19735,30.00,83.30
19736,30.10,83.40
19737,30.00,83.30
19738,30.00,83.40
19739,30.10,83.40
19740,30.00,83.40
19741,30.10,83.40
19742,30.00,83.40
19743,30.00,82.70
19744,30.00,83.30
19745,30.10,83.40
19746,30.00,83.40
19747,30.00,83.30
19748,30.00,83.40
19749,30.00,83.30
19750,30.00,83.40
19751,30.10,83.40
19752,30.10,83.40
19753,30.10,83.40
19754,30.10,83.40
19755,30.10,83.40
19756,30.10,83.40
19757,30.10,83.40
19758,30.00,83.30
19759,30.00,83.40
19760,30.00,83.40
19761,30.00,83.40
19762,30.10,83.30
19763,30.10,83.40
19764,30.00,83.40
19765,30.00,83.40
19766,30.00,83.40
19767,30.10,83.40
19768,30.10,83.30
19769,30.00,82.70
19770,30.10,83.30
19771,30.00,83.30
19772,30.10,83.40
19773,30.00,83.40
19774,30.10,83.30
19775,30.10,83.30
19776,30.00,83.40
19777,30.00,83.30
19778,30.00,83.30
19779,30.10,83.40
19780,30.00,82.70
19781,30.00,83.40
19782,30.00,83.40
19783,30.10,83.40
19784,30.00,83.30
19785,30.00,82.70
19786,30.10,83.40
19787,30.10,83.40
19788,30.10,83.30
19789,30.10,83.40
19790,30.00,83.30
19791,30.10,83.40
19792,30.10,83.30
19793,30.10,83.30
19794,30.00,83.40
19795,30.10,83.40
19796,30.00,83.40
19797,30.10,83.30
19798,30.10,83.30
19799,30.10,83.40
19800,30.00,83.40
19801,30.00,83.40
19802,30.10,83.40
19803,30.00,83.40
19804,30.00,83.40
19805,30.00,83.40
19806,30.00,83.40
19807,30.00,82.70
19808,30.00,83.40
19809,30.00,83.40
19810,30.10,83.40
19811,30.00,83.40
19812,30.10,83.40
19813,30.10,83.40
19814,30.10,83.40
19815,30.00,83.40
19816,30.10,83.40
19817,30.00,82.70
19818,30.00,83.30
19819,30.10,83.40
19820,30.00,83.30
19821,30.10,83.30
19822,30.00,82.70
19823,30.10,83.30
19824,30.10,83.30
19825,30.10,83.40
19826,30.10,83.30
19827,30.10,83.40
19828,30.00,82.70
19829,30.10,83.30
19830,30.10,83.40
19831,30.00,83.30
19832,30.00,83.40
19833,30.00,83.40
19834,30.00,83.30
19835,30.10,83.40
19836,30.10,83.30
19837,30.10,83.30
19838,30.00,83.40
19839,30.10,83.40
19840,30.10,83.40
19841,30.00,83.40
19842,30.00,82.70
19843,30.10,83.40
19844,30.10,83.40
19845,30.10,83.40
19846,30.10,83.30
19847,30.10,83.40
19848,30.00,82.70
19849,30.10,83.40
19850,30.00,83.40
19851,30.00,83.40
19852,30.00,83.40
19853,30.00,83.40
19854,30.00,82.70
19855,30.00,82.70
19856,30.10,83.40
19857,30.00,83.30
19858,30.10,83.40
19859,30.00,83.40
19860,30.00,83.40
19861,30.00,83.40
19862,30.00,83.40
19863,30.00,83.40
19864,30.10,83.40
19865,30.10,83.40
19866,30.10,83.40
19867,30.00,82.70
19868,30.00,83.40
19869,30.00,83.30
19870,30.00,83.40
19871,30.00,83.40
19872,30.00,83.40
19873,30.00,82.70
19874,30.10,83.40
19875,30.00,83.40
19876,30.00,82.70
19877,30.00,82.70
19878,30.00,82.70
19879,30.00,83.30
19880,30.10,83.20
19881,30.00,83.10
19882,30.00,83.20
19883,30.00,83.20
19884,30.00,83.20
19885,30.00,82.60
19886,30.00,83.30
19887,30.10,83.30
19888,30.00,83.20
19889,30.00,82.60
19890,30.00,82.60
19891,30.00,82.60
19892,30.00,83.30
19893,30.00,82.60
19894,30.00,82.60
19895,30.00,82.60
19896,30.00,82.60
19897,30.00,83.20
19898,30.00,83.20
19899,30.00,82.60
19900,30.00,83.20
19901,30.00,82.60
19902,30.00,83.20
19903,30.00,82.60
19904,30.00,82.60
19905,30.00,82.60
19906,30.00,82.60
19907,30.00,82.60
19908,30.00,82.60
19909,30.00,83.30
19910,30.00,82.60
19911,30.00,83.20
19912,30.00,82.50
19913,30.00,82.60
19914,30.00,83.20
19915,30.00,82.60
19916,30.00,83.20
19917,30.00,83.20
19918,30.00,82.60
19919,30.00,83.20
19920,30.00,82.60
19921,30.00,83.20
19922,30.00,82.60
19923,30.00,82.50
19924,30.00,82.60
19925,30.00,82.60
19926,30.00,83.20
19927,30.00,82.60
19928,30.00,82.50
19929,30.00,83.20
19930,30.00,83.20
19931,30.00,83.20
19932,30.00,82.60
19933,30.00,83.20
19934,30.00,82.50
19935,30.00,82.60
19936,30.00,83.20
19937,30.00,83.20
19938,30.00,83.20
19939,30.00,83.20
19940,30.00,83.10
19941,30.00,83.20
19942,30.00,83.20
19943,30.00,82.50
19944,30.00,82.60
19945,30.00,83.20
19946,30.00,83.20
19947,30.00,83.20
19948,30.00,82.50
19949,30.00,82.60
19950,30.00,83.20
19951,30.00,83.10
19952,30.00,83.20
19953,30.00,83.20
19954,30.00,83.10
19955,30.00,82.50
19956,30.00,82.50
19957,30.00,82.50
19958,30.00,83.10
19959,30.00,82.50
19960,30.00,83.20
19961,30.00,83.10
19962,30.00,83.10
19963,30.00,83.10
19964,30.00,82.50
19965,30.00,82.50
19966,30.00,82.50
19967,30.00,83.10
19968,30.00,83.10
19969,30.00,83.20
19970,30.00,82.50
19971,30.10,83.20
19972,30.00,83.10
19973,30.00,82.50
19974,30.00,82.50
19975,30.00,82.50
19976,30.00,82.40
19977,30.00,83.10
19978,30.00,83.20
19979,30.00,82.50
19980,30.00,82.50
19981,30.00,82.50
19982,30.10,83.10
19983,30.00,82.50
19984,30.00,82.40
19985,30.00,83.10
19986,30.00,82.50
19987,30.00,82.50
19988,30.00,82.50
19989,30.00,83.10
19990,30.00,83.20
19991,30.00,83.10
19992,30.00,82.50
19993,30.00,82.50
19994,30.00,83.10
19995,30.00,82.50
19996,30.00,82.50
19997,30.00,83.10
19998,30.00,82.50
19999,30.10,83.10
20000,30.00,82.50
20001,30.00,83.10
20002,30.00,82.40
20003,30.00,82.50
20004,30.00,82.50
20005,30.00,83.10
20006,30.00,83.20
20007,30.00,83.10
20008,30.00,82.40
20009,30.00,83.10
20010,30.00,82.40
20011,30.00,83.10
20012,30.00,82.40
20013,30.00,83.10
20014,30.00,83.10
20015,30.00,82.40
20016,30.00,83.00
20017,30.00,82.40
20018,30.10,83.10
20019,30.00,83.10
20020,30.00,82.50
20021,30.00,82.50
20022,30.00,83.10
20023,30.00,83.10
20024,30.00,83.10
20025,30.00,83.00
20026,30.00,82.50
20027,30.00,82.50
20028,30.00,82.50
20029,30.00,82.40
20030,30.00,83.10
20031,30.00,83.00
20032,30.00,83.10
20033,30.00,82.40
20034,30.00,82.40
20035,30.10,83.00
20036,30.00,83.10
20037,30.00,82.40
20038,30.10,83.10
20039,30.00,82.40
20040,30.00,82.40
20041,30.00,82.40
20042,30.00,82.50
20043,30.00,83.10
20044,30.00,82.40
20045,30.00,83.00
20046,30.00,82.40
20047,30.00,82.40
20048,30.00,82.40
20049,30.00,82.40
20050,30.00,82.40
20051,30.00,83.10
20052,30.00,82.40
20053,30.00,82.40
20054,30.00,83.00
20055,30.00,82.40
20056,30.00,82.40
20057,30.00,83.00
20058,30.00,82.40
20059,30.00,82.40
20060,30.00,83.00
20061,30.10,83.10
20062,30.10,83.00
20063,30.00,82.40
20064,30.00,82.40
20065,30.00,82.40
20066,30.00,83.00
20067,30.00,83.10
20068,30.00,82.40
20069,30.00,83.10
20070,30.00,82.40
20071,30.00,83.00
20072,30.00,82.30
20073,30.00,82.40
20074,30.00,82.40
20075,30.00,82.40
20076,30.00,82.40
20077,30.00,82.40
20078,30.00,83.00
20079,30.00,83.00
20080,30.00,83.00
20081,30.00,82.30
20082,30.00,82.40
20083,30.00,83.00
20084,30.00,83.00
20085,30.00,82.40
20086,30.00,82.40
20087,30.00,82.40
20088,30.00,83.10
20089,30.00,83.00
20090,30.00,83.00
20091,30.00,82.30
20092,30.00,82.40
20093,30.00,83.00
20094,30.00,82.40
20095,30.00,82.40
20096,30.00,83.00
20097,30.00,82.90
20098,30.00,82.40
20099,30.00,83.00
20100,30.00,82.40
20101,30.00,82.40
20102,30.00,83.00
20103,30.00,83.00
20104,30.00,82.40
20105,30.00,82.40
20106,30.00,83.00
20107,30.00,83.00
20108,30.00,82.30
20109,30.00,82.40
20110,30.00,82.30
20111,30.00,83.00
20112,30.00,82.30
20113,30.00,82.40
20114,30.00,82.30
20115,30.00,83.00
20116,30.00,82.30
20117,30.00,82.40
20118,30.00,83.00
20119,30.00,82.30
20120,30.10,82.90
20121,30.00,83.00
20122,30.00,82.90
20123,30.00,83.00
20124,30.10,83.00
20125,30.00,83.00
20126,30.00,82.40
20127,30.10,83.00
20128,30.00,83.00
20129,30.00,83.00
20130,30.00,82.30
20131,30.00,82.30
20132,30.10,82.90
20133,30.00,82.30
20134,30.00,83.00
20135,30.00,83.00
20136,30.00,83.00
20137,30.00,83.00
20138,30.00,82.30
20139,30.00,83.00
20140,30.00,82.30
20141,30.00,83.00
20142,30.00,83.00
20143,30.00,82.30
20144,30.00,83.00
20145,30.00,82.30
20146,30.00,83.00
20147,30.00,82.90
20148,30.00,82.30
20149,30.00,82.90
20150,30.00,82.30
20151,30.00,82.30
20152,30.00,82.40
20153,30.00,82.30
20154,30.00,82.30
20155,30.00,82.90
20156,30.00,82.30
20157,30.00,82.90
20158,30.00,82.30
20159,30.00,82.30
20160,30.00,83.00
20161,30.00,82.90
20162,30.00,82.30
20163,30.00,83.00
20164,30.00,83.00
20165,30.00,82.30
20166,30.00,82.90
20167,30.00,82.90
20168,30.00,83.00
20169,30.00,82.90
20170,30.00,82.30
20171,30.00,82.30
20172,30.00,82.30
20173,30.00,82.30
20174,30.00,82.90
20175,30.00,82.90
20176,30.00,82.30
20177,30.00,82.90
20178,30.00,82.90
20179,30.00,82.90
20180,30.00,82.90
20181,30.00,83.00
20182,30.00,82.30
20183,30.00,82.30
20184,30.00,82.30
20185,30.00,83.00
20186,30.00,82.30
20187,30.00,82.30
20188,30.00,82.30
20189,30.00,82.90
20190,30.00,83.00
20191,30.00,82.30
20192,30.00,82.30
20193,30.10,82.90
20194,30.00,82.30
20195,30.00,82.30
20196,30.00,82.30
20197,30.00,82.30
20198,30.00,83.00
20199,30.00,82.30
20200,30.00,82.30
20201,30.00,82.30
20202,30.00,82.30
20203,30.00,83.00
20204,30.00,82.30
20205,30.00,82.90
20206,30.00,82.30
20207,30.00,83.00
20208,30.00,82.30
20209,30.00,82.30
20210,30.00,82.30
20211,30.00,82.30
20212,30.00,83.00
20213,30.00,82.30
20214,30.00,82.90
20215,30.00,82.20
20216,30.00,82.90
20217,30.00,82.90
20218,30.00,82.30
20219,30.00,82.30
20220,30.00,82.30
20221,30.00,82.90
20222,30.00,82.30
20223,30.00,82.20
20224,30.00,82.30
20225,30.00,82.20
20226,30.00,82.90
20227,30.00,82.30
20228,30.00,82.20
20229,30.00,82.90
20230,30.00,82.90
20231,30.00,82.90
20232,30.00,82.20
20233,30.00,82.30
20234,30.00,82.30
20235,30.00,82.30
20236,30.00,82.30
20237,30.00,82.30
20238,30.00,82.30
20239,30.00,82.30
20240,30.00,82.20
20241,30.00,82.20
20242,30.00,82.90
20243,30.00,82.90
20244,30.00,82.30
20245,30.00,82.30
20246,30.00,82.30
20247,30.00,82.90
20248,30.00,82.90
20249,30.00,82.20
20250,30.00,82.20
20251,30.00,82.30
20252,30.00,82.20
20253,30.00,82.30
20254,30.00,82.90
20255,30.00,82.90
20256,30.00,82.90
20257,30.00,82.30
20258,30.00,82.90
20259,30.10,82.90
20260,30.00,82.90
20261,30.00,82.90
20262,30.00,82.30
20263,30.00,82.20
20264,30.00,82.30
20265,30.00,82.30
20266,30.00,82.20
20267,30.00,82.90
20268,30.00,82.30
20269,30.00,82.20
20270,30.00,82.20
20271,30.00,82.20
20272,30.00,82.30
20273,30.00,82.20
20274,30.00,82.20
20275,30.00,82.20
20276,30.00,82.90
20277,30.00,82.30
20278,30.00,82.90
20279,30.00,82.30
20280,30.00,82.20
20281,30.00,82.20
20282,30.00,82.20
20283,30.00,82.20
20284,30.00,82.20
20285,30.00,82.90
20286,30.00,82.30
20287,30.00,82.30
20288,30.00,82.20
20289,30.00,82.20
20290,30.00,82.30
20291,30.00,82.90
20292,30.00,82.90
20293,30.00,82.20
20294,30.00,82.20
20295,30.00,82.80
20296,30.00,82.90
20297,30.00,82.90
20298,30.00,82.20
20299,30.00,82.90
20300,30.00,82.20
20301,30.00,82.20
20302,30.00,82.80
20303,30.00,82.20
20304,30.00,82.30
20305,30.00,82.20
20306,30.00,82.20
20307,30.00,82.80
20308,30.00,82.20
20309,30.00,82.30
20310,30.00,82.20
20311,30.00,82.30
20312,30.00,82.30
20313,30.00,82.30
20314,30.00,82.30
20315,30.00,82.20
20316,30.00,82.20
20317,30.00,82.20
20318,30.00,82.20
20319,30.00,82.90
20320,30.00,82.20
20321,30.00,82.80
20322,30.00,82.20
20323,30.00,82.20
20324,30.00,82.20
20325,30.00,82.20
20326,30.00,82.20
20327,30.00,82.20
20328,30.00,82.20
20329,30.00,82.30
20330,30.00,82.20
20331,30.00,82.20
20332,30.00,82.30
20333,30.00,82.20
20334,30.00,82.90
20335,30.00,82.20
20336,30.00,82.20
20337,30.00,82.20
20338,30.00,82.30
20339,30.00,82.20
20340,30.00,82.90
20341,30.00,82.90
20342,30.00,82.20
20343,30.00,82.30
20344,30.00,82.30
20345,30.00,82.20
20346,30.00,82.20
20347,30.00,82.90
20348,30.00,82.20
20349,30.00,82.20
20350,30.00,82.90
20351,30.00,82.20
20352,30.00,82.20
20353,30.00,82.30
20354,30.00,82.20
20355,30.00,82.20
20356,30.00,82.20
20357,30.00,82.80
20358,30.00,82.80
20359,30.00,82.20
20360,30.00,82.20
20361,30.00,82.90
20362,30.00,82.20
20363,30.00,82.80
20364,30.00,82.20
20365,30.00,82.10
20366,30.00,82.20
20367,30.00,82.20
20368,30.00,82.80
20369,30.00,82.20
20370,30.00,82.20
20371,30.00,82.20
20372,30.00,82.80
20373,30.00,82.20
20374,30.00,82.20
20375,30.00,82.20
20376,30.00,82.20
20377,30.00,82.30
20378,30.00,82.20
20379,30.00,82.20
20380,30.00,82.20
20381,30.00,82.20
20382,30.00,82.20
20383,30.00,82.20
20384,30.00,82.20
20385,30.00,82.10
20386,30.00,82.20
20387,30.00,82.80
20388,30.00,82.20
20389,30.00,82.80
20390,30.00,82.10
20391,30.00,82.20
20392,30.00,82.20
20393,30.00,82.10
20394,30.00,82.20
20395,30.00,82.80
20396,30.00,82.80
20397,30.00,82.20
20398,30.00,82.10
20399,30.00,82.20
20400,30.00,82.10
20401,30.10,82.80
20402,30.00,82.20
20403,30.00,82.20
20404,30.00,82.80
20405,30.00,82.70
20406,30.00,82.10
20407,30.00,82.10
20408,30.00,82.20
20409,30.10,82.80
20410,30.00,82.20
20411,30.00,82.20
20412,30.00,82.20
20413,30.00,82.10
20414,30.00,82.80
20415,30.00,82.10
20416,30.00,82.80
20417,30.00,82.10
20418,30.00,82.10
20419,30.00,82.20
20420,30.00,82.80
20421,30.00,82.20
20422,30.00,82.80
20423,30.00,82.20
20424,30.00,82.10
20425,30.00,82.20
20426,30.00,82.20
20427,30.00,82.80
20428,30.00,82.80
20429,30.00,82.20
20430,30.00,82.20
20431,30.00,82.80
20432,30.00,82.20
20433,30.00,82.80
20434,30.00,82.20
20435,30.00,82.10
20436,30.00,82.10
20437,30.00,82.20
20438,30.00,82.20
20439,30.00,82.10
20440,30.00,82.10
20441,30.00,82.10
20442,30.00,82.20
20443,30.00,82.20
20444,30.00,82.80
20445,30.00,82.10
20446,30.00,82.80
20447,30.00,82.20
20448,30.00,82.20
20449,30.00,82.10
20450,30.00,82.10
20451,30.00,82.10
20452,30.00,82.10
20453,30.00,82.80
20454,30.00,82.10
20455,30.00,82.20
20456,30.00,82.10
20457,30.00,82.80
20458,30.00,82.10
20459,30.00,82.10
20460,30.00,82.10
20461,30.00,82.10
20462,30.00,82.10
20463,30.00,82.10
20464,30.00,82.20
20465,30.00,82.80
20466,30.00,82.10
20467,30.00,82.10
20468,30.00,82.10
20469,30.00,82.10
20470,30.00,82.20
20471,30.00,82.20
20472,30.00,82.20
20473,30.00,82.10
20474,30.00,82.80
20475,30.00,82.80
20476,30.00,82.10
20477,30.00,82.10
20478,30.00,82.10
20479,30.00,82.10
20480,30.00,82.10
20481,30.00,82.20
20482,30.00,82.20
20483,30.00,82.20
20484,30.00,82.10
20485,30.00,82.20
20486,30.00,82.20
20487,30.00,82.10
20488,30.00,82.20
20489,30.00,82.10
20490,30.00,82.20
20491,30.00,82.20
20492,30.00,82.10
20493,30.00,82.20
20494,30.00,82.10
20495,30.00,82.10
20496,30.00,82.10
20497,30.00,82.10
20498,30.00,82.20
20499,30.00,82.10
20500,30.00,82.10
20501,30.00,82.10
20502,30.00,82.10
20503,30.00,82.10
20504,30.00,82.10
20505,30.00,82.10
20506,30.00,82.20
20507,30.00,82.10
20508,30.00,82.20
20509,30.00,82.10
20510,30.00,82.10
20511,30.00,82.10
20512,30.00,82.20
20513,30.00,82.10
20514,30.00,82.10
20515,30.00,82.10
20516,30.00,82.10
20517,30.00,82.20
20518,30.00,82.20
20519,30.00,82.20
20520,30.00,82.10
20521,30.00,82.10
20522,30.00,82.10
20523,30.00,82.10
20524,30.00,82.10
20525,30.00,82.20
20526,30.00,82.10
20527,30.00,82.10
20528,30.00,82.10
20529,30.00,82.10
20530,30.00,82.10
20531,30.00,82.10
20532,30.00,82.20
20533,30.00,82.10
20534,30.00,82.10
20535,30.00,82.10
20536,30.00,82.10
20537,30.00,82.10
20538,30.00,82.10
20539,30.00,82.10
20540,30.00,82.10
20541,30.00,82.10
20542,30.00,82.20
20543,30.00,82.10
20544,30.00,82.10
20545,30.00,82.10
20546,30.00,82.10
20547,30.00,82.10
20548,30.00,82.10
20549,30.00,82.10
20550,30.00,82.10
20551,30.00,82.10
20552,30.00,82.10
20553,30.00,82.10
20554,30.00,82.70
20555,30.00,82.10
20556,30.00,82.10
20557,30.00,82.10
20558,30.00,82.10
20559,30.00,82.10
20560,30.00,82.10
20561,30.00,82.10
20562,30.00,82.10
20563,30.00,82.70
20564,30.00,82.10
20565,30.00,82.10
20566,30.00,82.10
20567,30.00,82.70
20568,30.00,82.10
20569,30.00,82.10
20570,30.00,82.10
20571,30.00,82.10
20572,30.00,82.10
20573,30.00,82.10
20574,30.00,82.00
20575,30.00,82.10
20576,30.00,82.10
20577,30.00,82.10
20578,30.00,82.10
20579,30.00,82.10
20580,30.00,82.10
20581,30.00,82.10
20582,30.00,82.70
20583,30.00,82.70
20584,30.00,82.10
20585,30.00,82.10
20586,30.10,82.70
20587,30.00,82.10
20588,30.00,82.10
20589,30.00,82.10
20590,30.00,82.10
20591,30.00,82.00
20592,30.00,82.10
20593,30.00,82.10
20594,30.00,82.10
20595,30.00,82.10
20596,30.00,82.10
20597,30.00,82.10
20598,30.00,82.10
20599,30.00,82.10
20600,30.00,82.10
20601,30.00,82.00
20602,30.00,82.70
20603,30.00,82.10
20604,30.00,82.10
20605,30.00,82.00
20606,30.00,82.10
20607,30.00,82.10
20608,30.00,82.10
20609,30.00,82.10
20610,30.00,82.00
20611,30.00,82.10
20612,30.00,82.70
20613,30.00,82.10
20614,30.00,82.10
20615,30.00,82.10
20616,30.00,82.10
20617,30.00,82.10
20618,30.00,82.10
20619,30.00,82.00
20620,30.00,82.10
20621,30.00,82.10
20622,30.00,82.00
20623,30.00,82.10
20624,30.00,82.10
20625,30.00,82.70
20626,30.00,82.10
20627,30.00,82.70
20628,30.00,82.10
20629,30.00,82.10
20630,30.00,82.10
20631,30.00,82.10
20632,30.00,82.10
20633,30.00,82.00
20634,30.00,82.10
20635,30.00,82.10
20636,30.00,82.10
20637,30.00,82.10
20638,30.00,82.10
20639,30.00,82.10
20640,30.00,82.10
20641,30.00,82.10
20642,30.00,82.10
20643,30.00,82.10
20644,30.00,82.10
20645,30.00,82.10
20646,30.00,82.10
20647,30.00,82.10
20648,30.00,82.10
20649,30.00,82.10
20650,30.00,82.00
20651,30.00,82.00
20652,30.00,82.00
20653,30.00,82.00
20654,30.00,82.10
20655,30.00,82.10
20656,30.00,82.00
20657,30.00,82.10
20658,30.00,82.10
20659,30.00,82.10
20660,30.00,82.10
20661,30.00,82.10
20662,30.00,82.10
20663,30.00,82.00
20664,30.00,82.10
20665,30.00,82.10
20666,30.00,82.00
20667,30.00,82.10
20668,30.00,82.10
20669,30.00,82.10
20670,30.00,82.10
20671,30.00,82.10
20672,30.00,82.10
20673,30.00,82.10
20674,30.00,82.10
20675,30.00,82.10
20676,30.00,82.10
20677,30.00,82.10
20678,30.00,82.00
20679,30.00,82.10
20680,30.00,82.10
20681,30.00,82.10
20682,30.00,82.10
20683,30.00,82.10
20684,30.00,82.10
20685,30.00,82.00
20686,30.00,82.10
20687,30.00,82.10
20688,30.00,82.10
20689,30.00,82.00
20690,30.00,82.10
20691,30.00,82.10
20692,30.00,82.10
20693,30.00,82.10
20694,30.00,82.10
20695,30.00,82.10
20696,30.00,82.10
20697,30.00,82.00
20698,30.00,82.10
20699,30.00,82.10
20700,30.00,82.10
20701,30.00,82.00
20702,30.00,82.00
20703,30.00,82.10
20704,30.00,82.00
20705,30.00,82.10
20706,30.00,82.10
20707,30.00,82.10
20708,30.00,82.00
20709,30.00,82.10
20710,30.00,82.10
20711,30.00,82.00
20712,30.00,82.10
20713,30.00,82.10
20714,30.00,82.10
20715,30.00,82.10
20716,30.00,82.10
20717,30.00,82.10
20718,30.00,82.10
20719,30.00,82.10
20720,30.00,82.10
20721,30.00,82.10
20722,30.00,82.10
20723,30.00,82.00
20724,30.00,82.10
20725,30.00,82.10
20726,30.00,82.00
20727,30.00,82.10
20728,30.00,82.00
20729,30.00,82.00
20730,30.00,82.10
20731,30.00,82.00
20732,30.00,82.10
20733,30.00,82.10
20734,30.00,82.10
20735,30.00,82.10
20736,30.00,82.00
20737,30.00,82.10
20738,30.00,82.00
20739,30.00,82.00
20740,30.00,82.10
20741,30.00,82.10
20742,30.00,82.10
20743,30.00,82.00
20744,30.00,82.10
20745,30.00,82.10
20746,30.00,82.00
20747,30.00,82.00
20748,30.00,82.10
20749,30.00,82.10
20750,30.00,82.10
20751,30.00,82.10
20752,30.00,82.00
20753,30.00,82.10
20754,30.00,82.10
20755,30.00,82.00
20756,30.00,82.00
20757,30.00,82.00
20758,30.00,82.10
20759,30.00,82.00
20760,30.00,82.10
20761,30.00,82.10
20762,30.00,82.00
20763,30.00,82.00
20764,30.00,82.10
20765,30.00,82.00
20766,30.00,82.00
20767,30.00,82.00
20768,30.00,82.10
20769,30.00,82.10
20770,30.00,82.00
20771,30.00,82.00
20772,29.90,82.00
20773,30.00,82.00
20774,30.00,82.00
20775,30.00,82.00
20776,30.00,82.00
20777,30.00,82.00
20778,30.00,82.10
20779,30.00,82.10
20780,30.00,82.00
20781,30.00,82.00
20782,30.00,82.00
20783,30.00,82.00
20784,30.00,82.00
20785,30.00,82.00
20786,30.00,82.00
20787,30.00,82.00
20788,30.00,82.00
20789,30.00,82.00
20790,30.00,82.00
20791,30.00,82.10
20792,30.00,82.10
20793,30.00,82.00
20794,30.00,82.00
20795,30.00,82.10
20796,30.00,82.00
20797,30.00,82.00
20798,30.00,82.00
20799,30.00,82.10
20800,30.00,82.00
20801,30.00,82.00
20802,30.00,82.00
20803,30.00,82.10
20804,30.00,82.10
20805,30.00,82.00
20806,30.00,82.00
20807,30.00,82.00
20808,30.00,82.00
20809,30.00,82.00
20810,30.00,82.00
20811,30.00,82.10
20812,30.00,82.00
20813,30.00,82.00
20814,30.00,82.00
20815,30.00,82.00
20816,30.00,82.00
20817,30.00,82.00
20818,29.90,82.00
20819,30.00,82.00
20820,30.00,82.00
20821,30.00,82.00
20822,30.00,82.00
20823,30.00,82.00
20824,30.00,82.00
20825,30.00,82.00
20826,30.00,82.00
20827,30.00,82.00
20828,30.00,82.00
20829,30.00,82.00
20830,30.00,82.00
20831,30.00,82.00
20832,30.00,82.00
20833,30.00,82.00
20834,30.00,82.00
20835,30.00,82.00
20836,30.00,82.00
20837,30.00,82.00
20838,30.00,82.00
20839,30.00,82.00
20840,30.00,82.00
20841,30.00,82.00
20842,30.00,82.00
20843,30.00,82.00
20844,30.00,82.00
20845,30.00,82.00
20846,30.00,81.90
20847,30.00,82.00
20848,30.00,82.00
20849,30.00,82.00
20850,30.00,82.00
20851,30.00,82.00
20852,30.00,82.00
20853,30.00,81.90
20854,30.00,82.00
20855,30.00,82.00
20856,30.00,82.00
20857,30.00,82.00
20858,30.00,82.00
20859,30.00,82.00
20860,30.00,82.00
20861,30.00,82.00
20862,30.00,82.00
20863,30.00,82.00
20864,30.00,82.00
20865,30.00,82.00
20866,30.00,82.00
20867,30.00,82.00
20868,30.00,82.00
20869,30.00,81.90
20870,30.00,82.00
20871,29.90,82.00
20872,30.00,82.00
20873,30.00,81.90
20874,30.00,81.90
20875,30.00,82.00
20876,30.00,82.00
20877,30.00,82.00
20878,30.00,82.00
20879,30.00,82.00
20880,30.00,82.00
20881,30.00,82.00
20882,30.00,82.00
20883,30.00,82.00
20884,30.00,82.00
20885,30.00,82.00
20886,30.00,82.00
20887,30.00,81.90
20888,30.00,82.00
20889,30.00,81.90
20890,30.00,82.00
20891,30.00,82.00
20892,30.00,82.00
20893,30.00,81.90
20894,30.00,81.90
20895,30.00,81.90
20896,30.00,82.00
20897,30.00,82.00
20898,30.00,82.00
20899,30.00,82.00
20900,30.00,81.90
20901,30.00,82.00
20902,30.00,81.90
20903,30.00,81.90
20904,30.00,82.00
20905,30.00,81.90
20906,30.00,82.00
20907,30.00,82.00
20908,30.00,82.00
20909,30.00,81.90
20910,30.00,82.00
20911,30.00,81.90
20912,30.00,82.00
20913,30.00,82.00
20914,30.00,82.00
20915,30.00,82.00
20916,30.00,82.00
20917,30.00,81.90
20918,30.00,82.00
20919,30.00,82.00
20920,30.00,81.90
20921,30.00,81.90
20922,30.00,81.90
20923,30.00,82.00
20924,30.00,82.00
20925,30.00,82.00
20926,30.00,81.90
20927,30.00,81.90
20928,30.00,81.90
20929,30.00,82.00
20930,30.00,81.90
20931,30.00,82.00
20932,30.00,81.90
20933,30.00,82.00
20934,30.00,82.00
20935,30.00,81.90
20936,30.00,81.90
20937,30.00,82.00
20938,30.00,81.90
20939,30.00,81.90
20940,30.00,82.00
20941,30.00,82.00
20942,30.00,81.90
20943,30.00,82.00
20944,30.00,81.90
20945,30.00,81.90
20946,30.00,81.90
20947,30.00,81.90
20948,30.00,81.90
20949,30.00,81.90
20950,30.00,82.00
20951,30.00,81.90
20952,30.00,81.90
20953,30.00,81.90
20954,30.00,81.90
20955,30.00,81.90
20956,30.00,81.90
20957,30.00,81.90
20958,30.00,81.90
20959,30.00,81.90
20960,30.00,81.90
20961,30.00,81.90
20962,30.00,81.90
20963,30.00,81.90
20964,30.00,81.90
20965,30.00,82.00
20966,30.00,81.90
20967,30.00,81.90
20968,30.00,81.90
20969,30.00,81.90
20970,30.00,81.90
20971,30.00,81.90
20972,30.00,81.90
20973,30.00,81.90
20974,30.00,81.90
20975,30.00,81.90
20976,30.00,81.90
20977,30.00,81.90
20978,30.00,81.90
20979,30.00,81.90
20980,30.00,81.90
20981,30.00,81.90
20982,30.00,81.90
20983,30.00,81.90
20984,30.00,82.00
20985,30.00,81.90
20986,30.00,81.90
20987,30.00,81.90
20988,30.00,82.00
20989,30.00,81.90
20990,30.00,81.90
20991,30.00,81.90
20992,30.00,81.90
20993,30.00,81.90
20994,30.00,81.90
20995,30.00,81.90
20996,30.00,81.90
20997,30.00,81.90
20998,30.00,81.90
20999,30.00,81.90
21000,30.00,81.90
21001,30.00,81.90
21002,30.00,81.90
21003,30.00,81.90
21004,30.00,81.90
21005,30.00,81.90
21006,30.00,81.90
21007,30.00,81.90
21008,30.00,81.90
21009,30.00,81.90
21010,30.00,81.90
21011,29.90,81.90
21012,30.00,81.90
21013,30.00,82.00
21014,30.00,81.90
21015,30.00,81.90
21016,30.00,81.90
21017,30.00,81.90
21018,30.00,81.90
21019,30.00,81.90
21020,29.90,81.90
21021,30.00,81.90
21022,30.00,81.90
21023,30.00,81.90
21024,30.00,81.90
21025,30.00,81.90
21026,30.00,81.90
21027,30.00,81.90
21028,30.00,81.90
21029,30.00,81.90
21030,30.00,81.90
21031,30.00,81.90
21032,30.00,81.80
21033,30.00,81.90
21034,30.00,81.90
21035,30.00,81.90
21036,30.00,81.90
21037,30.00,81.90
21038,30.00,81.90
21039,30.00,81.90
21040,30.00,81.90
21041,30.00,81.90
21042,30.00,81.90
21043,30.00,81.90
21044,30.00,81.90
21045,30.00,81.90
21046,30.00,81.90
21047,30.00,81.90
21048,30.00,81.80
21049,30.00,81.90
21050,30.00,81.90
21051,30.00,81.90
21052,30.00,81.90
21053,30.00,81.90
21054,30.00,81.90
21055,30.00,81.90
21056,30.00,81.90
21057,30.00,81.90
21058,30.00,81.90
21059,30.00,81.90
21060,30.00,81.90
21061,30.00,81.90
21062,30.00,81.90
21063,30.00,81.90
21064,30.00,81.80
21065,30.00,81.90
21066,30.00,81.90
21067,30.00,81.90
21068,30.00,81.90
21069,30.00,81.90
21070,30.00,81.90
21071,30.00,81.90
21072,30.00,81.90
21073,30.00,81.90
21074,30.00,81.90
21075,30.00,81.80
21076,30.00,81.90
21077,30.00,81.90
21078,30.00,81.90
21079,30.00,81.90
21080,30.00,81.90
21081,30.00,82.50
21082,30.00,81.90
21083,30.00,81.80
21084,30.00,81.90
21085,30.00,81.80
21086,30.00,81.90
21087,30.00,81.90
21088,30.00,81.80
21089,30.00,81.90
21090,30.00,81.80
21091,30.00,81.90
21092,30.00,81.90
21093,30.00,81.80
21094,30.00,81.80
21095,30.00,81.80
21096,30.00,81.90
21097,30.00,81.80
21098,30.00,81.90
21099,30.00,81.80
21100,30.00,81.90
21101,30.00,81.90
21102,30.00,81.90
21103,30.00,81.90
21104,30.00,81.80
21105,30.00,81.90
21106,30.00,81.90
21107,30.00,81.80
21108,30.00,81.80
21109,30.00,81.80
21110,30.00,81.80
21111,30.00,81.80
21112,30.00,81.80
21113,30.00,81.80
21114,30.00,81.80
21115,30.00,81.80
21116,30.00,81.90
21117,30.00,81.90
21118,30.00,81.80
21119,30.00,81.80
21120,30.00,81.80
21121,30.00,81.80
21122,30.00,81.90
21123,30.00,81.90
21124,30.00,81.80
21125,30.00,81.80
21126,30.00,81.90
21127,30.00,81.80
21128,30.00,81.90
21129,30.00,81.90
21130,30.00,81.90
21131,30.00,81.90
21132,30.00,81.80
21133,30.00,81.80
21134,30.00,81.80
21135,30.00,81.80
21136,30.00,81.80
21137,30.00,81.90
21138,30.00,81.90
21139,30.00,81.80
21140,30.00,81.80
21141,30.00,81.80
21142,30.00,81.90
21143,30.00,81.80
21144,30.00,81.90
21145,30.00,81.80
21146,30.00,81.90
21147,30.00,81.90
21148,30.00,81.80
21149,30.00,81.80
21150,30.00,81.90
21151,30.00,81.90
21152,30.00,81.90
21153,30.00,81.80
21154,30.00,81.90
21155,30.00,81.80
21156,30.00,81.80
21157,30.00,81.90
21158,30.00,81.80
21159,30.00,81.90
21160,30.00,81.90
21161,30.00,82.40
21162,30.00,81.90
21163,30.00,81.90
21164,30.00,81.90
21165,30.00,81.80
21166,30.00,81.90
21167,30.00,81.80
21168,30.00,81.80
21169,30.00,81.90
21170,30.00,81.90
21171,30.00,81.80
21172,30.00,81.80
21173,30.00,81.80
21174,30.00,81.80
21175,30.00,81.90
21176,30.00,81.80
21177,30.00,81.70
21178,30.00,81.90
21179,30.00,81.80
21180,30.00,81.80
21181,30.00,81.80
21182,30.00,81.80
21183,30.00,81.80
21184,30.00,81.80
21185,30.00,81.80
21186,30.00,81.90
21187,30.00,81.80
21188,30.00,81.80
21189,30.00,81.80
21190,30.00,81.80
21191,30.00,81.90
21192,30.00,81.80
21193,30.00,81.80
21194,30.00,81.80
21195,30.00,81.80
21196,30.00,81.80
21197,30.00,81.80
21198,30.00,81.80
21199,30.00,81.80
21200,30.00,81.80
21201,30.00,81.80
21202,30.00,81.80
21203,30.00,81.80
21204,30.00,81.80
21205,30.00,81.90
21206,30.00,81.80
21207,30.00,81.90
21208,30.00,82.40
21209,30.00,81.80
21210,30.00,81.80
21211,30.00,81.80
21212,30.00,81.80
21213,30.00,81.80
21214,30.00,81.80
21215,30.00,81.80
21216,30.00,81.80
21217,30.00,81.80
21218,30.00,81.80
21219,30.00,81.80
21220,30.00,81.80
21221,30.00,81.80
21222,30.00,81.80
21223,30.00,81.80
21224,30.00,81.90
21225,30.00,81.90
21226,30.00,81.90
21227,30.00,81.80
21228,30.00,81.80
21229,30.00,81.80
21230,30.00,81.80
21231,30.00,81.80
21232,30.00,81.80
21233,30.00,81.90
21234,30.00,81.80
21235,30.00,81.70
21236,30.00,81.80
21237,30.00,81.80
21238,30.00,81.80
21239,30.00,81.80
21240,30.00,81.80
21241,30.00,81.90
21242,30.00,81.80
21243,30.00,81.80
21244,30.00,81.80
21245,30.00,81.80
21246,30.00,81.80
21247,30.00,81.80
21248,30.00,81.80
21249,30.00,81.90
21250,30.00,81.80
21251,30.00,81.80
21252,30.00,81.80
21253,30.00,81.80
21254,30.00,81.80
21255,30.00,81.80
21256,30.00,81.80
21257,30.00,81.80
21258,30.00,81.80
21259,30.00,81.80
21260,30.00,81.80
21261,30.00,81.80
21262,30.00,81.80
21263,30.00,81.80
21264,30.00,81.80
21265,30.00,81.80
21266,30.00,81.80
21267,30.00,81.80
21268,30.00,81.80
21269,30.00,81.80
21270,30.00,81.80
21271,30.00,81.80
21272,30.00,81.80
21273,30.00,81.80
21274,30.00,82.40
21275,30.00,81.80
21276,30.00,81.80
21277,30.00,81.80
21278,30.00,81.80
21279,30.00,81.80
21280,30.00,81.80
21281,30.00,81.80
21282,30.00,81.80
21283,30.00,82.40
21284,30.00,81.80
21285,30.00,81.80
21286,30.00,81.80
21287,30.00,81.80
21288,30.00,81.80
21289,30.00,81.80
21290,30.00,81.80
21291,30.00,81.80
21292,30.00,81.80
21293,30.00,81.80
21294,30.00,81.80
21295,30.00,81.80
21296,30.00,81.80
21297,30.00,81.80
21298,30.00,81.80
21299,30.00,81.80
21300,30.00,81.80
21301,30.00,81.80
21302,30.00,81.80
21303,30.00,81.80
21304,30.00,81.80
21305,30.00,81.80
21306,30.00,81.80
21307,30.00,81.80
21308,30.00,81.80
21309,30.00,81.80
21310,30.00,81.80
21311,30.00,81.80
21312,30.00,81.70
21313,30.00,81.80
21314,30.00,81.80
21315,30.00,81.80
21316,30.00,81.80
21317,30.00,81.80
21318,30.00,81.80
21319,30.00,81.80
21320,30.00,81.70
21321,30.00,81.80
21322,30.00,81.80
21323,30.00,81.80
21324,30.00,81.80
21325,30.00,81.80
21326,30.00,81.70
21327,30.00,81.80
21328,30.00,82.40
21329,30.00,81.80
21330,30.00,81.80
21331,30.00,81.70
21332,30.00,81.70
21333,30.00,81.80
21334,30.00,81.70
21335,30.00,81.70
21336,30.00,81.80
21337,30.00,81.80
21338,29.90,81.80
21339,30.00,81.80
21340,30.00,81.80
21341,30.00,81.80
21342,30.00,81.70
21343,30.00,81.80
21344,30.00,81.80
21345,30.00,81.80
21346,30.00,81.80
21347,30.00,81.70
21348,30.00,81.80
21349,30.00,81.80
21350,30.00,81.80
21351,30.00,81.80
21352,30.00,81.80
21353,30.00,81.80
21354,30.00,81.80
21355,30.00,81.70
21356,30.00,81.80
21357,30.00,81.80
21358,30.00,81.80
21359,29.90,81.80
21360,30.00,81.80
21361,30.00,81.80
21362,30.00,81.80
21363,30.00,81.80
21364,30.00,81.80
21365,30.00,81.80
21366,30.00,81.80
21367,30.00,81.70
21368,30.00,81.80
21369,30.00,81.80
21370,30.00,81.80
21371,30.00,81.80
21372,30.00,81.80
21373,30.00,81.70
21374,30.00,81.70
21375,30.00,81.70
21376,30.00,81.80
21377,30.00,81.70
21378,30.00,81.70
21379,30.00,81.80
21380,30.00,81.80
21381,30.00,81.70
21382,30.00,81.80
21383,30.00,81.80
21384,30.00,81.80
21385,30.00,81.80
21386,30.00,81.80
21387,30.00,81.80
21388,30.00,81.80
21389,30.00,81.80
21390,30.00,81.80
21391,30.00,81.80
21392,30.00,81.70
21393,30.00,81.70
21394,30.00,81.80
21395,30.00,81.80
21396,30.00,81.80
21397,30.00,81.80
21398,30.00,81.80
21399,30.00,81.80
21400,30.00,81.70
21401,30.00,81.80
21402,30.00,81.80
21403,30.00,81.70
21404,30.00,81.80
21405,30.00,81.80
21406,30.00,81.80
21407,30.00,81.80
21408,30.00,81.70
21409,30.00,81.80
21410,30.00,81.80
21411,30.00,81.80
21412,30.00,81.80
21413,30.00,81.80
21414,30.00,81.80
21415,30.00,81.80
21416,30.00,81.70
21417,30.00,81.80
21418,30.00,81.80
21419,30.00,81.70
21420,30.00,81.70
21421,30.00,81.70
21422,30.00,81.80
21423,30.00,81.80
21424,29.90,81.80
21425,30.00,81.80
21426,30.00,81.80
21427,30.00,81.70
21428,30.00,81.80
21429,30.00,81.70
21430,30.00,81.80
21431,30.00,81.80
21432,30.00,81.80
21433,30.00,81.80
21434,30.00,81.70
21435,30.00,81.70
21436,30.00,81.70
21437,30.00,81.80
21438,30.00,81.80
21439,30.00,81.80
21440,30.00,81.70
21441,30.00,81.80
21442,30.00,81.80
21443,30.00,81.80
21444,30.00,81.80
21445,30.00,82.40
21446,30.00,81.80
21447,30.00,81.80
21448,30.00,81.70
21449,30.00,81.80
21450,30.00,81.80
21451,30.00,81.70
21452,29.90,81.70
21453,30.00,81.80
21454,30.00,81.80
21455,30.00,81.70
21456,30.00,81.80
21457,30.00,81.80
21458,30.00,81.70
21459,29.90,81.80
21460,30.00,81.80
21461,29.90,81.80
21462,30.00,81.70
21463,30.00,81.70
21464,30.00,81.80
21465,30.00,81.80
21466,29.90,81.80
21467,30.00,81.80
21468,30.00,81.80
21469,29.90,81.80
21470,30.00,81.80
21471,30.00,81.80
21472,30.00,81.80
21473,30.00,81.80
21474,29.90,81.70
21475,30.00,81.80
21476,30.00,81.70
21477,30.00,81.80
21478,30.00,81.80
21479,30.00,81.70
21480,30.00,81.80
21481,30.00,81.80
21482,30.00,81.70
21483,30.00,81.70
21484,30.00,81.70
21485,30.00,81.80
21486,30.00,81.80
21487,30.00,81.80
21488,30.00,81.80
21489,30.00,81.80
21490,30.00,81.70
21491,30.00,81.80
21492,30.00,81.80
21493,30.00,81.70
21494,30.00,81.80
21495,30.00,81.70
21496,30.00,81.80
21497,30.00,81.80
21498,30.00,81.80
21499,30.00,81.70
21500,30.00,81.80
21501,30.00,81.80
21502,30.00,81.80
21503,30.00,81.70
21504,30.00,81.70
21505,30.00,81.70
21506,30.00,81.80
21507,30.00,81.70
21508,30.00,81.70
21509,30.00,81.80
21510,30.00,81.80
21511,30.00,81.70
21512,30.00,81.70
21513,30.00,81.70
21514,30.00,81.70
21515,30.00,81.70
21516,30.00,81.80
21517,30.00,81.70
21518,30.00,81.80
21519,30.00,81.70
21520,30.00,81.70
21521,29.90,81.70
21522,30.00,81.70
21523,30.00,81.70
21524,29.90,81.70
21525,30.00,81.70
21526,29.90,81.80
21527,30.00,81.70
21528,30.00,81.80
21529,30.00,81.70
21530,30.00,81.70
21531,30.00,81.70
21532,30.00,81.80
21533,30.00,81.70
21534,30.00,81.70
21535,29.90,81.70
21536,30.00,81.70
21537,30.00,81.70
21538,30.00,81.70
21539,30.00,81.70
21540,30.00,81.80
21541,29.90,81.80
21542,30.00,81.70
21543,30.00,81.70
21544,29.90,81.70
21545,30.00,81.80
21546,30.00,81.80
21547,30.00,81.70
21548,30.00,81.70
21549,30.00,81.70
21550,30.00,81.70
21551,30.00,81.70
21552,30.00,81.70
21553,30.00,81.70
21554,30.00,81.80
21555,30.00,81.70
21556,30.00,81.70
21557,30.00,81.70
21558,29.90,81.70
21559,30.00,81.70
21560,30.00,81.70
21561,30.00,81.80
21562,30.00,81.70
21563,30.00,81.70
21564,30.00,81.80
21565,30.00,81.70
21566,30.00,81.70
21567,29.90,81.70
21568,30.00,81.70
21569,30.00,81.70
21570,29.90,81.70
21571,30.00,81.70
21572,30.00,81.70
21573,30.00,81.70
21574,30.00,81.70
21575,30.00,81.70
21576,29.90,81.80
21577,30.00,81.70
21578,30.00,81.70
21579,29.90,81.70
21580,30.00,81.70
21581,30.00,81.80
21582,30.00,81.70
21583,30.00,81.80
21584,29.90,81.70
21585,30.00,81.70
21586,30.00,81.70
21587,30.00,81.70
21588,30.00,81.70
21589,30.00,81.70
21590,30.00,81.70
21591,30.00,81.70
21592,30.00,81.70
21593,30.00,81.70
21594,30.00,81.70
21595,30.00,81.70
21596,30.00,81.70
21597,30.00,81.70
21598,30.00,81.70
21599,30.00,81.70
21600,30.00,81.70
21601,30.00,81.70
21602,30.00,81.70
21603,30.00,81.70
21604,30.00,81.70
21605,30.00,81.70
21606,30.00,81.70
21607,30.00,81.70
21608,30.00,81.70
21609,30.00,81.70
21610,30.00,81.70
21611,30.00,81.70
21612,29.90,81.70
21613,30.00,81.70
21614,30.00,81.70
21615,30.00,81.70
21616,30.00,81.70
21617,30.00,81.70
21618,30.00,81.70
21619,30.00,81.70
21620,30.00,81.70
21621,30.00,81.70
21622,30.00,81.70
21623,29.90,81.70
21624,29.90,81.70
21625,30.00,81.70
21626,29.90,81.70
21627,30.00,81.70
21628,29.90,81.60
21629,30.00,81.80
21630,30.00,81.70
21631,30.00,81.70
21632,30.00,81.70
21633,29.90,81.70
21634,30.00,81.70
21635,30.00,81.70
21636,29.90,81.70
21637,30.00,81.70
21638,30.00,81.80
21639,30.00,81.80
21640,30.00,81.70
21641,29.90,81.70
21642,29.90,81.70
21643,30.00,81.70
21644,30.00,81.70
21645,30.00,81.70
21646,30.00,81.70
21647,30.00,81.70
21648,29.90,81.70
21649,30.00,81.70
21650,30.00,81.70
21651,29.90,81.70
21652,29.90,81.70
21653,30.00,81.70
21654,30.00,81.70
21655,30.00,81.70
21656,29.90,81.70
21657,29.90,81.70
21658,29.90,81.70
21659,30.00,81.70
21660,30.00,81.70
21661,29.90,81.70
21662,29.90,81.70
21663,30.00,81.70
21664,30.00,81.70
21665,30.00,81.60
21666,30.00,81.70
21667,30.00,81.70
21668,30.00,81.70
21669,30.00,81.70
21670,30.00,81.70
21671,30.00,81.70
21672,30.00,81.70
21673,30.00,81.70
21674,29.90,81.70
21675,30.00,81.70
21676,30.00,81.70
21677,30.00,81.80
21678,30.00,81.70
21679,29.90,81.60
21680,29.90,81.70
21681,29.90,81.70
21682,29.90,81.70
21683,30.00,81.70
21684,30.00,81.70
21685,30.00,81.70
21686,30.00,81.70
21687,30.00,81.70
21688,30.00,81.70
21689,30.00,81.70
21690,30.00,81.80
21691,30.00,81.70
21692,30.00,81.70
21693,30.00,81.70
21694,30.00,81.70
21695,29.90,81.70
21696,30.00,81.70
21697,30.00,81.70
21698,29.90,81.70
21699,29.90,81.70
21700,30.00,81.70
21701,30.00,81.70
21702,30.00,81.70
21703,30.00,81.70
21704,29.90,81.70
21705,30.00,81.70
21706,30.00,81.70
21707,30.00,81.70
21708,30.00,81.70
21709,30.00,81.70
21710,30.00,81.80
21711,30.00,81.70
21712,30.00,81.70
21713,29.90,81.70
21714,29.90,81.70
21715,29.90,81.70
21716,29.90,81.70
21717,30.00,81.70
21718,29.90,81.70
21719,30.00,81.60
21720,30.00,81.70
21721,30.00,81.70
21722,30.00,81.70
21723,29.90,81.70
21724,29.90,81.70
21725,30.00,81.70
21726,29.90,81.70
21727,29.90,81.70
21728,30.00,81.70
21729,30.00,81.70
21730,30.00,81.70
21731,30.00,81.70
21732,30.00,81.70
21733,30.00,81.70
21734,29.90,81.70
21735,30.00,81.70
21736,29.90,81.70
21737,29.90,81.70
21738,29.90,81.70
21739,30.00,81.70
21740,30.00,81.70
21741,29.90,81.70
21742,29.90,81.70
21743,29.90,81.70
21744,30.00,81.70
21745,29.90,81.70
21746,30.00,81.70
21747,30.00,81.60
21748,29.90,81.70
21749,30.00,81.70
21750,30.00,81.70
21751,30.00,81.70
21752,30.00,81.70
21753,30.00,81.70
21754,29.90,81.70
21755,30.00,81.70
21756,30.00,81.70
21757,30.00,81.70
21758,30.00,81.70
21759,30.00,81.70
21760,30.00,81.60
21761,30.00,81.70
21762,30.00,81.70
21763,29.90,81.60
21764,30.00,81.70
21765,29.90,81.70
21766,30.00,81.70
21767,30.00,81.70
21768,30.00,81.70
21769,30.00,81.70
21770,29.90,81.70
21771,30.00,81.60
21772,29.90,81.70
21773,30.00,81.70
21774,30.00,81.70
21775,30.00,81.70
21776,30.00,81.70
21777,29.90,81.70
21778,30.00,81.60
21779,29.90,81.70
21780,30.00,81.60
21781,29.90,81.70
21782,29.90,81.60
21783,29.90,81.70
21784,29.90,81.70
21785,29.90,81.70
21786,30.00,81.60
21787,30.00,81.70
21788,29.90,81.60
21789,30.00,81.60
21790,30.00,81.70
21791,30.00,81.70
21792,30.00,81.70
21793,29.90,81.70
21794,30.00,81.70
21795,29.90,81.70
21796,29.90,81.70
21797,30.00,81.70
21798,29.90,81.70
21799,30.00,81.60
21800,29.90,81.70
21801,29.90,81.70
21802,30.00,81.70
21803,30.00,81.60
21804,29.90,81.70
21805,30.00,81.70
21806,29.90,81.60
21807,30.00,81.60
21808,29.90,81.60
21809,29.90,81.60
21810,29.90,81.70
21811,30.00,81.70
21812,30.00,81.70
21813,30.00,81.70
21814,29.90,81.70
21815,29.90,81.60
21816,29.90,81.60
21817,29.90,81.60
21818,30.00,81.60
21819,30.00,81.70
21820,30.00,81.60
21821,30.00,81.70
21822,29.90,81.60
21823,30.00,81.60
21824,30.00,81.70
21825,29.90,81.60
21826,29.90,81.70
21827,29.90,81.70
21828,29.90,81.60
21829,29.90,81.60
21830,29.90,81.60
21831,29.90,81.70
21832,29.90,81.60
21833,29.90,81.70
21834,29.90,81.60
21835,29.90,81.70
21836,30.00,81.70
21837,30.00,81.60
21838,29.90,81.60
21839,29.90,81.60
21840,29.90,81.70
21841,29.90,81.70
21842,29.90,81.60
21843,30.00,81.60
21844,30.00,81.70
21845,29.90,81.60
21846,29.90,81.60
21847,30.00,81.60
21848,29.90,81.60
21849,29.90,81.60
21850,30.00,81.60
21851,29.90,81.60
21852,30.00,81.60
21853,30.00,81.60
21854,30.00,81.60
21855,30.00,81.60
21856,29.90,81.60
21857,29.90,81.60
21858,29.90,81.60
21859,29.90,81.60
21860,30.00,81.60
21861,30.00,81.60
21862,29.90,81.60
21863,29.90,81.60
21864,29.90,81.60
21865,29.90,81.60
21866,29.90,81.60
21867,29.90,81.60
21868,30.00,81.70
21869,30.00,81.60
21870,29.90,81.60
21871,30.00,81.60
21872,30.00,81.60
21873,29.90,81.60
21874,29.90,81.60
21875,29.90,81.60
21876,29.90,81.60
21877,29.90,81.60
21878,30.00,81.60
21879,29.90,81.60
21880,29.90,81.60
21881,30.00,81.60
21882,30.00,81.60
21883,30.00,81.60
21884,29.90,81.60
21885,30.00,81.60
21886,30.00,81.60
21887,30.00,81.70
21888,30.00,81.60
21889,30.00,81.60
21890,30.00,81.60
21891,30.00,81.70
21892,30.00,81.60
21893,29.90,81.60
21894,30.00,81.60
21895,29.90,81.60
21896,30.00,81.60
21897,30.00,81.60
21898,30.00,81.60
21899,30.00,81.70
21900,30.00,81.60
21901,29.90,81.60
21902,30.00,81.70
21903,30.00,81.60
21904,30.00,81.60
21905,30.00,81.60
21906,30.00,81.60
21907,30.00,81.70
21908,30.00,81.60
21909,30.00,81.60
21910,30.00,81.50
21911,30.00,81.60
21912,30.00,81.60
21913,29.90,81.60
21914,29.90,81.60
21915,30.00,81.60
21916,29.90,81.60
21917,29.90,81.60
21918,29.90,81.60
21919,30.00,81.60
21920,30.00,81.60
21921,29.90,81.60
21922,30.00,81.60
21923,29.90,81.60
21924,30.00,81.60
21925,29.90,81.50
21926,30.00,81.60
21927,29.90,81.60
21928,29.90,81.60
21929,29.90,81.60
21930,29.90,81.60
21931,29.90,81.60
21932,30.00,81.60
21933,29.90,81.60
21934,29.90,81.70
21935,29.90,81.60
21936,30.00,81.60
21937,29.90,81.60
21938,30.00,81.60
21939,29.90,81.60
21940,29.90,81.60
21941,29.90,81.60
21942,30.00,81.60
21943,30.00,81.70
21944,29.90,81.60
21945,29.90,81.60
21946,29.90,81.60
21947,29.90,81.60
21948,29.90,81.60
21949,29.90,81.60
21950,29.90,81.60
21951,29.90,81.70
21952,30.00,81.60
21953,29.90,81.60
21954,29.90,81.60
21955,29.90,81.70
21956,29.90,81.60
21957,30.00,81.60
21958,30.00,81.60
21959,29.90,81.70
21960,30.00,81.60
21961,30.00,81.60
21962,30.00,81.60
21963,30.00,81.70
21964,29.90,81.70
21965,29.90,81.60
21966,29.90,81.60
21967,29.90,81.60
21968,29.90,81.50
21969,29.90,81.60
21970,29.90,81.70
21971,30.00,81.60
21972,29.90,81.60
21973,29.90,81.60
21974,29.90,81.60
21975,30.00,81.60
21976,29.90,81.70
21977,29.90,81.60
21978,29.90,81.60
21979,29.90,81.60
21980,29.90,81.60
21981,29.90,81.60
21982,30.00,81.60
21983,30.00,81.60
21984,30.00,81.60
21985,30.00,81.60
21986,29.90,81.60
21987,29.90,81.60
21988,29.90,81.60
21989,29.90,81.60
21990,30.00,81.60
21991,30.00,81.60
21992,29.90,81.60
21993,29.90,81.60
21994,30.00,81.60
21995,30.00,81.60
21996,30.00,81.60
21997,29.90,81.50
21998,29.90,81.60
21999,30.00,81.60
22000,30.00,81.60
22001,29.90,81.60
22002,29.90,81.60
22003,29.90,81.60
22004,29.90,81.60
22005,29.90,81.60
22006,30.00,81.60
22007,29.90,81.50
22008,29.90,81.60
22009,30.00,81.60
22010,30.00,81.50
22011,29.90,81.60
22012,29.90,81.50
22013,30.00,81.60
22014,29.90,81.60
22015,29.90,81.60
22016,30.00,81.60
22017,29.90,81.60
22018,30.00,81.60
22019,30.00,81.60
22020,30.00,81.60
22021,30.00,81.60
22022,29.90,81.60
22023,29.90,81.60
22024,30.00,81.60
22025,29.90,81.60
22026,30.00,81.60
22027,30.00,81.60
22028,29.90,81.60
22029,29.90,81.60
22030,29.90,81.60
22031,30.00,81.60
22032,30.00,81.60
22033,29.90,81.60
22034,29.90,81.60
22035,29.90,81.60
22036,29.90,81.60
22037,29.90,81.60
22038,30.00,81.60
22039,30.00,81.50
22040,29.90,81.50
22041,30.00,81.60
22042,29.90,81.60
22043,30.00,81.50
22044,29.90,81.50
22045,30.00,81.50
22046,30.00,81.50
22047,30.00,81.50
22048,30.00,81.60
22049,30.00,81.60
22050,30.00,81.60
22051,29.90,81.50
22052,30.00,81.60
22053,30.00,81.60
22054,30.00,81.60
22055,29.90,81.60
22056,29.90,81.60
22057,29.90,81.60
22058,30.00,81.60
22059,29.90,81.50
22060,29.90,81.50
22061,29.90,81.60
22062,30.00,81.60
22063,30.00,81.60
22064,29.90,81.60
22065,30.00,81.60
22066,30.00,81.60
22067,29.90,81.60
22068,29.90,81.60
22069,29.90,81.60
22070,30.00,81.60
22071,29.90,81.60
22072,30.00,81.60
22073,30.00,81.60
22074,29.90,81.60
22075,30.00,81.60
22076,30.00,81.60
22077,29.90,81.60
22078,30.00,81.50
22079,29.90,81.60
22080,29.90,81.50
22081,29.90,81.60
22082,29.90,81.70
22083,29.90,81.50
22084,29.90,81.60
22085,29.90,81.50
22086,29.90,81.60
22087,30.00,81.50
22088,29.90,81.60
22089,29.90,81.60
22090,29.90,81.60
22091,30.00,81.60
22092,29.90,81.60
22093,29.90,81.60
22094,29.90,81.60
22095,30.00,81.60
22096,29.90,81.60
22097,29.90,81.60
22098,29.90,81.60
22099,29.90,81.60
22100,29.90,81.50
22101,29.90,81.60
22102,29.90,81.60
22103,29.90,81.60
22104,29.90,81.60
22105,29.90,81.60
22106,30.00,81.60
22107,29.90,81.60
22108,29.90,81.60
22109,29.90,81.60
22110,29.90,81.60
22111,29.90,81.60
22112,29.90,81.60
22113,30.00,81.50
22114,29.90,81.60
22115,29.90,81.60
22116,30.00,81.60
22117,30.00,81.60
22118,29.90,81.60
22119,29.90,81.60
22120,30.00,81.60
22121,29.90,81.60
22122,29.90,81.60
22123,30.00,81.60
22124,29.90,81.60
22125,29.90,81.60
22126,29.90,81.60
22127,30.00,81.60
22128,29.90,81.60
22129,29.90,81.60
22130,29.90,81.60
22131,29.90,81.60
22132,29.90,81.60
22133,29.90,81.60
22134,29.90,81.60
22135,29.90,81.50
22136,29.90,81.60
22137,29.90,81.60
22138,29.90,81.60
22139,29.90,81.60
22140,29.90,81.60
22141,29.90,81.60
22142,29.90,81.60
22143,30.00,81.60
22144,29.90,81.60
22145,30.00,81.50
22146,29.90,81.60
22147,30.00,81.60
22148,29.90,81.60
22149,29.90,81.60
22150,30.00,81.60
22151,29.90,81.60
22152,29.90,81.60
22153,30.00,81.60
22154,29.90,81.50
22155,29.90,81.60
22156,29.90,81.60
22157,29.90,81.60
22158,29.90,81.60
22159,30.00,81.60
22160,29.90,81.60
22161,29.90,81.60
22162,29.90,81.60
22163,29.90,81.60
22164,29.90,81.60
22165,29.90,81.60
22166,29.90,81.60
22167,30.00,81.60
22168,29.90,81.60
22169,29.90,81.60
22170,29.90,81.60
22171,30.00,81.60
22172,29.90,81.60
22173,29.90,81.60
22174,29.90,81.70
22175,29.90,81.60
22176,29.90,81.60
22177,29.90,81.60
22178,29.90,81.60
22179,30.00,81.60
22180,30.00,81.50
22181,29.90,81.60
22182,29.90,81.60
22183,29.90,81.60
22184,29.90,81.60
22185,29.90,81.60
22186,29.90,81.60
22187,29.90,81.60
22188,29.90,81.60
22189,30.00,81.70
22190,29.90,81.70
22191,29.90,81.60
22192,29.90,81.60
22193,29.90,81.60
22194,29.90,81.60
22195,29.90,81.60
22196,30.00,81.60
22197,29.90,81.60
22198,29.90,81.60
22199,29.90,81.60
22200,29.90,81.60
22201,29.90,81.70
22202,29.90,81.60
22203,29.90,81.60
22204,29.90,81.60
22205,29.90,81.60
22206,29.90,81.60
22207,29.90,81.60
22208,29.90,81.50
22209,29.90,81.60
22210,29.90,81.60
22211,29.90,81.60
22212,29.90,81.60
22213,29.90,81.60
22214,29.90,81.60
22215,29.90,81.60
22216,29.90,81.60
22217,29.90,81.60
22218,29.90,81.60
22219,29.90,81.60
22220,29.90,81.60
22221,30.00,81.60
22222,29.90,81.60
22223,30.00,81.70
22224,29.90,81.60
22225,29.90,81.60
22226,29.90,81.60
22227,30.00,81.60
22228,29.90,81.60
22229,29.90,81.60
22230,29.90,81.60
22231,30.00,81.60
22232,29.90,81.60
22233,29.90,81.50
22234,29.90,81.60
22235,29.90,81.60
22236,29.90,81.60
22237,29.90,81.60
22238,29.90,81.60
22239,30.00,81.60
22240,29.90,81.60
22241,29.90,81.60
22242,30.00,81.60
22243,29.90,81.60
22244,29.90,81.60
22245,30.00,81.50
22246,29.90,81.60
22247,30.00,81.50
22248,29.90,81.60
22249,29.90,81.50
22250,29.90,81.60
22251,30.00,81.60
22252,30.00,81.50
22253,30.00,81.60
22254,29.90,81.60
22255,29.90,81.50
22256,30.00,81.60
22257,29.90,81.60
22258,29.90,81.60
22259,29.90,81.50
22260,30.00,81.60
22261,29.90,81.60
22262,29.90,81.60
22263,29.90,81.60
22264,30.00,81.60
22265,29.90,81.60
22266,29.90,81.60
22267,30.00,81.60
22268,29.90,81.50
22269,29.90,81.60
22270,29.90,81.50
22271,29.90,81.60
22272,29.90,81.60
22273,29.90,81.50
22274,29.90,81.50
22275,30.00,81.60
22276,29.90,81.60
22277,29.90,81.60
22278,29.90,81.60
22279,29.90,81.60
22280,30.00,81.60
22281,29.90,81.60
22282,29.90,81.60
22283,30.00,81.60
22284,29.90,81.60
22285,29.90,81.60
22286,29.90,81.60
22287,29.90,81.60
22288,29.90,81.60
22289,29.90,81.60
22290,29.90,81.60
22291,29.90,81.60
22292,29.90,81.60
22293,30.00,81.60
22294,29.90,81.60
22295,29.90,81.60
22296,30.00,81.60
22297,29.90,81.60
22298,29.90,81.60
22299,29.90,81.60
22300,29.90,81.50
22301,29.90,81.60
22302,29.90,81.60
22303,29.90,81.60
22304,29.90,81.60
22305,29.90,81.60
22306,29.90,81.60
22307,29.90,81.60
22308,29.90,81.60
22309,29.90,81.60
22310,30.00,81.60
22311,29.90,81.60
22312,29.90,81.60
22313,29.90,81.60
22314,29.90,81.60
22315,29.90,81.60
22316,29.90,81.60
22317,29.90,81.60
22318,29.90,81.60
22319,29.90,81.50
22320,29.90,81.60
22321,29.90,81.60
22322,29.90,81.60
22323,29.90,81.60
22324,29.90,81.60
22325,29.90,81.60
22326,29.90,81.60
22327,29.90,81.60
22328,29.90,81.60
22329,29.90,81.60
22330,29.90,81.60
22331,29.90,81.60
22332,29.90,81.50
22333,29.90,81.60
22334,29.90,81.60
22335,29.90,81.60
22336,29.90,81.60
22337,29.90,81.60
22338,29.90,81.60
22339,29.90,81.60
22340,29.90,81.60
22341,29.90,81.60
22342,29.90,81.50
22343,29.90,81.60
22344,29.90,81.60
22345,29.90,81.60
22346,29.90,81.60
22347,29.90,81.60
22348,29.90,81.60
22349,29.90,81.60
22350,29.90,81.60
22351,29.90,81.70
22352,29.90,81.60
22353,29.90,81.60
22354,29.90,81.60
22355,29.90,81.60
22356,29.90,81.60
22357,29.90,81.50
22358,29.90,81.60
22359,29.90,81.60
22360,29.90,81.60
22361,29.90,81.60
22362,29.90,81.60
22363,29.90,81.50
22364,29.90,81.60
22365,29.90,81.60
22366,29.90,81.60
22367,29.90,81.60
22368,29.90,81.60
22369,29.90,81.60
22370,29.90,81.60
22371,29.90,81.60
22372,29.90,81.60
22373,29.90,81.60
22374,29.90,81.60
22375,29.90,81.50
22376,29.90,81.60
22377,29.90,81.60
22378,29.90,81.60
22379,29.90,81.60
22380,29.90,81.60
22381,29.90,81.50
22382,29.90,81.60
22383,29.90,81.60
22384,29.90,81.60
22385,29.90,81.60
22386,29.90,81.60
22387,29.90,81.60
22388,29.90,81.60
22389,29.90,81.50
22390,29.90,81.60
22391,29.90,81.50
22392,29.90,81.50
22393,29.90,81.60
22394,29.90,81.60
22395,29.90,81.60
22396,29.90,81.60
22397,29.90,81.60
22398,29.90,81.60
22399,29.90,81.60
22400,29.90,81.50
22401,29.90,81.50
22402,29.90,81.60
22403,29.90,81.60
22404,29.90,81.50
22405,29.90,81.60
22406,29.90,81.60
22407,29.90,81.50
22408,29.90,81.60
22409,29.90,81.60
22410,29.90,81.60
22411,29.90,81.60
22412,29.90,81.60
22413,29.90,81.60
22414,29.90,81.60
22415,29.90,81.60
22416,29.90,81.60
22417,29.90,81.60
22418,29.90,81.60
22419,29.90,81.60
22420,29.90,81.60
22421,29.90,81.60
22422,29.90,81.50
22423,29.90,81.50
22424,29.90,81.60
22425,29.90,81.60
22426,29.90,81.50
22427,29.90,81.60
22428,29.90,81.50
22429,29.90,81.60
22430,29.90,81.60
22431,29.90,81.60
22432,29.90,81.60
22433,29.90,81.50
22434,29.90,81.60
22435,29.90,81.60
22436,30.00,81.50
22437,29.90,81.60
22438,29.90,81.60
22439,29.90,81.50
22440,29.90,81.50
22441,29.90,81.60
22442,29.90,81.60
22443,29.90,81.60
22444,29.90,81.60
22445,29.90,81.50
22446,29.90,81.60
22447,29.90,81.60
22448,29.90,81.50
22449,29.90,81.60
22450,29.90,81.50
22451,29.90,81.50
22452,29.90,81.60
22453,29.90,81.60
22454,30.00,81.50
22455,29.90,81.60
22456,29.90,81.60
22457,29.90,81.50
22458,29.90,81.50
22459,29.90,81.60
22460,30.00,81.50
22461,29.90,81.50
22462,29.90,81.50
22463,29.90,81.50
22464,29.90,81.50
22465,29.90,81.60
22466,29.90,81.40
22467,29.90,81.60
22468,29.90,81.60
22469,29.90,81.50
22470,29.90,81.50
22471,30.00,81.50
22472,29.90,81.60
22473,29.90,81.50
22474,29.90,81.50
22475,29.90,81.50
22476,29.90,81.50
22477,29.90,81.60
22478,29.90,81.50
22479,29.90,81.60
22480,29.90,81.50
22481,29.90,81.50
22482,29.90,81.50
22483,29.90,81.50
22484,29.90,81.50
22485,29.90,81.50
22486,29.90,81.60
22487,29.90,81.50
22488,29.90,81.50
22489,29.90,81.50
22490,29.90,81.60
22491,29.90,81.60
22492,29.90,81.50
22493,29.90,81.50
22494,29.90,81.50
22495,29.90,81.60
22496,29.90,81.60
22497,29.90,81.60
22498,29.90,81.60
22499,29.90,81.60
22500,29.90,81.50
22501,29.90,81.60
22502,29.90,81.60
22503,29.90,81.60
22504,29.90,81.50
22505,29.90,81.50
22506,29.90,81.60
22507,29.90,81.60
22508,29.90,81.60
22509,29.90,81.60
22510,29.90,81.60
22511,29.90,81.60
22512,29.90,81.50
22513,29.90,81.60
22514,29.90,81.50
22515,29.90,81.50
22516,29.90,81.50
22517,29.90,81.60
22518,29.90,81.60
22519,29.90,81.50
22520,29.90,81.60
22521,29.90,81.50
22522,29.90,81.60
22523,29.90,81.50
22524,29.90,81.50
22525,29.90,81.60
22526,29.90,81.50
22527,29.90,81.60
22528,29.90,81.60
22529,29.90,81.50
22530,29.90,81.60
22531,29.90,81.60
22532,29.90,81.60
22533,29.90,81.60
22534,29.90,81.50
22535,29.90,81.60
22536,29.90,81.60
22537,29.90,81.60
22538,29.90,81.60
22539,29.90,81.50
22540,29.90,81.60
22541,29.90,81.60
22542,29.90,81.60
22543,29.90,81.60
22544,29.90,81.60
22545,29.90,81.60
22546,29.90,81.60
22547,29.90,81.50
22548,29.90,81.50
22549,29.90,81.60
22550,29.90,81.60
22551,29.90,81.60
22552,29.90,81.60
22553,29.90,81.60
22554,29.90,81.60
22555,29.90,81.60
22556,29.90,81.60
22557,29.90,81.50
22558,29.90,81.50
22559,29.90,81.50
22560,29.90,81.50
22561,29.90,81.50
22562,29.90,81.60
22563,29.90,81.50
22564,29.90,81.60
22565,29.90,81.60
22566,29.90,81.60
22567,29.90,81.50
22568,29.90,81.50
22569,29.90,81.50
22570,29.90,81.60
22571,29.90,81.50
22572,29.90,81.50
22573,29.90,81.50
22574,29.90,81.60
22575,29.90,81.50
22576,29.90,81.50
22577,29.90,81.60
22578,29.90,81.50
22579,29.90,81.60
22580,29.90,81.60
22581,29.90,81.60
22582,29.90,81.60
22583,29.90,81.50
22584,29.90,81.60
22585,29.90,81.50
22586,29.90,81.50
22587,29.90,81.50
22588,29.90,81.50
22589,29.90,81.50
22590,29.90,81.50
22591,29.90,81.60
22592,29.90,81.50
22593,29.90,81.50
22594,29.90,81.50
22595,29.90,81.50
22596,29.90,81.50
22597,29.90,81.50
22598,29.90,81.50
22599,29.90,81.50
22600,29.90,81.50
22601,29.90,81.50
22602,29.90,81.60
22603,29.90,81.50
22604,29.90,81.50
22605,29.90,81.50
22606,29.90,81.60
22607,29.90,81.50
22608,29.90,81.50
22609,29.90,81.50
22610,29.90,81.50
22611,29.90,81.50
22612,29.90,81.50
22613,29.90,81.50
22614,29.90,81.60
22615,29.90,81.50
22616,29.90,81.50
22617,29.90,81.60
22618,29.90,81.60
22619,29.90,81.50
22620,29.90,81.60
22621,29.90,81.60
22622,29.90,81.50
22623,29.90,81.50
22624,29.90,81.50
22625,29.90,81.50
22626,29.90,81.60
22627,29.90,81.50
22628,29.90,81.50
22629,29.90,81.50
22630,29.90,81.50
22631,29.90,81.60
22632,29.90,81.50
22633,29.90,81.50
22634,29.90,81.50
22635,29.90,81.50
22636,29.90,81.60
22637,29.90,81.50
22638,29.90,81.60
22639,29.90,81.50
22640,29.90,81.50
22641,29.90,81.50
22642,29.90,81.50
22643,29.90,81.50
22644,29.90,81.50
22645,29.90,81.60
22646,29.90,81.50
22647,29.80,81.50
22648,29.90,81.50
22649,29.90,81.50
22650,29.90,81.50
22651,29.90,81.50
22652,29.90,81.50
22653,29.90,81.50
22654,29.90,81.50
22655,29.90,81.60
22656,29.90,81.50
22657,29.90,81.50
22658,29.90,81.50
22659,29.90,81.50
22660,29.90,81.50
22661,29.90,81.50
22662,29.90,81.50
22663,29.90,81.50
22664,29.90,81.50
22665,29.80,81.50
22666,29.90,81.50
22667,29.90,81.50
22668,29.90,81.50
22669,29.90,81.60
22670,29.90,81.50
22671,29.90,81.50
22672,29.90,81.50
22673,29.90,81.50
22674,29.90,81.60
22675,29.90,81.50
22676,29.90,81.50
22677,29.90,81.50
22678,29.90,81.50
22679,29.90,81.50
22680,29.90,81.60
22681,29.90,81.60
22682,29.90,81.50
22683,29.90,81.50
22684,29.90,81.50
22685,29.90,81.50
22686,29.90,81.50
22687,29.90,81.50
22688,29.90,81.50
22689,29.90,81.50
22690,29.90,81.50
22691,29.90,81.60
22692,29.90,81.50
22693,29.90,81.50
22694,29.90,81.50
22695,29.90,81.50
22696,29.90,81.50
22697,29.90,81.60
22698,29.90,81.50
22699,29.90,81.50
22700,29.90,81.50
22701,29.90,81.50
22702,29.90,81.50
22703,29.90,81.50
22704,29.90,81.50
22705,29.90,81.50
22706,29.90,81.50
22707,29.90,81.50
22708,29.90,81.50
22709,29.90,81.50
22710,29.90,81.50
22711,29.90,81.50
22712,29.90,81.50
22713,29.90,81.50
22714,29.90,81.50
22715,29.90,81.50
22716,29.90,81.50
22717,29.90,81.50
22718,29.90,81.50
22719,29.90,81.50
22720,29.90,81.50
22721,29.90,81.50
22722,29.90,81.50
22723,29.90,81.40
22724,29.90,81.50
22725,29.90,81.50
22726,29.90,81.50
22727,29.90,81.50
22728,29.90,81.50
22729,29.90,81.50
22730,29.90,81.50
22731,29.90,81.40
22732,29.90,81.40
22733,29.90,81.50
22734,29.90,81.40
22735,29.90,81.50
22736,29.90,81.50
22737,29.90,81.50
22738,29.90,81.50
22739,29.90,81.60
22740,29.90,81.50
22741,29.90,81.50
22742,29.90,81.50
22743,29.90,81.50
22744,29.90,81.50
22745,29.90,81.50
22746,29.90,81.50
22747,29.90,81.50
22748,29.90,81.50
22749,29.90,81.50
22750,29.90,81.50
22751,29.90,81.50
22752,29.90,81.50
22753,29.90,81.50
22754,29.90,81.50
22755,29.90,81.50
22756,29.90,81.50
22757,29.90,81.50
22758,29.90,81.50
22759,29.90,81.50
22760,29.90,81.40
22761,29.90,81.50
22762,29.90,81.40
22763,29.90,81.50
22764,29.90,81.50
22765,29.90,81.50
22766,29.90,81.50
22767,29.90,81.40
22768,29.90,81.50
22769,29.90,81.50
22770,29.90,81.50
22771,29.90,81.50
22772,29.90,81.50
22773,29.90,81.40
22774,29.90,81.40
22775,29.90,81.50
22776,29.90,81.50
22777,29.90,81.50
22778,29.90,81.50
22779,29.90,81.50
22780,29.90,81.50
22781,29.90,81.50
22782,29.90,81.50
22783,29.90,81.50
22784,29.90,81.50
22785,29.90,81.50
22786,29.90,81.50
22787,29.90,81.60
22788,29.90,81.50
22789,29.90,81.50
22790,29.90,81.50
22791,29.90,81.50
22792,29.90,81.50
22793,29.90,81.50
22794,29.90,81.50
22795,29.90,81.50
22796,29.90,81.50
22797,29.90,81.60
22798,29.90,81.50
22799,29.90,81.50
22800,29.90,81.50
22801,29.90,81.50
22802,29.90,81.50
22803,29.90,81.50
22804,29.90,81.60
22805,29.90,81.50
22806,29.90,81.50
22807,29.90,81.50
22808,29.90,81.50
22809,29.90,81.50
22810,29.90,81.60
22811,29.90,81.60
22812,29.90,81.50
22813,29.90,81.50
22814,29.90,81.50
22815,29.90,81.50
22816,29.90,81.50
22817,29.90,81.50
22818,29.90,81.50
22819,29.90,81.50
22820,29.90,81.50
22821,29.90,81.50
22822,29.90,81.50
22823,29.90,81.50
22824,29.90,81.50
22825,29.90,81.50
22826,29.90,81.50
22827,29.90,81.50
22828,29.90,81.50
22829,29.90,81.50
22830,29.90,81.40
22831,29.90,81.50
22832,29.90,81.50
22833,29.90,81.50
22834,29.90,81.50
22835,29.90,81.50
22836,29.90,81.50
22837,29.90,81.50
22838,29.90,81.50
22839,29.90,81.50
22840,29.90,81.50
22841,29.90,81.50
22842,29.80,81.50
22843,29.90,81.50
22844,29.90,81.50
22845,29.90,81.50
22846,29.90,81.50
22847,29.90,81.50
22848,29.90,81.50
22849,29.90,81.50
22850,29.90,81.50
22851,29.90,81.50
22852,29.90,81.40
22853,29.90,81.40
22854,29.90,81.50
22855,29.90,81.50
22856,29.90,81.50
22857,29.80,81.50
22858,29.90,81.40
22859,29.90,81.50
22860,29.90,81.40
22861,29.90,81.50
22862,29.90,81.50
22863,29.90,81.50
22864,29.90,81.40
22865,29.90,81.40
22866,29.90,81.50
22867,29.90,81.60
22868,29.90,81.50
22869,29.90,81.50
22870,29.80,81.50
22871,29.90,81.50
22872,29.90,81.60
22873,29.90,81.50
22874,29.90,81.40
22875,29.90,81.50
22876,29.90,81.50
22877,29.90,81.50
22878,29.90,81.50
22879,29.90,81.50
22880,29.90,81.50
22881,29.90,81.40
22882,29.90,81.50
22883,29.90,81.50
22884,29.90,81.50
22885,29.90,81.50
22886,29.90,81.50
22887,29.90,81.50
22888,29.90,81.40
22889,29.90,81.50
22890,29.90,81.50
22891,29.90,81.50
22892,29.90,81.50
22893,29.80,81.50
22894,29.90,81.50
22895,29.90,81.50
22896,29.90,81.40
22897,29.90,81.50
22898,29.90,81.40
22899,29.90,81.50
22900,29.90,81.40
22901,29.90,81.50
22902,29.90,81.50
22903,29.90,81.50
22904,29.90,81.50
22905,29.90,81.50
22906,29.90,81.50
22907,29.90,81.50
22908,29.90,81.50
22909,29.90,81.50
22910,29.90,81.50
22911,29.80,81.40
22912,29.90,81.40
22913,29.90,81.50
22914,29.90,81.40
22915,29.90,81.50
22916,29.90,81.50
22917,29.90,81.40
22918,29.90,81.50
22919,29.90,81.50
22920,29.90,81.50
22921,29.90,81.40
22922,29.90,81.40
22923,29.90,81.50
22924,29.90,81.50
22925,29.90,81.40
22926,29.90,81.50
22927,29.90,81.50
22928,29.90,81.40
22929,29.90,81.40
22930,29.90,81.50
22931,29.90,81.40
22932,29.90,81.50
22933,29.90,81.40
22934,29.90,81.50
22935,29.90,81.50
22936,29.90,81.50
22937,29.90,81.50
22938,29.90,81.40
22939,29.80,81.50
22940,29.90,81.50
22941,29.90,81.40
22942,29.90,81.50
22943,29.90,81.50
22944,29.90,81.50
22945,29.90,81.50
22946,29.90,81.50
22947,29.90,81.40
22948,29.90,81.50
22949,29.90,81.50
22950,29.90,81.50
22951,29.90,81.50
22952,29.90,81.50
22953,29.90,81.50
22954,29.90,81.40
22955,29.90,81.40
22956,29.90,81.40
22957,29.80,81.40
22958,29.90,81.40
22959,29.90,81.50
22960,29.90,81.40
22961,29.90,81.50
22962,29.90,81.40
22963,29.80,81.40
22964,29.90,81.50
22965,29.90,81.50
22966,29.90,81.40
22967,29.90,81.50
22968,29.90,81.50
22969,29.90,81.50
22970,29.90,81.50
22971,29.90,81.40
22972,29.90,81.50
22973,29.90,81.40
22974,29.90,81.50
22975,29.90,81.50
22976,29.90,81.50
22977,29.90,81.50
22978,29.90,81.50
22979,29.90,81.50
22980,29.90,81.50
22981,29.90,81.40
22982,29.90,81.40
22983,29.90,81.40
22984,29.90,81.50
22985,29.90,81.50
22986,29.90,81.50
22987,29.80,81.50
22988,29.90,81.50
22989,29.90,81.50
22990,29.90,81.50
22991,29.90,81.40
22992,29.80,81.50
22993,29.90,81.50
22994,29.90,81.50
22995,29.80,81.50
22996,29.80,81.50
22997,29.90,81.50
22998,29.90,81.50
22999,29.90,81.50
23000,29.90,81.50
23001,29.90,81.40
23002,29.90,81.40
23003,29.90,81.50
23004,29.90,81.50
23005,29.90,81.50
23006,29.90,81.40
23007,29.90,81.40
23008,29.90,81.40
23009,29.90,81.50
23010,29.90,81.50
23011,29.90,81.40
23012,29.80,81.40
23013,29.80,81.40
23014,29.90,81.50
23015,29.90,81.50
23016,29.90,81.40
23017,29.90,81.40
23018,29.90,81.50
23019,29.90,81.40
23020,29.90,81.40
23021,29.90,81.40
23022,29.80,81.40
23023,29.90,81.40
23024,29.90,81.40
23025,29.90,81.40
23026,29.90,81.40
23027,29.90,81.40
23028,29.90,81.40
23029,29.90,81.50
23030,29.90,81.40
23031,29.80,81.50
23032,29.90,81.40
23033,29.90,81.40
23034,29.90,81.40
23035,29.90,81.40
23036,29.90,81.40
23037,29.90,81.40
23038,29.90,81.40
23039,29.90,81.40
23040,29.90,81.40
23041,29.90,81.40
23042,29.90,81.40
23043,29.90,81.40
23044,29.90,81.50
23045,29.90,81.40
23046,29.90,81.40
23047,29.90,81.40
23048,29.90,81.40
23049,29.90,81.40
23050,29.90,81.30
23051,29.80,81.50
23052,29.90,81.40
23053,29.90,81.40
23054,29.90,81.40
23055,29.90,81.40
23056,29.90,81.40
23057,29.90,81.40
23058,29.90,81.40
23059,29.90,81.40
23060,29.90,81.40
23061,29.90,81.40
23062,29.90,81.40
23063,29.90,81.40
23064,29.90,81.40
23065,29.90,81.40
23066,29.90,81.40
23067,29.90,81.40
23068,29.90,81.40
23069,29.90,81.40
23070,29.90,81.40
23071,29.90,81.40
23072,29.90,81.40
23073,29.90,81.40
23074,29.90,81.40
23075,29.90,81.40
23076,29.90,81.40
23077,29.90,81.40
23078,29.90,81.40
23079,29.90,81.40
23080,29.80,81.40
23081,29.90,81.40
23082,29.90,81.40
23083,29.90,81.40
23084,29.90,81.40
23085,29.90,81.40
23086,29.90,81.40
23087,29.90,81.40
23088,29.90,81.40
23089,29.90,81.40
23090,29.90,81.40
23091,29.90,81.40
23092,29.90,81.40
23093,29.90,81.40
23094,29.90,81.40
23095,29.90,81.40
23096,29.90,81.40
23097,29.90,81.40
23098,29.90,81.40
23099,29.90,81.40
23100,29.90,81.40
23101,29.80,81.40
23102,29.90,81.40
23103,29.90,81.40
23104,29.90,81.40
23105,29.90,81.40
23106,29.80,81.40
23107,29.80,81.40
23108,29.90,81.40
23109,29.90,81.40
23110,29.90,81.40
23111,29.80,81.50
23112,29.90,81.40
23113,29.80,81.40
23114,29.90,81.40
23115,29.90,81.40
23116,29.90,81.50
23117,29.80,81.50
23118,29.80,81.40
23119,29.80,81.40
23120,29.90,81.40
23121,29.80,81.40
23122,29.90,81.40
23123,29.90,81.40
23124,29.90,81.50
23125,29.90,81.40
23126,29.80,81.50
23127,29.90,81.40
23128,29.90,81.40
23129,29.90,81.50
23130,29.90,81.40
23131,29.90,81.40
23132,29.90,81.40
23133,29.90,81.40
23134,29.90,81.40
23135,29.90,81.40
23136,29.90,81.40
23137,29.90,81.40
23138,29.90,81.40
23139,29.90,81.40
23140,29.90,81.40
23141,29.80,81.30
23142,29.90,81.40
23143,29.90,81.40
23144,29.90,81.40
23145,29.90,81.40
23146,29.90,81.40
23147,29.90,81.40
23148,29.90,81.40
23149,29.90,81.40
23150,29.90,81.40
23151,29.90,81.40
23152,29.90,81.40
23153,29.90,81.40
23154,29.90,81.30
23155,29.90,81.40
23156,29.90,81.40
23157,29.90,81.40
23158,29.90,81.40
23159,29.80,81.40
23160,29.80,81.30
23161,29.90,81.40
23162,29.90,81.40
23163,29.80,81.40
23164,29.80,81.40
23165,29.90,81.40
23166,29.80,81.40
23167,29.90,81.40
23168,29.90,81.40
23169,29.90,81.40
23170,29.80,81.40
23171,29.90,81.40
23172,29.90,81.40
23173,29.90,81.40
23174,29.80,81.40
23175,29.80,81.40
23176,29.90,81.40
23177,29.90,81.40
23178,29.90,81.40
23179,29.90,81.40
23180,29.90,81.40
23181,29.90,81.40
23182,29.90,81.40
23183,29.90,81.40
23184,29.90,81.40
23185,29.90,81.40
23186,29.80,81.40
23187,29.90,81.50
23188,29.90,81.40
23189,29.90,81.40
23190,29.90,81.40
23191,29.90,81.40
23192,29.90,81.40
23193,29.90,81.40
23194,29.90,81.40
23195,29.80,81.40
23196,29.90,81.40
23197,29.80,81.40
23198,29.90,81.40
23199,29.90,81.40
23200,29.90,81.40
23201,29.80,81.40
23202,29.90,81.40
23203,29.90,81.40
23204,29.80,81.40
23205,29.90,81.40
23206,29.90,81.40
23207,29.90,81.40
23208,29.80,81.40
23209,29.90,81.40
23210,29.90,81.40
23211,29.80,81.40
23212,29.90,81.40
23213,29.90,81.40
23214,29.90,81.40
23215,29.80,81.40
23216,29.90,81.40
23217,29.90,81.40
23218,29.90,81.40
23219,29.90,81.40
23220,29.90,81.40
23221,29.90,81.40
23222,29.90,81.40
23223,29.90,81.40
23224,29.80,81.40
23225,29.80,81.40
23226,29.90,81.40
23227,29.80,81.50
23228,29.90,81.40
23229,29.90,81.40
23230,29.90,81.40
23231,29.90,81.40
23232,29.90,81.40
23233,29.80,81.40
23234,29.80,81.40
23235,29.80,81.40
23236,29.90,81.40
23237,29.90,81.40
23238,29.90,81.40
23239,29.90,81.40
23240,29.90,81.40
23241,29.80,81.40
23242,29.80,81.40
23243,29.80,81.40
23244,29.90,81.40
23245,29.80,81.40
23246,29.80,81.40
23247,29.80,81.40
23248,29.90,81.40
23249,29.90,81.40
23250,29.90,81.40
23251,29.90,81.40
23252,29.90,81.40
23253,29.80,81.40
23254,29.80,81.40
23255,29.90,81.40
23256,29.80,81.40
23257,29.80,81.40
23258,29.90,81.40
23259,29.90,81.40
23260,29.90,81.40
23261,29.90,81.40
23262,29.90,81.40
23263,29.90,81.40
23264,29.80,81.40
23265,29.80,81.40
23266,29.90,81.40
23267,29.90,81.40
23268,29.80,81.40
23269,29.90,81.40
23270,29.80,81.40
23271,29.80,81.40
23272,29.80,81.40
23273,29.80,81.40
23274,29.80,81.40
23275,29.80,81.40
23276,29.90,81.40
23277,29.80,81.40
23278,29.80,81.40
23279,29.90,81.40
23280,29.80,81.40
23281,29.80,81.40
23282,29.90,81.40
23283,29.90,81.40
23284,29.80,81.40
23285,29.80,81.40
23286,29.90,81.40
23287,29.90,81.40
23288,29.80,81.40
23289,29.90,81.40
23290,29.80,81.40
23291,29.80,81.40
23292,29.80,81.40
23293,29.90,81.40
23294,29.80,81.40
23295,29.80,81.40
23296,29.80,81.40
23297,29.90,81.40
23298,29.80,81.40
23299,29.80,81.40
23300,29.90,81.40
23301,29.90,81.40
23302,29.80,81.40
23303,29.90,81.40
23304,29.80,81.40
23305,29.80,81.40
23306,29.90,81.40
23307,29.90,81.40
23308,29.80,81.40
23309,29.80,81.40
23310,29.90,81.40
23311,29.90,81.40
23312,29.90,81.40
23313,29.90,81.40
23314,29.80,81.40
23315,29.90,81.40
23316,29.80,81.40
23317,29.90,81.40
23318,29.90,81.40
23319,29.90,81.40
23320,29.90,81.40
23321,29.90,81.40
23322,29.80,81.40
23323,29.90,81.40
23324,29.80,81.40
23325,29.80,81.40
23326,29.80,81.30
23327,29.90,81.40
23328,29.90,81.40
23329,29.90,81.30
23330,29.90,81.30
23331,29.80,81.40
23332,29.90,81.40
23333,29.90,81.40
23334,29.80,81.40
23335,29.90,81.30
23336,29.80,81.30
23337,29.90,81.40
23338,29.90,81.30
23339,29.80,81.30
23340,29.90,81.40
23341,29.90,81.40
23342,29.90,81.30
23343,29.80,81.40
23344,29.90,81.40
23345,29.80,81.40
23346,29.90,81.40
23347,29.80,81.30
23348,29.90,81.40
23349,29.90,81.40
23350,29.90,81.30
23351,29.90,81.40
23352,29.80,81.40
23353,29.90,81.30
23354,29.90,81.40
23355,29.90,81.40
23356,29.90,81.40
23357,29.90,81.30
23358,29.90,81.40
23359,29.80,81.40
23360,29.90,81.40
23361,29.80,81.40
23362,29.80,81.40
23363,29.90,81.30
23364,29.90,81.40
23365,29.80,81.40
23366,29.90,81.30
23367,29.90,81.40
23368,29.80,81.40
23369,29.80,81.40
23370,29.80,81.40
23371,29.80,81.40
23372,29.90,81.40
23373,29.90,81.40
23374,29.90,81.40
23375,29.80,81.40
23376,29.90,81.30
23377,29.80,81.30
23378,29.90,81.30
23379,29.90,81.40
23380,29.90,81.40
23381,29.90,81.30
23382,29.90,81.30
23383,29.80,81.40
23384,29.80,81.40
23385,29.90,81.40
23386,29.90,81.30
23387,29.90,81.40
23388,29.90,81.40
23389,29.90,81.30
23390,29.90,81.40
23391,29.80,81.40
23392,29.90,81.30
23393,29.80,81.40
23394,29.90,81.40
23395,29.80,81.30
23396,29.80,81.30
23397,29.90,81.40
23398,29.80,81.30
23399,29.80,81.40
23400,29.80,81.30
23401,29.90,81.30
23402,29.90,81.30
23403,29.80,81.30
23404,29.90,81.30
23405,29.90,81.40
23406,29.80,81.40
23407,29.90,81.30
23408,29.90,81.30
23409,29.90,81.40
23410,29.90,81.30
23411,29.90,81.30
23412,29.80,81.30
23413,29.90,81.30
23414,29.90,81.30
23415,29.80,81.30
23416,29.80,81.30
23417,29.80,81.30
23418,29.80,81.30
23419,29.90,81.30
23420,29.80,81.30
23421,29.80,81.40
23422,29.80,81.40
23423,29.90,81.30
23424,29.80,81.30
23425,29.80,81.30
23426,29.80,81.40
23427,29.90,81.30
23428,29.80,81.40
23429,29.90,81.40
23430,29.80,81.30
23431,29.80,81.30
23432,29.80,81.30
23433,29.90,81.40
23434,29.90,81.30
23435,29.90,81.40
23436,29.90,81.40
23437,29.90,81.40
23438,29.80,81.40
23439,29.90,81.40
23440,29.80,81.30
23441,29.90,81.30
23442,29.80,81.30
23443,29.90,81.30
23444,29.90,81.40
23445,29.80,81.30
23446,29.80,81.30
23447,29.80,81.30
23448,29.90,81.40
23449,29.80,81.30
23450,29.80,81.30
23451,29.90,81.30
23452,29.80,81.30
23453,29.80,81.40
23454,29.90,81.40
23455,29.80,81.40
23456,29.80,81.40
23457,29.80,81.30
23458,29.90,81.40
23459,29.80,81.40
23460,29.80,81.40
23461,29.80,81.40
23462,29.80,81.40
23463,29.80,81.30
23464,29.80,81.30
23465,29.80,81.40
23466,29.80,81.40
23467,29.90,81.40
23468,29.80,81.30
23469,29.80,81.30
23470,29.90,81.40
23471,29.80,81.30
23472,29.80,81.30
23473,29.80,81.30
23474,29.80,81.30
23475,29.80,81.30
23476,29.80,81.30
23477,29.80,81.30
23478,29.80,81.30
23479,29.90,81.40
23480,29.80,81.30
23481,29.90,81.20
23482,29.80,81.30
23483,29.80,81.40
23484,29.90,81.30
23485,29.80,81.40
23486,29.90,81.30
23487,29.90,81.30
23488,29.80,81.30
23489,29.80,81.40
23490,29.90,81.30
23491,29.80,81.40
23492,29.80,81.30
23493,29.80,81.30
23494,29.80,81.30
23495,29.80,81.40
23496,29.90,81.30
23497,29.80,81.30
23498,29.90,81.40
23499,29.80,81.40
23500,29.90,81.30
23501,29.90,81.30
23502,29.80,81.30
23503,29.80,81.30
23504,29.80,81.30
23505,29.90,81.30
23506,29.80,81.40
23507,29.80,81.30
23508,29.90,81.30
23509,29.90,81.30
23510,29.80,81.30
23511,29.80,81.30
23512,29.80,81.30
23513,29.80,81.30
23514,29.90,81.30
23515,29.80,81.30
23516,29.90,81.30
23517,29.80,81.30
23518,29.90,81.40
23519,29.80,81.30
23520,29.90,81.30
23521,29.90,81.30
23522,29.90,81.30
23523,29.80,81.30
23524,29.80,81.30
23525,29.90,81.30
23526,29.80,81.30
23527,29.80,81.30
23528,29.90,81.30
23529,29.80,81.30
23530,29.90,81.30
23531,29.80,81.30
23532,29.80,81.30
23533,29.80,81.30
23534,29.80,81.30
23535,29.80,81.30
23536,29.80,81.30
23537,29.80,81.30
23538,29.90,81.30
23539,29.80,81.30
23540,29.90,81.30
23541,29.80,81.30
23542,29.90,81.30
23543,29.90,81.30
23544,29.80,81.30
23545,29.90,81.30
23546,29.80,81.30
23547,29.80,81.30
23548,29.80,81.30
23549,29.80,81.40
23550,29.80,81.30
23551,29.80,81.30
23552,29.80,81.30
23553,29.90,81.30
23554,29.80,81.30
23555,29.80,81.30
23556,29.90,81.30
23557,29.80,81.20
23558,29.80,81.30
23559,29.80,81.30
23560,29.90,81.30
23561,29.80,81.30
23562,29.80,81.30
23563,29.80,81.30
23564,29.90,81.30
23565,29.80,81.30
23566,29.90,81.30
23567,29.80,81.30
23568,29.90,81.30
23569,29.80,81.30
23570,29.90,81.30
23571,29.80,81.30
23572,29.90,81.30
23573,29.80,81.30
23574,29.80,81.30
23575,29.80,81.30
23576,29.80,81.30
23577,29.80,81.30
23578,29.90,81.30
23579,29.90,81.30
23580,29.80,81.30
23581,29.90,81.30
23582,29.80,81.30
23583,29.90,81.30
23584,29.80,81.30
23585,29.80,81.30
23586,29.80,81.30
23587,29.80,81.30
23588,29.80,81.40
23589,29.90,81.30
23590,29.90,81.30
23591,29.80,81.30
23592,29.90,81.30
23593,29.90,81.30
23594,29.80,81.30
23595,29.90,81.30
23596,29.80,81.30
23597,29.80,81.30
23598,29.80,81.30
23599,29.80,81.30
23600,29.90,81.30
23601,29.90,81.30
23602,29.90,81.30
23603,29.80,81.30
23604,29.90,81.30
23605,29.80,81.30
23606,29.80,81.30
23607,29.80,81.30
23608,29.80,81.40
23609,29.80,81.30
23610,29.80,81.30
23611,29.80,81.30
23612,29.80,81.20
23613,29.80,81.20
23614,29.80,81.30
23615,29.90,81.30
23616,29.80,81.30
23617,29.80,81.30
23618,29.80,81.30
23619,29.90,81.30
23620,29.80,81.30
23621,29.80,81.30
23622,29.80,81.30
23623,29.80,81.30
23624,29.80,81.30
23625,29.80,81.30
23626,29.80,81.30
23627,29.80,81.30
23628,29.80,81.30
23629,29.80,81.30
23630,29.90,81.20
23631,29.80,81.30
23632,29.80,81.30
23633,29.80,81.30
23634,29.80,81.30
23635,29.80,81.20
23636,29.80,81.30
23637,29.90,81.30
23638,29.80,81.30
23639,29.80,81.30
23640,29.80,81.30
23641,29.80,81.30
23642,29.80,81.30
23643,29.90,81.20
23644,29.90,81.30
23645,29.80,81.20
23646,29.80,81.20
23647,29.90,81.30
23648,29.80,81.20
23649,29.80,81.30
23650,29.90,81.30
23651,29.80,81.30
23652,29.80,81.30
23653,29.80,81.30
23654,29.80,81.20
23655,29.90,81.20
23656,29.80,81.20
23657,29.80,81.20
23658,29.80,81.30
23659,29.80,81.30
23660,29.80,81.30
23661,29.90,81.20
23662,29.80,81.20
23663,29.90,81.30
23664,29.90,81.20
23665,29.80,81.20
23666,29.80,81.20
23667,29.80,81.20
23668,29.90,81.20
23669,29.90,81.30
23670,29.80,81.30
23671,29.90,81.30
23672,29.80,81.20
23673,29.80,81.30
23674,29.90,81.30
23675,29.80,81.20
23676,29.80,81.20
23677,29.90,81.30
23678,29.80,81.20
23679,29.90,81.20
23680,29.80,81.30
23681,29.80,81.20
23682,29.80,81.30
23683,29.90,81.20
23684,29.80,81.30
23685,29.80,81.20
23686,29.90,81.20
23687,29.80,81.30
23688,29.90,81.30
23689,29.90,81.20
23690,29.80,81.30
23691,29.80,81.20
23692,29.80,81.30
23693,29.80,81.20
23694,29.80,81.30
23695,29.80,81.30
23696,29.90,81.20
23697,29.90,81.20
23698,29.90,81.20
23699,29.90,81.20
23700,29.90,81.20
23701,29.90,81.20
23702,29.80,81.30
23703,29.80,81.20
23704,29.80,81.20
23705,29.80,81.20
23706,29.90,81.30
23707,29.90,81.20
23708,29.80,81.30
23709,29.80,81.20
23710,29.80,81.20
23711,29.80,81.20
23712,29.80,81.30
23713,29.80,81.20
23714,29.80,81.30
23715,29.80,81.30
23716,29.80,81.30
23717,29.90,81.20
23718,29.80,81.20
23719,29.80,81.20
23720,29.90,81.30
23721,29.90,81.20
23722,29.90,81.20
23723,29.90,81.20
23724,29.80,81.20
23725,29.90,81.20
23726,29.80,81.20
23727,29.80,81.20
23728,29.80,81.20
23729,29.80,81.20
23730,29.90,81.20
23731,29.80,81.20
23732,29.80,81.20
23733,29.80,81.20
23734,29.80,81.20
23735,29.80,81.20
23736,29.80,81.20
23737,29.80,81.20
23738,29.80,81.20
23739,29.80,81.20
23740,29.80,81.20
23741,29.80,81.20
23742,29.80,81.20
23743,29.80,81.20
23744,29.80,81.20
23745,29.90,81.20
23746,29.80,81.20
23747,29.80,81.30
23748,29.80,81.20
23749,29.80,81.20
23750,29.80,81.20
23751,29.80,81.20
23752,29.90,81.30
23753,29.80,81.20
23754,29.80,81.20
23755,29.80,81.20
23756,29.80,81.20
23757,29.80,81.20
23758,29.80,81.30
23759,29.80,81.20
23760,29.80,81.20
23761,29.80,81.20
23762,29.80,81.20
23763,29.90,81.20
23764,29.80,81.20
23765,29.90,81.20
23766,29.80,81.30
23767,29.80,81.20
23768,29.80,81.20
23769,29.80,81.30
23770,29.80,81.30
23771,29.80,81.20
23772,29.80,81.20
23773,29.80,81.20
23774,29.80,81.20
23775,29.80,81.20
23776,29.80,81.20
23777,29.80,81.20
23778,29.90,81.20
23779,29.80,81.20
23780,29.80,81.20
23781,29.90,81.20
23782,29.80,81.20
23783,29.80,81.30
23784,29.80,81.30
23785,29.90,81.20
23786,29.80,81.20
23787,29.80,81.30
23788,29.80,81.20
23789,29.80,81.30
23790,29.80,81.20
23791,29.80,81.30
23792,29.80,81.30
23793,29.80,81.30
23794,29.80,81.30
23795,29.80,81.30
23796,29.80,81.30
23797,29.80,81.20
23798,29.80,81.20
23799,29.80,81.30
23800,29.80,81.30
23801,29.80,81.20
23802,29.80,81.30
23803,29.80,81.30
23804,29.90,81.20
23805,29.80,81.30
23806,29.80,81.30
23807,29.80,81.30
23808,29.80,81.20
23809,29.80,81.30
23810,29.80,81.30
23811,29.80,81.30
23812,29.80,81.30
23813,29.80,81.30
23814,29.80,81.30
23815,29.80,81.30
23816,29.80,81.30
23817,29.80,81.30
23818,29.80,81.30
23819,29.80,81.30
23820,29.80,81.30
23821,29.80,81.30
23822,29.80,81.30
23823,29.80,81.30
23824,29.80,81.20
23825,29.80,81.30
23826,29.80,81.30
23827,29.80,81.30
23828,29.80,81.30
23829,29.80,81.30
23830,29.80,81.30
23831,29.80,81.30
23832,29.80,81.30
23833,29.80,81.30
23834,29.80,81.30
23835,29.80,81.30
23836,29.80,81.20
23837,29.80,81.20
23838,29.80,81.30
23839,29.80,81.30
23840,29.80,81.20
23841,29.80,81.30
23842,29.80,81.30
23843,29.80,81.30
23844,29.80,81.30
23845,29.80,81.20
23846,29.80,81.30
23847,29.80,81.30
23848,29.80,81.30
23849,29.80,81.30
23850,29.80,81.30
23851,29.80,81.20
23852,29.80,81.30
23853,29.80,81.30
23854,29.80,81.20
23855,29.80,81.20
23856,29.80,81.30
23857,29.80,81.30
23858,29.80,81.30
23859,29.80,81.30
23860,29.80,81.30
23861,29.80,81.30
23862,29.80,81.30
23863,29.80,81.30
23864,29.80,81.30
23865,29.80,81.30
23866,29.80,81.30
23867,29.80,81.30
23868,29.80,81.20
23869,29.80,81.30
23870,29.80,81.30
23871,29.80,81.30
23872,29.80,81.30
23873,29.80,81.30
23874,29.80,81.30
23875,29.80,81.30
23876,29.80,81.30
23877,29.80,81.30
23878,29.80,81.30
23879,29.80,81.20
23880,29.80,81.30
23881,29.80,81.20
23882,29.80,81.30
23883,29.80,81.30
23884,29.80,81.30
23885,29.80,81.30
23886,29.80,81.30
23887,29.80,81.30
23888,29.80,81.30
23889,29.80,81.30
23890,29.80,81.20
23891,29.80,81.30
23892,29.80,81.30
23893,29.80,81.20
23894,29.80,81.20
23895,29.80,81.30
23896,29.80,81.30
23897,29.90,81.20
23898,29.80,81.20
23899,29.80,81.30
23900,29.80,81.30
23901,29.80,81.20
23902,29.80,81.30
23903,29.80,81.20
23904,29.80,81.20
23905,29.80,81.30
23906,29.80,81.20
23907,29.80,81.30
23908,29.80,81.30
23909,29.80,81.20
23910,29.80,81.30
23911,29.80,81.30
23912,29.80,81.30
23913,29.80,81.30
23914,29.80,81.30
23915,29.80,81.30
23916,29.80,81.20
23917,29.80,81.20
23918,29.80,81.30
23919,29.80,81.30
23920,29.80,81.20
23921,29.80,81.30
23922,29.80,81.30
23923,29.80,81.30
23924,29.80,81.20
23925,29.80,81.30
23926,29.80,81.30
23927,29.80,81.20
23928,29.80,81.20
23929,29.80,81.20
23930,29.80,81.20
23931,29.80,81.30
23932,29.80,81.30
23933,29.80,81.20
23934,29.80,81.30
23935,29.80,81.20
23936,29.80,81.20
23937,29.80,81.20
23938,29.80,81.30
23939,29.80,81.30
23940,29.80,81.30
23941,29.80,81.30
23942,29.80,81.20
23943,29.80,81.20
23944,29.80,81.20
23945,29.80,81.20
23946,29.80,81.30
23947,29.80,81.30
23948,29.80,81.30
23949,29.80,81.30
23950,29.80,81.20
23951,29.80,81.30
23952,29.80,81.20
23953,29.80,81.20
23954,29.80,81.30
23955,29.80,81.20
23956,29.80,81.20
23957,29.80,81.30
23958,29.80,81.20
23959,29.80,81.20
23960,29.80,81.30
23961,29.80,81.20
23962,29.80,81.20
23963,29.80,81.20
23964,29.80,81.20
23965,29.80,81.30
23966,29.80,81.30
23967,29.80,81.20
23968,29.80,81.30
23969,29.80,81.20
23970,29.80,81.30
23971,29.80,81.30
23972,29.80,81.20
23973,29.80,81.20
23974,29.80,81.30
23975,29.80,81.20
23976,29.80,81.20
23977,29.80,81.20
23978,29.80,81.20
23979,29.80,81.20
23980,29.80,81.20
23981,29.80,81.30
23982,29.80,81.20
23983,29.80,81.20
23984,29.80,81.20
23985,29.80,81.20
23986,29.80,81.30
23987,29.80,81.20
23988,29.80,81.20
23989,29.80,81.20
23990,29.80,81.20
23991,29.80,81.20
23992,29.80,81.20
23993,29.80,81.20
23994,29.80,81.20
23995,29.80,81.20
23996,29.80,81.20
23997,29.80,81.20
23998,29.80,81.30
23999,29.80,81.20
24000,29.80,81.20
24001,29.80,81.30
24002,29.80,81.20
24003,29.80,81.20
24004,29.80,81.20
24005,29.80,81.20
24006,29.80,81.30
24007,29.80,81.20
24008,29.80,81.30
24009,29.80,81.30
24010,29.80,81.20
24011,29.80,81.20
24012,29.80,81.20
24013,29.80,81.20
24014,29.80,81.30
24015,29.80,81.30
24016,29.80,81.20
24017,29.80,81.20
24018,29.80,81.20
24019,29.80,81.30
24020,29.80,81.20
24021,29.80,81.30
24022,29.80,81.30
24023,29.80,81.20
24024,29.80,81.20
24025,29.80,81.20
24026,29.80,81.30
24027,29.80,81.30
24028,29.80,81.20
24029,29.80,81.20
24030,29.80,81.20
24031,29.80,81.20
24032,29.80,81.20
24033,29.80,81.20
24034,29.80,81.20
24035,29.80,81.20
24036,29.80,81.30
24037,29.80,81.20
24038,29.80,81.30
24039,29.80,81.20
24040,29.80,81.20
24041,29.80,81.20
24042,29.80,81.30
24043,29.80,81.20
24044,29.80,81.20
24045,29.80,81.20
24046,29.80,81.30
24047,29.80,81.20
24048,29.80,81.20
24049,29.80,81.20
24050,29.80,81.20
24051,29.80,81.30
24052,29.80,81.20
24053,29.80,81.20
24054,29.80,81.20
24055,29.80,81.20
24056,29.80,81.30
24057,29.80,81.20
24058,29.80,81.20
24059,29.80,81.20
24060,29.80,81.30
24061,29.80,81.20
24062,29.80,81.20
24063,29.80,81.20
24064,29.80,81.20
24065,29.80,81.20
24066,29.80,81.20
24067,29.80,81.30
24068,29.80,81.20
24069,29.80,81.20
24070,29.80,81.20
24071,29.80,81.20
24072,29.80,81.20
24073,29.80,81.20
24074,29.80,81.20
24075,29.80,81.20
24076,29.80,81.20
24077,29.80,81.10
24078,29.80,81.20
24079,29.80,81.20
24080,29.80,81.20
24081,29.80,81.10
24082,29.80,81.20
24083,29.80,81.20
24084,29.80,81.20
24085,29.80,81.20
24086,29.80,81.20
24087,29.80,81.20
24088,29.80,81.20
24089,29.80,81.20
24090,29.80,81.20
24091,29.80,81.20
24092,29.80,81.20
24093,29.80,81.20
24094,29.80,81.20
24095,29.80,81.10
24096,29.80,81.20
24097,29.80,81.20
24098,29.80,81.20
24099,29.80,81.20
24100,29.80,81.20
24101,29.80,81.20
24102,29.80,81.20
24103,29.80,81.20
24104,29.80,81.20
24105,29.80,81.20
24106,29.80,81.20
24107,29.80,81.20
24108,29.80,81.20
24109,29.80,81.20
24110,29.80,81.20
24111,29.80,81.20
24112,29.80,81.20
24113,29.80,81.20
24114,29.80,81.20
24115,29.80,81.20
24116,29.80,81.20
24117,29.80,81.30
24118,29.80,81.20
24119,29.80,81.20
24120,29.80,81.20
24121,29.80,81.20
24122,29.80,81.20
24123,29.80,81.20
24124,29.80,81.20
24125,29.80,81.10
24126,29.80,81.20
24127,29.80,81.20
24128,29.80,81.20
24129,29.80,81.20
24130,29.80,81.20
24131,29.80,81.30
24132,29.80,81.20
24133,29.80,81.20
24134,29.80,81.20
24135,29.80,81.20
24136,29.80,81.20
24137,29.80,81.20
24138,29.80,81.20
24139,29.80,81.20
24140,29.80,81.10
24141,29.80,81.30
24142,29.80,81.30
24143,29.80,81.20
24144,29.80,81.20
24145,29.80,81.20
24146,29.80,81.20
24147,29.80,81.20
24148,29.80,81.20
24149,29.80,81.30
24150,29.80,81.20
24151,29.80,81.20
24152,29.80,81.20
24153,29.80,81.20
24154,29.80,81.20
24155,29.80,81.20
24156,29.80,81.20
24157,29.80,81.20
24158,29.80,81.20
24159,29.80,81.20
24160,29.80,81.20
24161,29.80,81.20
24162,29.80,81.20
24163,29.80,81.20
24164,29.80,81.20
24165,29.80,81.20
24166,29.80,81.20
24167,29.80,81.20
24168,29.80,81.10
24169,29.80,81.20
24170,29.80,81.20
24171,29.80,81.20
24172,29.80,81.20
24173,29.80,81.20
24174,29.80,81.20
24175,29.80,81.20
24176,29.80,81.20
24177,29.80,81.20
24178,29.80,81.20
24179,29.80,81.20
24180,29.80,81.10
24181,29.80,81.20
24182,29.80,81.20
24183,29.80,81.20
24184,29.80,81.20
24185,29.80,81.20
24186,29.80,81.20
24187,29.80,81.10
24188,29.80,81.20
24189,29.80,81.20
24190,29.80,81.20
24191,29.80,81.20
24192,29.80,81.10
24193,29.80,81.20
24194,29.80,81.10
24195,29.80,81.20
24196,29.80,81.20
24197,29.80,81.10
24198,29.80,81.20
24199,29.80,81.20
24200,29.80,81.20
24201,29.80,81.20
24202,29.80,81.20
24203,29.80,81.20
24204,29.80,81.20
24205,29.80,81.20
24206,29.80,81.20
24207,29.80,81.10
24208,29.80,81.20
24209,29.80,81.20
24210,29.80,81.10
24211,29.80,81.20
24212,29.80,81.20
24213,29.80,81.20
24214,29.80,81.20
24215,29.80,81.20
24216,29.80,81.20
24217,29.80,81.20
24218,29.80,81.20
24219,29.80,81.20
24220,29.80,81.10
24221,29.80,81.20
24222,29.80,81.20
24223,29.80,81.20
24224,29.80,81.10
24225,29.80,81.20
24226,29.80,81.20
24227,29.80,81.20
24228,29.80,81.20
24229,29.80,81.20
24230,29.80,81.20
24231,29.80,81.20
24232,29.80,81.20
24233,29.80,81.20
24234,29.80,81.10
24235,29.80,81.20
24236,29.80,81.20
24237,29.80,81.20
24238,29.80,81.20
24239,29.80,81.20
24240,29.80,81.20
24241,29.80,81.20
24242,29.80,81.20
24243,29.80,81.20
24244,29.80,81.20
24245,29.80,81.20
24246,29.80,81.20
24247,29.80,81.20
24248,29.80,81.20
24249,29.80,81.20
24250,29.80,81.20
24251,29.80,81.20
24252,29.80,81.20
24253,29.80,81.20
24254,29.80,81.10
24255,29.80,81.20
24256,29.80,81.20
24257,29.80,81.20
24258,29.80,81.20
24259,29.80,81.20
24260,29.80,81.20
24261,29.80,81.20
24262,29.80,81.20
24263,29.80,81.20
24264,29.80,81.20
24265,29.80,81.20
24266,29.80,81.20
24267,29.80,81.20
24268,29.80,81.20
24269,29.80,81.20
24270,29.80,81.20
24271,29.80,81.20
24272,29.80,81.20
24273,29.80,81.10
24274,29.80,81.20
24275,29.80,81.20
24276,29.80,81.20
24277,29.80,81.20
24278,29.80,81.10
24279,29.80,81.20
24280,29.80,81.20
24281,29.80,81.20
24282,29.80,81.20
24283,29.80,81.20
24284,29.80,81.20
24285,29.80,81.20
24286,29.80,81.20
24287,29.80,81.20
24288,29.80,81.20
24289,29.80,81.20
24290,29.80,81.20
24291,29.80,81.10
24292,29.80,81.20
24293,29.80,81.20
24294,29.80,81.20
24295,29.80,81.20
24296,29.80,81.20
24297,29.80,81.20
24298,29.80,81.20
24299,29.80,81.10
24300,29.80,81.20
24301,29.80,81.20
24302,29.80,81.20
24303,29.80,81.10
24304,29.80,81.10
24305,29.80,81.10
24306,29.80,81.10
24307,29.80,81.20
24308,29.80,81.10
24309,29.80,81.20
24310,29.80,81.20
24311,29.80,81.10
24312,29.80,81.20
24313,29.80,81.10
24314,29.80,81.20
24315,29.80,81.10
24316,29.80,81.20
24317,29.80,81.10
24318,29.80,81.10
24319,29.80,81.20
24320,29.80,81.10
24321,29.80,81.20
24322,29.80,81.10
24323,29.80,81.20
24324,29.80,81.10
24325,29.80,81.10
24326,29.80,81.10
24327,29.80,81.10
24328,29.80,81.10
24329,29.80,81.10
24330,29.80,81.10
24331,29.80,81.20
24332,29.80,81.20
24333,29.80,81.10
24334,29.80,81.10
24335,29.80,81.20
24336,29.80,81.10
24337,29.80,81.20
24338,29.80,81.10
24339,29.80,81.10
24340,29.80,81.10
24341,29.80,81.10
24342,29.80,81.10
24343,29.80,81.10
24344,29.80,81.10
24345,29.80,81.10
24346,29.80,81.10
24347,29.80,81.10
24348,29.80,81.10
24349,29.80,81.10
24350,29.80,81.10
24351,29.80,81.10
24352,29.80,81.10
24353,29.80,81.10
24354,29.80,81.10
24355,29.80,81.10
24356,29.80,81.10
24357,29.80,81.10
24358,29.80,81.10
24359,29.80,81.10
24360,29.80,81.10
24361,29.80,81.10
24362,29.80,81.10
24363,29.80,81.10
24364,29.80,81.10
24365,29.80,81.10
24366,29.80,81.10
24367,29.80,81.10
24368,29.80,81.10
24369,29.80,81.10
24370,29.80,81.10
24371,29.80,81.10
24372,29.80,81.10
24373,29.80,81.10
24374,29.80,81.10
24375,29.80,81.10
24376,29.80,81.10
24377,29.80,81.10
24378,29.80,81.10
24379,29.90,81.10
24380,29.80,81.10
24381,29.80,81.00
24382,29.80,81.10
24383,29.80,81.10
24384,29.80,81.10
24385,29.80,81.10
24386,29.80,81.00
24387,29.80,81.10
24388,29.80,81.10
24389,29.80,81.10
24390,29.80,81.10
24391,29.80,81.10
24392,29.80,81.10
24393,29.80,81.10
24394,29.80,81.10
24395,29.80,81.00
24396,29.80,81.10
24397,29.80,81.10
24398,29.80,81.10
24399,29.80,81.10
24400,29.80,81.10
24401,29.80,81.10
24402,29.80,81.10
24403,29.80,81.10
24404,29.80,81.10
24405,29.80,81.10
24406,29.80,81.00
24407,29.80,81.10
24408,29.80,81.10
24409,29.80,81.10
24410,29.80,81.10
24411,29.80,81.00
24412,29.80,81.10
24413,29.80,81.10
24414,29.80,81.10
24415,29.80,81.10
24416,29.80,81.00
24417,29.80,81.10
24418,29.80,81.00
24419,29.80,81.10
24420,29.80,81.10
24421,29.80,81.10
24422,29.80,81.10
24423,29.80,81.00
24424,29.80,81.10
24425,29.80,81.10
24426,29.80,81.10
24427,29.80,81.10
24428,29.80,81.10
24429,29.80,81.10
24430,29.80,81.00
24431,29.80,81.00
24432,29.80,81.10
24433,29.80,81.10
24434,29.80,81.10
24435,29.80,81.10
24436,29.80,81.10
24437,29.80,81.10
24438,29.80,81.10
24439,29.80,81.10
24440,29.80,81.00
24441,29.80,81.00
24442,29.80,81.00
24443,29.80,81.00
24444,29.80,81.10
24445,29.80,81.10
24446,29.80,81.00
24447,29.80,81.10
24448,29.80,81.00
24449,29.80,81.10
24450,29.80,81.10
24451,29.80,81.00
24452,29.80,81.10
24453,29.80,81.00
24454,29.80,81.10
24455,29.80,81.10
24456,29.80,81.00
24457,29.80,81.00
24458,29.80,81.10
24459,29.80,81.00
24460,29.80,81.00
24461,29.80,81.10
24462,29.80,81.10
24463,29.80,81.00
24464,29.80,81.00
24465,29.80,81.00
24466,29.80,81.00
24467,29.80,81.00
24468,29.80,81.10
24469,29.80,81.10
24470,29.80,81.00
24471,29.80,81.10
24472,29.80,81.00
24473,29.80,81.00
24474,29.80,81.00
24475,29.80,81.00
24476,29.80,81.00
24477,29.80,81.10
24478,29.80,81.00
24479,29.80,81.10
24480,29.80,81.10
24481,29.80,81.10
24482,29.80,81.00
24483,29.80,81.10
24484,29.80,81.10
24485,29.80,81.00
24486,29.80,81.00
24487,29.80,81.00
24488,29.80,81.00
24489,29.80,81.10
24490,29.80,81.00
24491,29.80,81.00
24492,29.80,81.10
24493,29.80,81.00
24494,29.80,81.00
24495,29.80,81.00
24496,29.80,81.00
24497,29.80,81.00
24498,29.80,81.00
24499,29.80,81.00
24500,29.80,81.00
24501,29.80,81.00
24502,29.80,81.00
24503,29.80,81.00
24504,29.80,81.00
24505,29.80,81.00
24506,29.80,81.00
24507,29.80,81.00
24508,29.80,81.00
24509,29.80,81.00
24510,29.80,81.10
24511,29.80,81.10
24512,29.80,81.00
24513,29.80,81.00
24514,29.80,81.00
24515,29.80,81.00
24516,29.80,81.10
24517,29.80,81.00
24518,29.80,81.00
24519,29.80,81.00
24520,29.80,81.00
24521,29.80,81.00
24522,29.80,81.00
24523,29.80,81.00
24524,29.80,81.00
24525,29.80,81.00
24526,29.80,81.00
24527,29.80,81.10
24528,29.80,81.10
24529,29.80,81.10
24530,29.80,81.00
24531,29.80,81.10
24532,29.80,81.00
24533,29.80,81.00
24534,29.80,81.00
24535,29.80,81.00
24536,29.80,81.00
24537,29.80,81.00
24538,29.80,81.10
24539,29.80,81.00
24540,29.80,81.00
24541,29.80,81.00
24542,29.80,81.00
24543,29.80,81.00
24544,29.80,81.00
24545,29.80,81.00
24546,29.80,81.00
24547,29.80,81.10
24548,29.80,81.00
24549,29.80,81.00
24550,29.80,81.00
24551,29.80,81.00
24552,29.80,81.00
24553,29.80,81.00
24554,29.70,81.00
24555,29.80,81.00
24556,29.80,81.00
24557,29.80,81.00
24558,29.80,81.00
24559,29.80,81.00
24560,29.80,81.10
24561,29.80,81.00
24562,29.80,81.00
24563,29.80,81.00
24564,29.80,81.00
24565,29.80,81.00
24566,29.80,81.00
24567,29.80,81.00
24568,29.80,81.00
24569,29.80,81.00
24570,29.80,81.00
24571,29.80,81.00
24572,29.80,81.00
24573,29.80,81.00
24574,29.80,81.00
24575,29.80,80.90
24576,29.80,81.00
24577,29.80,81.00
24578,29.80,81.00
24579,29.80,81.00
24580,29.80,81.00
24581,29.80,81.00
24582,29.80,81.00
24583,29.80,81.00
24584,29.80,81.00
24585,29.80,81.00
24586,29.80,81.00
24587,29.80,81.00
24588,29.80,81.00
24589,29.80,81.00
24590,29.80,81.00
24591,29.80,80.90
24592,29.80,81.00
24593,29.80,81.00
24594,29.80,81.00
24595,29.80,81.00
24596,29.80,81.00
24597,29.80,81.00
24598,29.80,81.00
24599,29.80,81.00
24600,29.80,81.00
24601,29.80,81.00
24602,29.80,81.00
24603,29.80,81.00
24604,29.80,81.00
24605,29.80,80.90
24606,29.80,81.00
24607,29.80,81.00
24608,29.80,81.00
24609,29.80,81.00
24610,29.80,80.90
24611,29.80,81.00
24612,29.80,81.00
24613,29.80,80.90
24614,29.80,81.00
24615,29.80,80.90
24616,29.80,81.00
24617,29.80,81.00
24618,29.80,80.90
24619,29.80,81.00
24620,29.80,81.00
24621,29.80,80.90
24622,29.80,81.00
24623,29.80,80.90
24624,29.80,80.90
24625,29.80,80.90
24626,29.80,80.90
24627,29.80,81.00
24628,29.80,80.90
24629,29.80,81.00
24630,29.80,80.90
24631,29.80,80.90
24632,29.80,81.00
24633,29.80,81.00
24634,29.80,80.90
24635,29.80,81.00
24636,29.80,80.90
24637,29.80,81.00
24638,29.80,80.90
24639,29.80,81.00
24640,29.80,80.90
24641,29.80,81.00
24642,29.80,80.90
24643,29.80,81.00
24644,29.80,81.00
24645,29.80,81.00
24646,29.80,81.00
24647,29.80,80.90
24648,29.80,80.90
24649,29.80,80.90
24650,29.80,80.90
24651,29.80,81.00
24652,29.80,81.00
24653,29.80,80.90
24654,29.80,80.90
24655,29.80,80.90
24656,29.80,81.00
24657,29.80,81.00
24658,29.80,80.90
24659,29.80,81.00
24660,29.80,80.90
24661,29.80,80.90
24662,29.80,80.90
24663,29.80,80.90
24664,29.80,80.90
24665,29.80,80.90
24666,29.70,80.90
24667,29.80,80.90
24668,29.80,80.90
24669,29.80,81.00
24670,29.80,81.00
24671,29.80,81.00
24672,29.80,80.90
24673,29.80,81.00
24674,29.80,81.00
24675,29.80,80.90
24676,29.80,80.90
24677,29.80,80.90
24678,29.80,81.00
24679,29.80,80.90
24680,29.80,81.00
24681,29.80,81.00
24682,29.80,80.90
24683,29.80,80.90
24684,29.80,81.00
24685,29.80,80.90
24686,29.80,80.90
24687,29.80,80.90
24688,29.80,81.00
24689,29.80,80.90
24690,29.80,80.90
24691,29.80,81.00
24692,29.80,80.90
24693,29.80,80.90
24694,29.80,80.90
24695,29.80,80.90
24696,29.80,80.90
24697,29.80,80.90
24698,29.80,80.90
24699,29.80,80.90
24700,29.80,80.90
24701,29.80,80.90
24702,29.80,80.90
24703,29.80,80.80
24704,29.80,80.90
24705,29.80,80.90
24706,29.80,80.90
24707,29.80,80.90
24708,29.80,80.90
24709,29.80,80.90
24710,29.80,80.90
24711,29.80,80.90
24712,29.80,80.90
24713,29.80,80.90
24714,29.80,80.90
24715,29.80,80.90
24716,29.80,80.90
24717,29.80,80.90
24718,29.80,81.00
24719,29.80,80.90
24720,29.80,80.90
24721,29.80,80.90
24722,29.80,80.90
24723,29.80,80.90
24724,29.80,80.90
24725,29.80,80.90
24726,29.80,80.90
24727,29.80,80.90
24728,29.80,80.90
24729,29.80,80.90
24730,29.80,80.90
24731,29.80,80.90
24732,29.80,80.90
24733,29.80,80.90
24734,29.80,80.90
24735,29.80,80.90
24736,29.80,80.90
24737,29.80,80.90
24738,29.80,80.90
24739,29.80,80.90
24740,29.80,80.90
24741,29.80,80.90
24742,29.80,80.90
24743,29.80,80.90
24744,29.80,80.90
24745,29.80,80.90
24746,29.80,80.90
24747,29.80,80.90
24748,29.80,80.90
24749,29.80,80.90
24750,29.80,80.90
24751,29.80,80.90
24752,29.80,80.90
24753,29.80,80.90
24754,29.80,80.90
24755,29.80,80.90
24756,29.80,81.00
24757,29.80,80.90
24758,29.80,80.90
24759,29.80,80.90
24760,29.80,80.90
24761,29.80,80.90
24762,29.80,80.90
24763,29.80,80.90
24764,29.80,80.90
24765,29.80,80.90
24766,29.80,80.90
24767,29.80,80.90
24768,29.80,80.90
24769,29.70,80.90
24770,29.80,80.90
24771,29.80,80.90
24772,29.80,80.90
24773,29.80,80.80
24774,29.80,80.90
24775,29.80,80.90
24776,29.80,80.90
24777,29.80,80.90
24778,29.80,80.90
24779,29.80,80.90
24780,29.80,80.90
24781,29.80,80.90
24782,29.80,80.90
24783,29.80,80.90
24784,29.80,80.90
24785,29.80,80.90
24786,29.80,80.90
24787,29.80,80.90
24788,29.80,80.90
24789,29.80,80.90
24790,29.80,80.90
24791,29.80,80.90
24792,29.80,80.90
24793,29.80,80.90
24794,29.80,80.90
24795,29.80,80.90
24796,29.80,80.90
24797,29.80,80.90
24798,29.80,80.90
24799,29.80,80.90
24800,29.80,80.90
24801,29.80,80.90
24802,29.80,80.90
24803,29.80,80.90
24804,29.80,80.90
24805,29.80,80.90
24806,29.80,80.90
24807,29.80,80.90
24808,29.80,80.90
24809,29.80,80.90
24810,29.80,80.90
24811,29.80,80.80
24812,29.80,80.90
24813,29.80,80.90
24814,29.80,80.90
24815,29.80,80.90
24816,29.80,80.90
24817,29.80,80.90
24818,29.80,80.90
24819,29.80,80.90
24820,29.80,80.80
24821,29.80,80.90
24822,29.70,80.90
24823,29.80,80.90
24824,29.80,80.90
24825,29.80,80.90
24826,29.80,80.90
24827,29.80,80.90
24828,29.80,80.90
24829,29.80,80.90
24830,29.80,80.90
24831,29.80,80.90
24832,29.80,80.90
24833,29.80,80.90
24834,29.80,80.90
24835,29.80,80.80
24836,29.80,80.90
24837,29.80,80.90
24838,29.80,80.90
24839,29.80,80.90
24840,29.80,80.90
24841,29.80,80.90
24842,29.80,80.90
24843,29.80,80.90
24844,29.80,80.90
24845,29.80,80.90
24846,29.80,80.90
24847,29.80,80.90
24848,29.80,80.90
24849,29.80,80.90
24850,29.80,80.90
24851,29.80,80.90
24852,29.70,80.90
24853,29.80,80.90
24854,29.80,80.90
24855,29.70,80.80
24856,29.80,80.90
24857,29.80,80.90
24858,29.80,80.90
24859,29.80,80.90
24860,29.80,80.90
24861,29.80,80.90
24862,29.80,80.90
24863,29.80,80.90
24864,29.80,80.90
24865,29.80,80.90
24866,29.80,80.90
24867,29.80,80.90
24868,29.80,80.90
24869,29.80,80.90
24870,29.80,80.90
24871,29.80,80.90
24872,29.80,81.00
24873,29.80,80.90
24874,29.80,80.90
24875,29.80,80.90
24876,29.80,80.90
24877,29.80,80.90
24878,29.80,80.90
24879,29.80,80.90
24880,29.80,80.90
24881,29.80,80.80
24882,29.80,80.90
24883,29.80,80.90
24884,29.80,80.90
24885,29.80,80.90
24886,29.80,80.90
24887,29.80,80.90
24888,29.80,80.80
24889,29.80,80.90
24890,29.80,80.90
24891,29.80,80.80
24892,29.80,80.90
24893,29.70,80.90
24894,29.80,80.90
24895,29.80,80.90
24896,29.80,80.90
24897,29.80,80.90
24898,29.80,80.90
24899,29.80,80.80
24900,29.70,80.90
24901,29.80,80.90
24902,29.80,80.80
24903,29.80,80.80
24904,29.80,80.90
24905,29.80,80.90
24906,29.80,80.90
24907,29.80,80.90
24908,29.80,80.80
24909,29.80,80.90
24910,29.80,80.90
24911,29.80,80.90
24912,29.80,80.90
24913,29.80,80.90
24914,29.80,80.90
24915,29.80,80.90
24916,29.80,80.90
24917,29.80,80.90
24918,29.80,80.80
24919,29.80,80.80
24920,29.80,80.90
24921,29.80,80.90
24922,29.80,80.90
24923,29.80,80.90
24924,29.80,80.90
24925,29.70,80.90
24926,29.80,80.90
24927,29.70,80.90
24928,29.80,80.90
24929,29.80,80.90
24930,29.80,80.90
24931,29.80,80.80
24932,29.80,80.80
24933,29.80,80.90
24934,29.80,80.90
24935,29.80,80.80
24936,29.80,80.80
24937,29.80,80.90
24938,29.80,80.90
24939,29.80,80.90
24940,29.80,80.80
24941,29.80,80.90
24942,29.80,80.90
24943,29.80,80.90
24944,29.80,80.80
24945,29.80,80.80
24946,29.80,80.90
24947,29.70,80.90
24948,29.80,80.90
24949,29.80,80.90
24950,29.80,80.90
24951,29.80,80.90
24952,29.80,80.90
24953,29.80,80.90
24954,29.80,80.90
24955,29.80,80.90
24956,29.80,80.90
24957,29.80,80.80
24958,29.80,80.90
24959,29.70,80.90
24960,29.80,80.90
24961,29.80,80.90
24962,29.80,80.80
24963,29.80,80.80
24964,29.80,80.90
24965,29.80,80.90
24966,29.80,80.90
24967,29.80,80.80
24968,29.80,80.90
24969,29.80,80.80
24970,29.80,80.90
24971,29.80,80.80
24972,29.80,80.80
24973,29.80,80.90
24974,29.80,80.80
24975,29.80,80.80
24976,29.80,80.90
24977,29.80,80.80
24978,29.80,80.80
24979,29.80,80.90
24980,29.80,80.80
24981,29.80,80.80
24982,29.80,80.90
24983,29.80,80.80
24984,29.80,80.80
24985,29.80,80.90
24986,29.80,80.80
24987,29.80,80.90
24988,29.80,80.80
24989,29.80,80.80
24990,29.80,80.80
24991,29.80,80.90
24992,29.80,80.90
24993,29.80,80.90
24994,29.80,80.80
24995,29.80,80.90
24996,29.70,80.90
24997,29.80,80.80
24998,29.80,80.90
24999,29.80,80.80
25000,29.80,80.80
25001,29.80,80.80
25002,29.80,80.80
25003,29.80,80.90
25004,29.80,80.80
25005,29.80,80.80
25006,29.80,80.90
25007,29.80,80.80
25008,29.80,80.80
25009,29.80,80.80
25010,29.80,80.80
25011,29.80,80.80
25012,29.80,80.90
25013,29.80,80.90
25014,29.80,80.80
25015,29.80,80.90
25016,29.80,80.80
25017,29.80,80.90
25018,29.70,80.90
25019,29.80,80.90
25020,29.80,80.80
25021,29.80,80.90
25022,29.80,80.80
25023,29.80,80.80
25024,29.80,80.90
25025,29.80,80.90
25026,29.80,80.80
25027,29.80,80.90
25028,29.80,80.90
25029,29.70,80.80
25030,29.80,80.80
25031,29.80,80.80
25032,29.70,80.80
25033,29.80,80.80
25034,29.80,80.80
25035,29.80,80.80
25036,29.80,80.90
25037,29.80,80.80
25038,29.80,80.80
25039,29.70,80.80
25040,29.70,80.80
25041,29.80,80.80
25042,29.80,80.80
25043,29.70,80.80
25044,29.70,80.90
25045,29.80,80.80
25046,29.70,80.90
25047,29.80,80.90
25048,29.80,80.90
25049,29.80,80.80
25050,29.80,80.80
25051,29.80,80.80
25052,29.80,80.90
25053,29.80,80.80
25054,29.80,80.80
25055,29.80,80.80
25056,29.80,80.80
25057,29.80,80.80
25058,29.70,80.80
25059,29.70,80.80
25060,29.80,80.80
25061,29.80,80.80
25062,29.80,80.80
25063,29.80,80.80
25064,29.80,80.80
25065,29.80,80.80
25066,29.80,80.80
25067,29.80,80.80
25068,29.80,80.80
25069,29.80,80.80
25070,29.70,80.80
25071,29.80,80.80
25072,29.70,80.80
25073,29.80,80.80
25074,29.80,80.80
25075,29.80,80.80
25076,29.70,80.80
25077,29.80,80.80
25078,29.80,80.90
25079,29.80,80.80
25080,29.80,80.80
25081,29.80,80.80
25082,29.80,80.80
25083,29.80,80.80
25084,29.80,80.80
25085,29.80,80.80
25086,29.80,80.80
25087,29.70,80.80
25088,29.80,80.80
25089,29.80,80.80
25090,29.70,80.80
25091,29.70,80.80
25092,29.70,80.90
25093,29.80,80.80
25094,29.70,80.80
25095,29.70,80.80
25096,29.80,80.80
25097,29.70,80.80
25098,29.80,80.80
25099,29.80,80.70
25100,29.70,80.80
25101,29.70,80.80
25102,29.80,80.80
25103,29.80,80.80
25104,29.80,80.90
25105,29.80,80.80
25106,29.70,80.80
25107,29.70,80.80
25108,29.70,80.80
25109,29.80,80.80
25110,29.80,80.80
25111,29.80,80.80
25112,29.70,80.80
25113,29.70,80.80
25114,29.80,80.80
25115,29.80,80.80
25116,29.80,80.80
25117,29.80,80.70
25118,29.80,80.90
25119,29.80,80.80
25120,29.70,80.80
25121,29.80,80.70
25122,29.80,80.80
25123,29.70,80.80
25124,29.80,80.80
25125,29.80,80.80
25126,29.70,80.80
25127,29.70,80.80
25128,29.80,80.80
25129,29.80,80.80
25130,29.80,80.80
25131,29.80,80.80
25132,29.80,80.70
25133,29.70,80.90
25134,29.80,80.80
25135,29.80,80.80
25136,29.80,80.80
25137,29.70,80.80
25138,29.80,80.80
25139,29.80,80.80
25140,29.70,80.80
25141,29.70,80.80
25142,29.80,80.80
25143,29.80,80.80
25144,29.80,80.80
25145,29.80,80.80
25146,29.80,80.80
25147,29.80,80.80
25148,29.70,80.80
25149,29.80,80.80
25150,29.80,80.80
25151,29.80,80.80
25152,29.70,80.70
25153,29.80,80.80
25154,29.80,80.80
25155,29.80,80.80
25156,29.80,80.80
25157,29.80,80.80
25158,29.80,80.80
25159,29.80,80.80
25160,29.80,80.80
25161,29.80,80.80
25162,29.70,80.80
25163,29.80,80.80
25164,29.70,80.80
25165,29.80,80.80
25166,29.80,80.80
25167,29.80,80.80
25168,29.80,80.80
25169,29.80,80.80
25170,29.80,80.80
25171,29.70,80.80
25172,29.80,80.80
25173,29.80,80.80
25174,29.70,80.80
25175,29.70,80.80
25176,29.70,80.80
25177,29.70,80.80
25178,29.80,80.80
25179,29.80,80.80
25180,29.70,80.80
25181,29.80,80.80
25182,29.80,80.80
25183,29.80,80.80
25184,29.70,80.70
25185,29.80,80.80
25186,29.80,80.80
25187,29.70,80.80
25188,29.80,80.80
25189,29.70,80.80
25190,29.70,80.80
25191,29.80,80.80
25192,29.80,80.80
25193,29.80,80.80
25194,29.80,80.80
25195,29.70,80.80
25196,29.80,80.80
25197,29.70,80.70
25198,29.80,80.80
25199,29.70,80.80
25200,29.80,80.80
25201,29.70,80.80
25202,29.70,80.80
25203,29.80,80.70
25204,29.80,80.80
25205,29.80,80.80
25206,29.80,80.80
25207,29.80,80.80
25208,29.70,80.70
25209,29.80,80.80
25210,29.70,80.80
25211,29.80,80.80
25212,29.80,80.80
25213,29.80,80.70
25214,29.80,80.70
25215,29.80,80.70
25216,29.80,80.80
25217,29.80,80.80
25218,29.80,80.70
25219,29.80,80.80
25220,29.80,80.80
25221,29.70,80.80
25222,29.80,80.80
25223,29.80,80.80
25224,29.70,80.80
25225,29.80,80.80
25226,29.70,80.70
25227,29.80,80.80
25228,29.80,80.80
25229,29.80,80.70
25230,29.80,80.80
25231,29.80,80.80
25232,29.80,80.70
25233,29.80,80.80
25234,29.80,80.80
25235,29.70,80.80
25236,29.70,80.80
25237,29.70,80.80
25238,29.70,80.80
25239,29.80,80.70
25240,29.80,80.80
25241,29.70,80.70
25242,29.80,80.70
25243,29.70,80.80
25244,29.80,80.80
25245,29.80,80.80
25246,29.70,80.80
25247,29.70,80.80
25248,29.70,80.80
25249,29.80,80.80
25250,29.70,80.80
25251,29.80,80.70
25252,29.70,80.80
25253,29.70,80.80
25254,29.80,80.80
25255,29.70,80.70
25256,29.80,80.80
25257,29.70,80.80
25258,29.80,80.80
25259,29.70,80.70
25260,29.70,80.80
25261,29.80,80.80
25262,29.70,80.80
25263,29.70,80.80
25264,29.70,80.80
25265,29.70,80.80
25266,29.70,80.80
25267,29.80,80.80
25268,29.70,80.80
25269,29.70,80.80
25270,29.70,80.80
25271,29.80,80.80
25272,29.70,80.80
25273,29.70,80.70
25274,29.80,80.80
25275,29.80,80.80
25276,29.80,80.80
25277,29.70,80.80
25278,29.70,80.70
25279,29.70,80.80
25280,29.70,80.70
25281,29.80,80.80
25282,29.80,80.70
25283,29.70,80.70
25284,29.70,80.70
25285,29.80,80.80
25286,29.80,80.70
25287,29.80,80.80
25288,29.70,80.80
25289,29.80,80.80
25290,29.80,80.80
25291,29.80,80.80
25292,29.80,80.80
25293,29.70,80.70
25294,29.70,80.80
25295,29.70,80.70
25296,29.70,80.80
25297,29.80,80.80
25298,29.80,80.70
25299,29.70,80.70
25300,29.80,80.80
25301,29.80,80.80
25302,29.70,80.80
25303,29.70,80.80
25304,29.70,80.80
25305,29.70,80.70
25306,29.80,80.80
25307,29.70,80.80
25308,29.80,80.80
25309,29.70,80.80
25310,29.80,80.70
25311,29.80,80.80
25312,29.70,80.70
25313,29.80,80.80
25314,29.70,80.70
25315,29.80,80.80
25316,29.80,80.80
25317,29.70,80.70
25318,29.70,80.80
25319,29.70,80.70
25320,29.70,80.70
25321,29.80,80.70
25322,29.80,80.70
25323,29.70,80.70
25324,29.70,80.80
25325,29.80,80.80
25326,29.70,80.80
25327,29.70,80.70
25328,29.80,80.70
25329,29.70,80.70
25330,29.70,80.70
25331,29.70,80.70
25332,29.80,80.70
25333,29.80,80.80
25334,29.70,80.80
25335,29.80,80.70
25336,29.70,80.80
25337,29.80,80.80
25338,29.80,80.80
25339,29.70,80.80
25340,29.70,80.80
25341,29.70,80.80
25342,29.80,80.70
25343,29.80,80.70
25344,29.70,80.70
25345,29.70,80.80
25346,29.80,80.80
25347,29.70,80.70
25348,29.80,80.80
25349,29.70,80.70
25350,29.70,80.80
25351,29.80,80.70
25352,29.80,80.80
25353,29.80,80.80
25354,29.70,80.70
25355,29.80,80.80
25356,29.80,80.80
25357,29.80,80.70
25358,29.70,80.70
25359,29.70,80.80
25360,29.80,80.70
25361,29.70,80.80
25362,29.80,80.80
25363,29.80,80.80
25364,29.80,80.70
25365,29.80,80.80
25366,29.70,80.80
25367,29.70,80.80
25368,29.70,80.80
25369,29.80,80.80
25370,29.70,80.80
25371,29.70,80.80
25372,29.70,80.80
25373,29.70,80.80
25374,29.70,80.80
25375,29.70,80.80
25376,29.80,80.80
25377,29.70,80.80
25378,29.70,80.80
25379,29.70,80.80
25380,29.70,80.80
25381,29.70,80.80
25382,29.70,80.80
25383,29.70,80.80
25384,29.70,80.80
25385,29.80,80.70
25386,29.70,80.80
25387,29.70,80.80
25388,29.70,80.80
25389,29.80,80.80
25390,29.80,80.80
25391,29.70,80.80
25392,29.70,80.80
25393,29.70,80.80
25394,29.70,80.80
25395,29.70,80.70
25396,29.70,80.80
25397,29.70,80.80
25398,29.70,80.80
25399,29.70,80.80
25400,29.70,80.80
25401,29.70,80.80
25402,29.70,80.80
25403,29.70,80.80
25404,29.70,80.80
25405,29.70,80.80
25406,29.70,80.80
25407,29.70,80.80
25408,29.70,80.80
25409,29.70,80.80
25410,29.70,80.80
25411,29.70,80.80
25412,29.70,80.80
25413,29.80,80.80
25414,29.70,80.80
25415,29.70,80.80
25416,29.70,80.80
25417,29.70,80.80
25418,29.70,80.80
25419,29.70,80.90
25420,29.70,80.80
25421,29.70,80.80
25422,29.70,80.80
25423,29.70,80.80
25424,29.70,80.80
25425,29.70,80.80
25426,29.70,80.80
25427,29.80,80.80
25428,29.70,80.80
25429,29.80,80.80
25430,29.80,80.80
25431,29.80,80.80
25432,29.70,80.80
25433,29.70,80.80
25434,29.70,80.80
25435,29.80,80.80
25436,29.70,80.80
25437,29.80,80.80
25438,29.70,80.80
25439,29.70,80.80
25440,29.70,80.80
25441,29.70,80.90
25442,29.70,80.80
25443,29.80,80.80
25444,29.70,80.80
25445,29.70,80.90
25446,29.70,80.80
25447,29.70,80.70
25448,29.70,80.80
25449,29.70,80.80
25450,29.70,80.80
25451,29.70,80.80
25452,29.70,80.80
25453,29.70,80.70
25454,29.70,80.80
25455,29.70,80.80
25456,29.70,80.80
25457,29.70,80.80
25458,29.70,80.70
25459,29.70,80.80
25460,29.70,80.80
25461,29.70,80.80
25462,29.70,80.80
25463,29.70,80.80
25464,29.70,80.80
25465,29.70,80.80
25466,29.70,80.80
25467,29.70,80.80
25468,29.70,80.80
25469,29.70,80.80
25470,29.70,80.80
25471,29.80,80.80
25472,29.70,80.80
25473,29.70,80.80
25474,29.70,80.80
25475,29.70,80.80
25476,29.70,80.80
25477,29.70,80.80
25478,29.70,80.80
25479,29.80,80.80
25480,29.70,80.80
25481,29.70,80.80
25482,29.70,80.80
25483,29.70,80.80
25484,29.70,80.80
25485,29.70,80.80
25486,29.70,80.80
25487,29.70,80.80
25488,29.70,80.80
25489,29.70,80.70
25490,29.70,80.80
25491,29.70,80.80
25492,29.70,80.80
25493,29.70,80.80
25494,29.70,80.80
25495,29.70,80.80
25496,29.70,80.80
25497,29.70,80.70
25498,29.70,80.80
25499,29.70,80.80
25500,29.70,80.80
25501,29.70,80.80
25502,29.70,80.80
25503,29.70,80.80
25504,29.70,80.80
25505,29.70,80.80
25506,29.70,80.80
25507,29.80,80.80
25508,29.70,80.80
25509,29.70,80.80
25510,29.70,80.80
25511,29.70,80.80
25512,29.70,80.80
25513,29.70,80.80
25514,29.70,80.80
25515,29.70,80.80
25516,29.80,80.80
25517,29.70,80.80
25518,29.70,80.80
25519,29.70,80.80
25520,29.70,80.80
25521,29.70,80.80
25522,29.70,80.80
25523,29.70,80.80
25524,29.70,80.70
25525,29.70,80.80
25526,29.70,80.80
25527,29.70,80.80
25528,29.70,80.80
25529,29.70,80.80
25530,29.70,80.80
25531,29.70,80.80
25532,29.70,80.80
25533,29.80,80.80
25534,29.70,80.70
25535,29.70,80.70
25536,29.70,80.80
25537,29.70,80.80
25538,29.70,80.80
25539,29.70,80.70
25540,29.70,80.80
25541,29.70,80.70
25542,29.70,80.70
25543,29.70,80.80
25544,29.70,80.80
25545,29.70,80.80
25546,29.70,80.80
25547,29.70,80.70
25548,29.70,80.80
25549,29.70,80.80
25550,29.70,80.80
25551,29.70,80.80
25552,29.70,80.80
25553,29.70,80.80
25554,29.70,80.80
25555,29.70,80.80
25556,29.70,80.70
25557,29.70,80.80
25558,29.70,80.80
25559,29.70,80.80
25560,29.70,80.70
25561,29.70,80.80
25562,29.80,80.70
25563,29.70,80.80
25564,29.70,80.80
25565,29.70,80.80
25566,29.70,80.70
25567,29.70,80.80
25568,29.70,80.80
25569,29.70,80.80
25570,29.70,80.70
25571,29.70,80.80
25572,29.70,80.70
25573,29.70,80.80
25574,29.70,80.80
25575,29.70,80.80
25576,29.70,80.80
25577,29.70,80.70
25578,29.70,80.80
25579,29.70,80.80
25580,29.70,80.80
25581,29.70,80.80
25582,29.70,80.80
25583,29.70,80.80
25584,29.70,80.80
25585,29.70,80.80
25586,29.70,80.80
25587,29.70,80.70
25588,29.70,80.80
25589,29.70,80.70
25590,29.70,80.80
25591,29.70,80.80
25592,29.70,80.80
25593,29.70,80.80
25594,29.70,80.80
25595,29.70,80.70
25596,29.70,80.80
25597,29.70,80.80
25598,29.70,80.80
25599,29.70,80.80
25600,29.70,80.80
25601,29.70,80.80
25602,29.70,80.70
25603,29.70,80.80
25604,29.70,80.70
25605,29.70,80.80
25606,29.70,80.80
25607,29.70,80.80
25608,29.70,80.80
25609,29.70,80.80
25610,29.70,80.70
25611,29.70,80.70
25612,29.70,80.80
25613,29.70,80.80
25614,29.70,80.70
25615,29.70,80.70
25616,29.70,80.80
25617,29.70,80.80
25618,29.70,80.70
25619,29.70,80.80
25620,29.70,80.80
25621,29.70,80.80
25622,29.70,80.80
25623,29.70,80.70
25624,29.70,80.70
25625,29.70,80.80
25626,29.70,80.70
25627,29.70,80.70
25628,29.70,80.80
25629,29.70,80.80
25630,29.70,80.80
25631,29.70,80.80
25632,29.70,80.70
25633,29.70,80.70
25634,29.70,80.80
25635,29.70,80.80
25636,29.70,80.80
25637,29.70,80.80
25638,29.70,80.80
25639,29.70,80.70
25640,29.70,80.80
25641,29.70,80.70
25642,29.70,80.70
25643,29.70,80.80
25644,29.70,80.70
25645,29.70,80.80
25646,29.70,80.80
25647,29.70,80.80
25648,29.70,80.80
25649,29.70,80.80
25650,29.70,80.80
25651,29.70,80.80
25652,29.70,80.70
25653,29.70,80.70
25654,29.70,80.80
25655,29.70,80.80
25656,29.70,80.80
25657,29.70,80.70
25658,29.70,80.70
25659,29.70,80.70
25660,29.70,80.80
25661,29.70,80.80
25662,29.70,80.70
25663,29.70,80.80
25664,29.70,80.70
25665,29.70,80.70
25666,29.70,80.80
25667,29.70,80.80
25668,29.70,80.70
25669,29.70,80.70
25670,29.70,80.70
25671,29.70,80.70
25672,29.70,80.70
25673,29.70,80.70
25674,29.70,80.70
25675,29.70,80.70
25676,29.70,80.80
25677,29.80,80.80
25678,29.70,80.70
25679,29.70,80.70
25680,29.70,80.70
25681,29.70,80.80
25682,29.80,80.70
25683,29.70,80.70
25684,29.70,80.80
25685,29.70,80.80
25686,29.70,80.70
25687,29.70,80.70
25688,29.70,80.80
25689,29.70,80.80
25690,29.70,80.70
25691,29.70,80.70
25692,29.70,80.70
25693,29.70,80.70
25694,29.70,80.80
25695,29.70,80.70
25696,29.70,80.80
25697,29.70,80.70
25698,29.70,80.70
25699,29.70,80.70
25700,29.70,80.70
25701,29.70,80.70
25702,29.70,80.80
25703,29.70,80.70
25704,29.70,80.70
25705,29.70,80.70
25706,29.70,80.70
25707,29.70,80.80
25708,29.70,80.70
25709,29.80,80.70
25710,29.70,80.70
25711,29.80,80.70
25712,29.70,80.70
25713,29.70,80.70
25714,29.70,80.70
25715,29.70,80.70
25716,29.70,80.70
25717,29.70,80.70
25718,29.70,80.70
25719,29.70,80.70
25720,29.70,80.70
25721,29.70,80.70
25722,29.70,80.70
25723,29.70,80.70
25724,29.70,80.70
25725,29.70,80.70
25726,29.70,80.70
25727,29.70,80.80
25728,29.70,80.70
25729,29.70,80.70
25730,29.70,80.80
25731,29.70,80.70
25732,29.70,80.70
25733,29.70,80.70
25734,29.70,80.70
25735,29.70,80.70
25736,29.70,80.70
25737,29.70,80.70
25738,29.70,80.70
25739,29.70,80.80
25740,29.70,80.70
25741,29.70,80.70
25742,29.70,80.70
25743,29.70,80.70
25744,29.70,80.70
25745,29.70,80.80
25746,29.70,80.70
25747,29.70,80.70
25748,29.70,80.70
25749,29.70,80.80
25750,29.70,80.70
25751,29.70,80.70
25752,29.70,80.70
25753,29.70,80.70
25754,29.70,80.70
25755,29.70,80.70
25756,29.70,80.70
25757,29.70,80.80
25758,29.70,80.70
25759,29.70,80.70
25760,29.70,80.70
25761,29.70,80.80
25762,29.70,80.80
25763,29.70,80.80
25764,29.70,80.70
25765,29.70,80.80
25766,29.70,80.70
25767,29.70,80.70
25768,29.70,80.70
25769,29.70,80.70
25770,29.70,80.70
25771,29.70,80.70
25772,29.70,80.70
25773,29.70,80.80
25774,29.70,80.70
25775,29.70,80.70
25776,29.70,80.70
25777,29.70,80.70
25778,29.70,80.70
25779,29.70,80.80
25780,29.70,80.70
25781,29.70,80.70
25782,29.70,80.70
25783,29.70,80.70
25784,29.70,80.70
25785,29.70,80.80
25786,29.70,80.70
25787,29.70,80.70
25788,29.70,80.70
25789,29.70,80.80
25790,29.70,80.80
25791,29.70,80.80
25792,29.70,80.70
25793,29.70,80.70
25794,29.70,80.70
25795,29.70,80.70
25796,29.70,80.70
25797,29.70,80.70
25798,29.70,80.70
25799,29.70,80.80
25800,29.70,80.70
25801,29.70,80.70
25802,29.70,80.70
25803,29.70,80.70
25804,29.70,80.70
25805,29.70,80.70
25806,29.70,80.70
25807,29.70,80.70
25808,29.70,80.80
25809,29.70,80.80
25810,29.70,80.80
25811,29.70,80.70
25812,29.70,80.70
25813,29.70,80.80
25814,29.70,80.70
25815,29.70,80.80
25816,29.70,80.80
25817,29.70,80.70
25818,29.70,80.80
25819,29.70,80.80
25820,29.70,80.70
25821,29.70,80.70
25822,29.70,80.70
25823,29.70,80.70
25824,29.70,80.80
25825,29.70,80.70
25826,29.70,80.80
25827,29.70,80.80
25828,29.70,80.70
25829,29.70,80.70
25830,29.70,80.80
25831,29.70,80.70
25832,29.70,80.80
25833,29.70,80.70
25834,29.70,80.70
25835,29.70,80.70
25836,29.70,80.80
25837,29.70,80.70
25838,29.70,80.70
25839,29.70,80.70
25840,29.70,80.70
25841,29.70,80.70
25842,29.70,80.70
25843,29.70,80.70
25844,29.70,80.70
25845,29.70,80.70
25846,29.70,80.70
25847,29.70,80.70
25848,29.70,80.70
25849,29.70,80.70
25850,29.70,80.70
25851,29.70,80.70
25852,29.70,80.70
25853,29.70,80.70
25854,29.70,80.70
25855,29.70,80.70
25856,29.70,80.70
25857,29.70,80.80
25858,29.70,80.70
25859,29.70,80.70
25860,29.70,80.80
25861,29.70,80.70
25862,29.70,80.70
25863,29.70,80.70
25864,29.70,80.80
25865,29.70,80.70
25866,29.70,80.60
25867,29.70,80.70
25868,29.70,80.80
25869,29.70,80.70
25870,29.70,80.80
25871,29.70,80.70
25872,29.70,80.70
25873,29.70,80.70
25874,29.70,80.70
25875,29.70,80.70
25876,29.70,80.70
25877,29.70,80.70
25878,29.70,80.70
25879,29.70,80.70
25880,29.70,80.70
25881,29.70,80.70
25882,29.70,80.70
25883,29.70,80.70
25884,29.70,80.70
25885,29.70,80.70
25886,29.70,80.70
25887,29.70,80.70
25888,29.70,80.70
25889,29.70,80.70
25890,29.70,80.70
25891,29.70,80.70
25892,29.70,80.70
25893,29.70,80.70
25894,29.70,80.70
25895,29.70,80.70
25896,29.70,80.70
25897,29.70,80.70
25898,29.70,80.70
25899,29.70,80.70
25900,29.70,80.70
25901,29.70,80.70
25902,29.70,80.70
25903,29.70,80.70
25904,29.70,80.70
25905,29.70,80.70
25906,29.70,80.70
25907,29.70,80.70
25908,29.70,80.70
25909,29.70,80.70
25910,29.70,80.70
25911,29.70,80.70
25912,29.70,80.70
25913,29.70,80.70
25914,29.70,80.60
25915,29.70,80.70
25916,29.70,80.70
25917,29.70,80.70
25918,29.70,80.70
25919,29.70,80.70
25920,29.70,80.70
25921,29.70,80.60
25922,29.70,80.70
25923,29.70,80.70
25924,29.70,80.70
25925,29.70,80.70
25926,29.70,80.70
25927,29.70,80.70
25928,29.70,80.70
25929,29.70,80.70
25930,29.70,80.70
25931,29.70,80.70
25932,29.70,80.70
25933,29.70,80.70
25934,29.70,80.70
25935,29.70,80.70
25936,29.70,80.70
25937,29.70,80.70
25938,29.70,80.70
25939,29.70,80.70
25940,29.70,80.70
25941,29.70,80.70
25942,29.70,80.70
25943,29.70,80.80
25944,29.70,80.70
25945,29.70,80.70
25946,29.70,80.70
25947,29.70,80.70
25948,29.70,80.70
25949,29.70,80.70
25950,29.70,80.70
25951,29.70,80.70
25952,29.70,80.70
25953,29.70,80.70
25954,29.70,80.70
25955,29.70,80.70
25956,29.70,80.70
25957,29.70,80.70
25958,29.70,80.60
25959,29.70,80.70
25960,29.70,80.70
25961,29.70,80.70
25962,29.70,80.70
25963,29.70,80.70
25964,29.70,80.70
25965,29.70,80.70
25966,29.70,80.70
25967,29.70,80.70
25968,29.70,80.70
25969,29.70,80.70
25970,29.70,80.70
25971,29.70,80.70
25972,29.70,80.70
25973,29.70,80.70
25974,29.70,80.70
25975,29.70,80.70
25976,29.70,80.70
25977,29.70,80.70
25978,29.70,80.70
25979,29.70,80.70
25980,29.70,80.70
25981,29.70,80.70
25982,29.70,80.70
25983,29.70,80.70
25984,29.70,80.70
25985,29.70,80.80
25986,29.70,80.70
25987,29.70,80.80
25988,29.70,80.70
25989,29.70,80.80
25990,29.70,80.70
25991,29.70,80.70
25992,29.70,80.70
25993,29.70,80.70
25994,29.70,80.70
25995,29.70,80.70
25996,29.70,80.70
25997,29.70,80.70
25998,29.70,80.70
25999,29.70,80.70
26000,29.70,80.70
26001,29.70,80.70
26002,29.70,80.70
26003,29.70,80.80
26004,29.70,80.70
26005,29.70,80.70
26006,29.70,80.70
26007,29.70,80.70
26008,29.70,80.70
26009,29.70,80.70
26010,29.70,80.80
26011,29.70,80.70
26012,29.70,80.70
26013,29.70,80.70
26014,29.70,80.70
26015,29.70,80.70
26016,29.70,80.70
26017,29.70,80.70
26018,29.70,80.70
26019,29.70,80.70
26020,29.70,80.70
26021,29.70,80.80
26022,29.70,80.70
26023,29.70,80.70
26024,29.70,80.70
26025,29.70,80.70
26026,29.70,80.70
26027,29.70,80.70
26028,29.70,80.70
26029,29.70,80.70
26030,29.70,80.70
26031,29.70,80.70
26032,29.70,80.70
26033,29.70,80.70
26034,29.70,80.70
26035,29.70,80.70
26036,29.70,80.70
26037,29.80,80.70
26038,29.70,80.60
26039,29.70,80.60
26040,29.70,80.70
26041,29.70,80.70
26042,29.70,80.70
26043,29.70,80.60
26044,29.70,80.70
26045,29.70,80.70
26046,29.70,80.60
26047,29.70,80.70
26048,29.70,80.60
26049,29.70,80.60
26050,29.70,80.70
26051,29.70,80.70
26052,29.70,80.70
26053,29.70,80.70
26054,29.70,80.70
26055,29.70,80.60
26056,29.70,80.70
26057,29.70,80.60
26058,29.70,80.70
26059,29.70,80.70
26060,29.70,80.70
26061,29.70,80.60
26062,29.70,80.70
26063,29.70,80.60
26064,29.70,80.70
26065,29.70,80.70
26066,29.70,80.70
26067,29.70,80.60
26068,29.70,80.70
26069,29.70,80.60
26070,29.70,80.70
26071,29.70,80.60
26072,29.70,80.60
26073,29.70,80.70
26074,29.70,80.70
26075,29.70,80.70
26076,29.70,80.70
26077,29.70,80.70
26078,29.70,80.70
26079,29.70,80.70
26080,29.70,80.70
26081,29.70,80.70
26082,29.70,80.60
26083,29.70,80.70
26084,29.70,80.70
26085,29.70,80.70
26086,29.70,80.70
26087,29.70,80.70
26088,29.70,80.60
26089,29.70,80.70
26090,29.70,80.60
26091,29.70,80.70
26092,29.70,80.70
26093,29.70,80.70
26094,29.70,80.70
26095,29.70,80.70
26096,29.70,80.70
26097,29.70,80.60
26098,29.70,80.70
26099,29.70,80.70
26100,29.70,80.70
26101,29.70,80.60
26102,29.70,80.70
26103,29.70,80.60
26104,29.70,80.70
26105,29.70,80.70
26106,29.70,80.70
26107,29.70,80.70
26108,29.70,80.60
26109,29.70,80.70
26110,29.70,80.70
26111,29.70,80.60
26112,29.70,80.70
26113,29.70,80.60
26114,29.70,80.70
26115,29.70,80.70
26116,29.70,80.70
26117,29.70,80.70
26118,29.70,80.70
26119,29.70,80.70
26120,29.70,80.70
26121,29.70,80.80
26122,29.70,80.70
26123,29.70,80.70
26124,29.70,80.70
26125,29.70,80.70
26126,29.70,80.60
26127,29.70,80.70
26128,29.70,80.70
26129,29.70,80.70
26130,29.70,80.70
26131,29.70,80.70
26132,29.70,80.70
26133,29.70,80.70
26134,29.70,80.70
26135,29.70,80.70
26136,29.70,80.70
26137,29.70,80.70
26138,29.70,80.70
26139,29.70,80.60
26140,29.60,80.70
26141,29.60,80.70
26142,29.70,80.70
26143,29.70,80.70
26144,29.70,80.60
26145,29.70,80.70
26146,29.70,80.70
26147,29.70,80.80
26148,29.70,80.70
26149,29.70,80.70
26150,29.70,80.70
26151,29.70,80.70
26152,29.70,80.70
26153,29.70,80.70
26154,29.70,80.70
26155,29.70,80.70
26156,29.70,80.70
26157,29.70,80.70
26158,29.70,80.70
26159,29.70,80.60
26160,29.70,80.70
26161,29.70,80.70
26162,29.70,80.70
26163,29.70,80.70
26164,29.70,80.70
26165,29.70,80.70
26166,29.70,80.70
26167,29.70,80.70
26168,29.70,80.70
26169,29.70,80.70
26170,29.70,80.70
26171,29.70,80.70
26172,29.70,80.70
26173,29.70,80.70
26174,29.70,80.70
26175,29.70,80.60
26176,29.70,80.70
26177,29.70,80.70
26178,29.70,80.70
26179,29.70,80.70
26180,29.70,80.70
26181,29.70,80.70
26182,29.70,80.70
26183,29.70,80.70
26184,29.70,80.70
26185,29.70,80.60
26186,29.70,80.70
26187,29.70,80.70
26188,29.70,80.70
26189,29.70,80.70
26190,29.70,80.70
26191,29.70,80.70
26192,29.70,80.70
26193,29.70,80.70
26194,29.70,80.70
26195,29.70,80.70
26196,29.70,80.70
26197,29.70,80.70
26198,29.70,80.70
26199,29.70,80.60
26200,29.70,80.70
26201,29.70,80.70
26202,29.70,80.70
26203,29.70,80.60
26204,29.70,80.70
26205,29.70,80.70
26206,29.70,80.70
26207,29.70,80.60
26208,29.70,80.60
26209,29.70,80.60
26210,29.70,80.60
26211,29.70,80.70
26212,29.70,80.70
26213,29.70,80.70
26214,29.70,80.70
26215,29.70,80.60
26216,29.70,80.70
26217,29.70,80.70
26218,29.70,80.70
26219,29.70,80.60
26220,29.70,80.60
26221,29.70,80.70
26222,29.70,80.60
26223,29.70,80.70
26224,29.70,80.70
26225,29.70,80.60
26226,29.70,80.70
26227,29.70,80.60
26228,29.70,80.70
26229,29.70,80.70
26230,29.70,80.60
26231,29.70,80.60
26232,29.70,80.70
26233,29.70,80.70
26234,29.70,80.70
26235,29.70,80.70
26236,29.70,80.70
26237,29.60,80.70
26238,29.70,80.70
26239,29.70,80.70
26240,29.70,80.70
26241,29.70,80.70
26242,29.70,80.60
26243,29.70,80.70
26244,29.70,80.70
26245,29.70,80.70
26246,29.70,80.70
26247,29.70,80.70
26248,29.70,80.70
26249,29.70,80.70
26250,29.70,80.70
26251,29.70,80.70
26252,29.70,80.70
26253,29.70,80.70
26254,29.70,80.70
26255,29.70,80.60
26256,29.70,80.70
26257,29.60,80.70
26258,29.70,80.70
26259,29.70,80.70
26260,29.70,80.70
26261,29.70,80.70
26262,29.70,80.70
26263,29.70,80.70
26264,29.70,80.70
26265,29.70,80.70
26266,29.70,80.70
26267,29.70,80.70
26268,29.70,80.70
26269,29.70,80.70
26270,29.70,80.70
26271,29.70,80.70
26272,29.70,80.70
26273,29.70,80.70
26274,29.70,80.70
26275,29.70,80.70
26276,29.70,80.70
26277,29.70,80.60
26278,29.70,80.70
26279,29.70,80.70
26280,29.70,80.70
26281,29.70,80.70
26282,29.60,80.70
26283,29.70,80.70
26284,29.70,80.70
26285,29.70,80.70
26286,29.70,80.70
26287,29.70,80.60
26288,29.70,80.70
26289,29.70,80.60
26290,29.70,80.70
26291,29.60,80.70
26292,29.70,80.70
26293,29.70,80.60
26294,29.70,80.70
26295,29.60,80.70
26296,29.70,80.70
26297,29.60,80.70
26298,29.70,80.70
26299,29.70,80.70
26300,29.70,80.70
26301,29.70,80.70
26302,29.70,80.60
26303,29.70,80.70
26304,29.70,80.70
26305,29.70,80.70
26306,29.70,80.70
26307,29.70,80.70
26308,29.70,80.70
26309,29.70,80.70
26310,29.70,80.70
26311,29.70,80.70
26312,29.70,80.70
26313,29.60,80.70
26314,29.70,80.70
26315,29.70,80.70
26316,29.70,80.70
26317,29.60,80.70
26318,29.70,80.70
26319,29.70,80.70
26320,29.70,80.70
26321,29.70,80.70
26322,29.70,80.70
26323,29.70,80.60
26324,29.70,80.70
26325,29.70,80.70
26326,29.70,80.70
26327,29.70,80.70
26328,29.70,80.70
26329,29.70,80.70
26330,29.60,80.70
26331,29.60,80.60
26332,29.70,80.70
26333,29.70,80.70
26334,29.70,80.70
26335,29.70,80.70
26336,29.70,80.70
26337,29.70,80.70
26338,29.70,80.70
26339,29.70,80.70
26340,29.70,80.70
26341,29.60,80.70
26342,29.60,80.70
26343,29.70,80.60
26344,29.70,80.60
26345,29.70,80.70
26346,29.70,80.60
26347,29.70,80.70
26348,29.70,80.60
26349,29.70,80.70
26350,29.70,80.60
26351,29.70,80.60
26352,29.70,80.70
26353,29.70,80.70
26354,29.60,80.70
26355,29.70,80.60
26356,29.60,80.70
26357,29.60,80.60
26358,29.60,80.70
26359,29.60,80.60
26360,29.70,80.70
26361,29.70,80.70
26362,29.70,80.70
26363,29.70,80.70
26364,29.70,80.70
26365,29.70,80.70
26366,29.70,80.70
26367,29.70,80.60
26368,29.70,80.70
26369,29.70,80.70
26370,29.70,80.70
26371,29.70,80.60
26372,29.70,80.70
26373,29.70,80.70
26374,29.60,80.70
26375,29.70,80.70
26376,29.70,80.70
26377,29.70,80.70
26378,29.70,80.60
26379,29.70,80.60
26380,29.70,80.70
26381,29.60,80.70
26382,29.70,80.70
26383,29.70,80.70
26384,29.70,80.60
26385,29.70,80.70
26386,29.70,80.70
26387,29.60,80.70
26388,29.70,80.70
26389,29.70,80.70
26390,29.70,80.60
26391,29.60,80.70
26392,29.70,80.70
26393,29.70,80.60
26394,29.70,80.60
26395,29.70,80.60
26396,29.70,80.60
26397,29.70,80.70
26398,29.70,80.70
26399,29.70,80.70
26400,29.60,80.60
26401,29.70,80.70
26402,29.70,80.70
26403,29.70,80.70
26404,29.70,80.70
26405,29.70,80.70
26406,29.70,80.70
26407,29.70,80.70
26408,29.70,80.70
26409,29.70,80.70
26410,29.70,80.70
26411,29.70,80.70
26412,29.70,80.70
26413,29.70,80.70
26414,29.70,80.70
26415,29.70,80.60
26416,29.70,80.70
26417,29.60,80.70
26418,29.70,80.60
26419,29.70,80.70
26420,29.70,80.70
26421,29.70,80.60
26422,29.70,80.60
26423,29.70,80.60
26424,29.70,80.60
26425,29.70,80.70
26426,29.70,80.60
26427,29.70,80.60
26428,29.70,80.60
26429,29.70,80.60
26430,29.70,80.70
26431,29.70,80.70
26432,29.70,80.60
26433,29.70,80.70
26434,29.70,80.70
26435,29.70,80.60
26436,29.70,80.60
26437,29.70,80.70
26438,29.60,80.60
26439,29.70,80.70
26440,29.60,80.70
26441,29.70,80.60
26442,29.70,80.60
26443,29.70,80.70
26444,29.70,80.60
26445,29.70,80.60
26446,29.70,80.60
26447,29.70,80.60
26448,29.70,80.60
26449,29.70,80.70
26450,29.70,80.60
26451,29.70,80.70
26452,29.70,80.60
26453,29.70,80.60
26454,29.70,80.60
26455,29.70,80.70
26456,29.70,80.60
26457,29.70,80.70
26458,29.70,80.70
26459,29.70,80.60
26460,29.70,80.60
26461,29.70,80.60
26462,29.70,80.70
26463,29.70,80.60
26464,29.70,80.60
26465,29.70,80.60
26466,29.70,80.60
26467,29.70,80.60
26468,29.70,80.60
26469,29.70,80.70
26470,29.70,80.60
26471,29.70,80.60
26472,29.70,80.60
26473,29.70,80.60
26474,29.70,80.60
26475,29.70,80.60
26476,29.70,80.60
26477,29.70,80.60
26478,29.70,80.60
26479,29.70,80.60
26480,29.70,80.60
26481,29.70,80.60
26482,29.70,80.60
26483,29.70,80.60
26484,29.70,80.60
26485,29.70,80.60
26486,29.70,80.60
26487,29.70,80.60
26488,29.70,80.60
26489,29.70,80.60
26490,29.60,80.60
26491,29.70,80.60
26492,29.70,80.60
26493,29.70,80.60
26494,29.70,80.60
26495,29.70,80.60
26496,29.70,80.60
26497,29.70,80.60
26498,29.70,80.60
26499,29.70,80.60
26500,29.70,80.60
26501,29.70,80.60
26502,29.70,80.60
26503,29.70,80.60
26504,29.70,80.60
26505,29.70,80.60
26506,29.70,80.60
26507,29.70,80.60
26508,29.70,80.60
26509,29.70,80.60
26510,29.70,80.70
26511,29.70,80.60
26512,29.70,80.70
26513,29.70,80.60
26514,29.70,80.60
26515,29.70,80.60
26516,29.60,80.60
26517,29.70,80.50
26518,29.70,80.60
26519,29.70,80.60
26520,29.70,80.60
26521,29.70,80.70
26522,29.70,80.60
26523,29.70,80.60
26524,29.70,80.60
26525,29.70,80.60
26526,29.70,80.60
26527,29.70,80.60
26528,29.70,80.60
26529,29.70,80.60
26530,29.70,80.60
26531,29.70,80.60
26532,29.70,80.60
26533,29.60,80.60
26534,29.70,80.70
26535,29.70,80.70
26536,29.70,80.60
26537,29.70,80.60
26538,29.70,80.60
26539,29.70,80.60
26540,29.70,80.60
26541,29.70,80.60
26542,29.70,80.60
26543,29.70,80.60
26544,29.70,80.60
26545,29.70,80.60
26546,29.60,80.60
26547,29.70,80.60
26548,29.70,80.60
26549,29.60,80.60
26550,29.60,80.60
26551,29.70,80.70
26552,29.70,80.60
26553,29.70,80.60
26554,29.70,80.60
26555,29.70,80.60
26556,29.70,80.60
26557,29.70,80.60
26558,29.70,80.60
26559,29.70,80.50
26560,29.70,80.60
26561,29.70,80.60
26562,29.70,80.60
26563,29.70,80.60
26564,29.70,80.60
26565,29.70,80.50
26566,29.70,80.60
26567,29.70,80.60
26568,29.70,80.60
26569,29.70,80.50
26570,29.70,80.60
26571,29.70,80.60
26572,29.70,80.60
26573,29.70,80.60
26574,29.70,80.60
26575,29.70,80.60
26576,29.70,80.60
26577,29.70,80.60
26578,29.70,80.60
26579,29.70,80.60
26580,29.70,80.50
26581,29.70,80.60
26582,29.70,80.60
26583,29.70,80.60
26584,29.70,80.60
26585,29.70,80.60
26586,29.70,80.60
26587,29.70,80.60
26588,29.70,80.60
26589,29.70,80.60
26590,29.70,80.50
26591,29.70,80.60
26592,29.70,80.60
26593,29.70,80.60
26594,29.70,80.50
26595,29.60,80.60
26596,29.70,80.50
26597,29.70,80.60
26598,29.70,80.60
26599,29.70,80.60
26600,29.70,80.60
26601,29.70,80.60
26602,29.70,80.60
26603,29.70,80.60
26604,29.60,80.60
26605,29.70,80.60
26606,29.70,80.50
26607,29.70,80.60
26608,29.70,80.60
26609,29.70,80.50
26610,29.70,80.60
26611,29.70,80.50
26612,29.70,80.60
26613,29.60,80.60
26614,29.70,80.60
26615,29.70,80.50
26616,29.70,80.50
26617,29.70,80.50
26618,29.70,80.60
26619,29.60,80.50
26620,29.70,80.50
26621,29.70,80.50
26622,29.70,80.60
26623,29.70,80.50
26624,29.70,80.50
26625,29.70,80.50
26626,29.70,80.50
26627,29.70,80.50
26628,29.70,80.50
26629,29.70,80.50
26630,29.70,80.60
26631,29.70,80.60
26632,29.70,80.60
26633,29.70,80.60
26634,29.70,80.60
26635,29.70,80.50
26636,29.70,80.50
26637,29.70,80.60
26638,29.70,80.50
26639,29.70,80.60
26640,29.70,80.60
26641,29.70,80.60
26642,29.70,80.50
26643,29.70,80.50
26644,29.70,80.60
26645,29.70,80.50
26646,29.70,80.60
26647,29.70,80.50
26648,29.70,80.50
26649,29.70,80.50
26650,29.70,80.50
26651,29.70,80.50
26652,29.70,80.50
26653,29.70,80.60
26654,29.70,80.60
26655,29.70,80.50
26656,29.70,80.50
26657,29.70,80.60
26658,29.70,80.60
26659,29.70,80.60
26660,29.70,80.60
26661,29.70,80.60
26662,29.70,80.50
26663,29.70,80.50
26664,29.70,80.50
26665,29.70,80.50
26666,29.70,80.50
26667,29.70,80.50
26668,29.70,80.50
26669,29.70,80.50
26670,29.70,80.60
26671,29.70,80.50
26672,29.70,80.50
26673,29.70,80.50
26674,29.70,80.50
26675,29.60,80.50
26676,29.70,80.50
26677,29.70,80.60
26678,29.70,80.50
26679,29.70,80.50
26680,29.60,80.50
26681,29.70,80.50
26682,29.70,80.60
26683,29.70,80.60
26684,29.70,80.60
26685,29.70,80.60
26686,29.70,80.60
26687,29.70,80.50
26688,29.70,80.50
26689,29.70,80.50
26690,29.70,80.50
26691,29.70,80.50
26692,29.60,80.60
26693,29.70,80.60
26694,29.70,80.60
26695,29.70,80.50
26696,29.70,80.50
26697,29.70,80.50
26698,29.70,80.60
26699,29.70,80.60
26700,29.70,80.50
26701,29.70,80.60
26702,29.70,80.60
26703,29.70,80.50
26704,29.70,80.60
26705,29.70,80.60
26706,29.70,80.60
26707,29.70,80.50
26708,29.70,80.50
26709,29.70,80.60
26710,29.60,80.50
26711,29.70,80.60
26712,29.70,80.50
26713,29.70,80.60
26714,29.70,80.60
26715,29.70,80.60
26716,29.70,80.60
26717,29.70,80.60
26718,29.70,80.60
26719,29.70,80.60
26720,29.70,80.50
26721,29.60,80.50
26722,29.70,80.60
26723,29.60,80.50
26724,29.70,80.60
26725,29.70,80.60
26726,29.70,80.60
26727,29.70,80.60
26728,29.70,80.60
26729,29.60,80.60
26730,29.70,80.60
26731,29.70,80.60
26732,29.70,80.60
26733,29.70,80.60
26734,29.60,80.50
26735,29.60,80.60
26736,29.60,80.60
26737,29.70,80.60
26738,29.70,80.50
26739,29.60,80.60
26740,29.60,80.60
26741,29.60,80.50
26742,29.70,80.60
26743,29.70,80.60
26744,29.70,80.60
26745,29.70,80.50
26746,29.60,80.60
26747,29.70,80.50
26748,29.60,80.60
26749,29.70,80.60
26750,29.70,80.60
26751,29.70,80.60
26752,29.60,80.60
26753,29.60,80.50
26754,29.70,80.50
26755,29.60,80.60
26756,29.70,80.60
26757,29.70,80.50
26758,29.60,80.60
26759,29.60,80.60
26760,29.60,80.60
26761,29.70,80.60
26762,29.60,80.60
26763,29.70,80.60
26764,29.70,80.60
26765,29.60,80.60
26766,29.60,80.60
26767,29.70,80.60
26768,29.70,80.50
26769,29.70,80.60
26770,29.70,80.60
26771,29.60,80.60
26772,29.70,80.60
26773,29.70,80.60
26774,29.60,80.60
26775,29.60,80.50
26776,29.70,80.60
26777,29.70,80.60
26778,29.60,80.60
26779,29.60,80.60
26780,29.60,80.60
26781,29.60,80.60
26782,29.60,80.60
26783,29.70,80.60
26784,29.60,80.60
26785,29.70,80.60
26786,29.60,80.60
26787,29.70,80.60
26788,29.60,80.60
26789,29.70,80.60
26790,29.70,80.60
26791,29.60,80.50
26792,29.60,80.60
26793,29.70,80.60
26794,29.70,80.60
26795,29.70,80.60
26796,29.70,80.60
26797,29.70,80.60
26798,29.70,80.60
26799,29.60,80.60
26800,29.70,80.60
26801,29.70,80.60
26802,29.60,80.60
26803,29.70,80.60
26804,29.70,80.60
26805,29.70,80.60
26806,29.70,80.50
26807,29.60,80.60
26808,29.60,80.60
26809,29.60,80.60
26810,29.60,80.60
26811,29.60,80.60
26812,29.60,80.60
26813,29.60,80.60
26814,29.60,80.60
26815,29.70,80.60
26816,29.60,80.60
26817,29.60,80.70
26818,29.70,80.60
26819,29.60,80.60
26820,29.70,80.60
26821,29.70,80.60
26822,29.60,80.60
26823,29.70,80.50
26824,29.60,80.50
26825,29.60,80.60
26826,29.60,80.60
26827,29.70,80.60
26828,29.60,80.60
26829,29.60,80.60
26830,29.60,80.60
26831,29.70,80.60
26832,29.60,80.60
26833,29.70,80.60
26834,29.60,80.60
26835,29.60,80.50
26836,29.60,80.50
26837,29.60,80.50
26838,29.60,80.60
26839,29.70,80.60
26840,29.70,80.60
26841,29.60,80.50
26842,29.70,80.50
26843,29.60,80.60
26844,29.70,80.60
26845,29.60,80.60
26846,29.70,80.60
26847,29.70,80.60
26848,29.60,80.60
26849,29.60,80.60
26850,29.60,80.60
26851,29.60,80.60
26852,29.60,80.60
26853,29.70,80.60
26854,29.60,80.60
26855,29.70,80.50
26856,29.60,80.60
26857,29.60,80.60
26858,29.70,80.50
26859,29.60,80.50
26860,29.70,80.50
26861,29.60,80.50
26862,29.60,80.60
26863,29.60,80.60
26864,29.70,80.50
26865,29.60,80.60
26866,29.60,80.50
26867,29.60,80.50
26868,29.70,80.60
26869,29.60,80.60
26870,29.60,80.50
26871,29.70,80.50
26872,29.60,80.50
26873,29.60,80.50
26874,29.70,80.60
26875,29.60,80.50
26876,29.70,80.50
26877,29.70,80.50
26878,29.60,80.60
26879,29.60,80.50
26880,29.60,80.60
26881,29.70,80.50
26882,29.70,80.50
26883,29.70,80.50
26884,29.70,80.60
26885,29.70,80.50
26886,29.70,80.50
26887,29.60,80.50
26888,29.70,80.60
26889,29.70,80.60
26890,29.70,80.50
26891,29.70,80.50
26892,29.70,80.50
26893,29.70,80.50
26894,29.60,80.50
26895,29.60,80.60
26896,29.60,80.50
26897,29.70,80.50
26898,29.70,80.50
26899,29.70,80.50
26900,29.70,80.60
26901,29.60,80.60
26902,29.60,80.50
26903,29.70,80.50
26904,29.70,80.50
26905,29.60,80.60
26906,29.70,80.50
26907,29.70,80.50
26908,29.60,80.50
26909,29.60,80.50
26910,29.70,80.60
26911,29.60,80.50
26912,29.60,80.50
26913,29.70,80.60
26914,29.70,80.50
26915,29.70,80.50
26916,29.60,80.50
26917,29.70,80.50
26918,29.60,80.50
26919,29.60,80.50
26920,29.60,80.60
26921,29.60,80.50
26922,29.60,80.50
26923,29.70,80.50
26924,29.60,80.50
26925,29.70,80.50
26926,29.60,80.50
26927,29.70,80.50
26928,29.70,80.50
26929,29.60,80.50
26930,29.60,80.50
26931,29.60,80.50
26932,29.60,80.60
26933,29.60,80.50
26934,29.60,80.50
26935,29.60,80.50
26936,29.60,80.50
26937,29.60,80.50
26938,29.60,80.50
26939,29.70,80.50
26940,29.60,80.50
26941,29.60,80.40
26942,29.70,80.60
26943,29.60,80.50
26944,29.70,80.50
26945,29.60,80.50
26946,29.60,80.50
26947,29.70,80.50
26948,29.70,80.50
26949,29.60,80.50
26950,29.70,80.50
26951,29.60,80.50
26952,29.70,80.50
26953,29.60,80.50
26954,29.60,80.60
26955,29.60,80.50
26956,29.70,80.50
26957,29.70,80.50
26958,29.60,80.50
26959,29.60,80.50
26960,29.70,80.50
26961,29.60,80.50
26962,29.60,80.50
26963,29.60,80.50
26964,29.70,80.50
26965,29.70,80.50
26966,29.60,80.50
26967,29.70,80.50
26968,29.70,80.50
26969,29.60,80.50
26970,29.70,80.50
26971,29.70,80.50
26972,29.60,80.50
26973,29.60,80.50
26974,29.60,80.50
26975,29.60,80.50
26976,29.70,80.50
26977,29.70,80.50
26978,29.70,80.50
26979,29.70,80.50
26980,29.70,80.50
26981,29.70,80.50
26982,29.60,80.50
26983,29.70,80.50
26984,29.70,80.40
26985,29.70,80.50
26986,29.70,80.40
26987,29.70,80.50
26988,29.60,80.50
26989,29.60,80.40
26990,29.60,80.50
26991,29.60,80.50
26992,29.60,80.50
26993,29.70,80.50
26994,29.60,80.50
26995,29.70,80.50
26996,29.60,80.50
26997,29.70,80.40
26998,29.70,80.50
26999,29.70,80.50
27000,29.60,80.50
27001,29.70,80.50
27002,29.60,80.50
27003,29.60,80.50
27004,29.70,80.40
27005,29.60,80.50
27006,29.60,80.50
27007,29.70,80.40
27008,29.70,80.40
27009,29.70,80.50
27010,29.70,80.40
27011,29.60,80.50
27012,29.60,80.50
27013,29.70,80.40
27014,29.70,80.50
27015,29.70,80.50
27016,29.60,80.40
27017,29.70,80.40
27018,29.70,80.40
27019,29.70,80.50
27020,29.60,80.40
27021,29.70,80.40
27022,29.70,80.50
27023,29.70,80.50
27024,29.60,80.40
27025,29.70,80.40
27026,29.60,80.40
27027,29.60,80.40
27028,29.60,80.40
27029,29.60,80.40
27030,29.70,80.40
27031,29.70,80.50
27032,29.70,80.40
27033,29.60,80.40
27034,29.70,80.40
27035,29.60,80.50
27036,29.60,80.40
27037,29.70,80.40
27038,29.60,80.40
27039,29.60,80.40
27040,29.60,80.50
27041,29.70,80.40
27042,29.60,80.40
27043,29.60,80.40
27044,29.70,80.50
27045,29.60,80.50
27046,29.60,80.40
27047,29.60,80.40
27048,29.60,80.40
27049,29.60,80.50
27050,29.70,80.50
27051,29.60,80.40
27052,29.60,80.50
27053,29.70,80.50
27054,29.60,80.50
27055,29.60,80.40
27056,29.70,80.50
27057,29.70,80.40
27058,29.70,80.50
27059,29.70,80.40
27060,29.70,80.40
27061,29.70,80.40
27062,29.60,80.40
27063,29.60,80.50
27064,29.60,80.50
27065,29.60,80.50
27066,29.60,80.40
27067,29.70,80.50
27068,29.60,80.50
27069,29.70,80.40
27070,29.60,80.50
27071,29.60,80.50
27072,29.60,80.40
27073,29.60,80.40
27074,29.70,80.40
27075,29.70,80.50
27076,29.70,80.40
27077,29.60,80.40
27078,29.60,80.40
27079,29.60,80.50
27080,29.60,80.40
27081,29.60,80.40
27082,29.70,80.40
27083,29.60,80.50
27084,29.70,80.40
27085,29.70,80.50
27086,29.70,80.40
27087,29.60,80.40
27088,29.60,80.40
27089,29.70,80.40
27090,29.60,80.40
27091,29.60,80.40
27092,29.70,80.40
27093,29.70,80.50
27094,29.60,80.50
27095,29.70,80.50
27096,29.70,80.40
27097,29.70,80.40
27098,29.70,80.40
27099,29.70,80.40
27100,29.70,80.40
27101,29.60,80.40
27102,29.60,80.50
27103,29.60,80.40
27104,29.60,80.50
27105,29.70,80.40
27106,29.60,80.50
27107,29.70,80.40
27108,29.60,80.40
27109,29.70,80.40
27110,29.70,80.40
27111,29.60,80.40
27112,29.60,80.40
27113,29.60,80.50
27114,29.60,80.50
27115,29.60,80.50
27116,29.60,80.40
27117,29.60,80.40
27118,29.60,80.40
27119,29.60,80.40
27120,29.70,80.40
27121,29.60,80.40
27122,29.60,80.40
27123,29.60,80.40
27124,29.60,80.40
27125,29.70,80.40
27126,29.70,80.50
27127,29.60,80.40
27128,29.60,80.40
27129,29.70,80.40
27130,29.70,80.40
27131,29.70,80.40
27132,29.70,80.40
27133,29.60,80.40
27134,29.70,80.40
27135,29.70,80.40
27136,29.70,80.40
27137,29.70,80.40
27138,29.60,80.40
27139,29.70,80.40
27140,29.60,80.40
27141,29.70,80.50
27142,29.60,80.40
27143,29.60,80.40
27144,29.70,80.40
27145,29.60,80.50
27146,29.70,80.50
27147,29.60,80.50
27148,29.60,80.40
27149,29.60,80.40
27150,29.70,80.40
27151,29.60,80.40
27152,29.60,80.40
27153,29.60,80.40
27154,29.60,80.40
27155,29.60,80.40
27156,29.60,80.40
27157,29.60,80.40
27158,29.60,80.40
27159,29.60,80.40
27160,29.60,80.40
27161,29.60,80.40
27162,29.60,80.50
27163,29.60,80.40
27164,29.60,80.40
27165,29.60,80.40
27166,29.60,80.40
27167,29.60,80.40
27168,29.60,80.40
27169,29.60,80.40
27170,29.60,80.40
27171,29.60,80.40
27172,29.60,80.40
27173,29.60,80.40
27174,29.60,80.40
27175,29.60,80.40
27176,29.60,80.40
27177,29.70,80.40
27178,29.60,80.40
27179,29.60,80.40
27180,29.60,80.40
27181,29.60,80.40
27182,29.60,80.40
27183,29.60,80.40
27184,29.60,80.40
27185,29.60,80.40
27186,29.60,80.40
27187,29.60,80.50
27188,29.60,80.40
27189,29.60,80.40
27190,29.60,80.40
27191,29.60,80.50
27192,29.70,80.40
27193,29.60,80.40
27194,29.60,80.40
27195,29.60,80.50
27196,29.60,80.50
27197,29.60,80.40
27198,29.60,80.40
27199,29.60,80.40
27200,29.60,80.40
27201,29.60,80.40
27202,29.60,80.40
27203,29.60,80.40
27204,29.70,80.50
27205,29.60,80.40
27206,29.70,80.40
27207,29.60,80.40
27208,29.60,80.40
27209,29.60,80.40
27210,29.60,80.40
27211,29.60,80.40
27212,29.60,80.40
27213,29.60,80.40
27214,29.60,80.40
27215,29.60,80.40
27216,29.60,80.40
27217,29.60,80.40
27218,29.60,80.40
27219,29.60,80.40
27220,29.70,80.40
27221,29.60,80.40
27222,29.60,80.40
27223,29.70,80.40
27224,29.60,80.40
27225,29.60,80.40
27226,29.70,80.50
27227,29.60,80.40
27228,29.60,80.40
27229,29.60,80.40
27230,29.60,80.40
27231,29.60,80.40
27232,29.60,80.40
27233,29.60,80.40
27234,29.60,80.40
27235,29.60,80.40
27236,29.60,80.40
27237,29.60,80.40
27238,29.60,80.40
27239,29.60,80.40
27240,29.60,80.40
27241,29.60,80.40
27242,29.60,80.40
27243,29.60,80.40
27244,29.60,80.40
27245,29.60,80.30
27246,29.60,80.40
27247,29.60,80.40
27248,29.60,80.40
27249,29.60,80.30
27250,29.60,80.40
27251,29.60,80.40
27252,29.60,80.30
27253,29.60,80.40
27254,29.60,80.40
27255,29.60,80.40
27256,29.60,80.40
27257,29.60,80.40
27258,29.60,80.30
27259,29.60,80.40
27260,29.60,80.40
27261,29.60,80.40
27262,29.60,80.40
27263,29.60,80.40
27264,29.60,80.40
27265,29.60,80.30
27266,29.60,80.40
27267,29.60,80.40
27268,29.60,80.30
27269,29.60,80.40
27270,29.60,80.40
27271,29.60,80.40
27272,29.60,80.30
27273,29.60,80.40
27274,29.60,80.40
27275,29.60,80.30
27276,29.60,80.30
27277,29.60,80.40
27278,29.60,80.40
27279,29.60,80.40
27280,29.60,80.40
27281,29.60,80.40
27282,29.60,80.30
27283,29.60,80.30
27284,29.60,80.30
27285,29.70,80.40
27286,29.60,80.40
27287,29.60,80.40
27288,29.60,80.30
27289,29.60,80.30
27290,29.60,80.40
27291,29.60,80.30
27292,29.60,80.40
27293,29.60,80.40
27294,29.60,80.40
27295,29.60,80.40
27296,29.60,80.40
27297,29.60,80.40
27298,29.70,80.40
27299,29.60,80.40
27300,29.60,80.40
27301,29.60,80.30
27302,29.60,80.40
27303,29.60,80.30
27304,29.60,80.40
27305,29.60,80.30
27306,29.60,80.40
27307,29.60,80.40
27308,29.60,80.30
27309,29.60,80.40
27310,29.60,80.40
27311,29.60,80.40
27312,29.60,80.40
27313,29.60,80.40
27314,29.60,80.40
27315,29.60,80.30
27316,29.60,80.40
27317,29.60,80.30
27318,29.60,80.30
27319,29.60,80.40
27320,29.60,80.40
27321,29.60,80.40
27322,29.60,80.40
27323,29.60,80.40
27324,29.60,80.30
27325,29.60,80.30
27326,29.60,80.40
27327,29.60,80.40
27328,29.60,80.30
27329,29.60,80.40
27330,29.60,80.40
27331,29.60,80.30
27332,29.60,80.30
27333,29.60,80.40
27334,29.60,80.40
27335,29.60,80.40
27336,29.60,80.30
27337,29.60,80.30
27338,29.60,80.40
27339,29.60,80.30
27340,29.60,80.40
27341,29.60,80.40
27342,29.60,80.30
27343,29.60,80.30
27344,29.60,80.30
27345,29.60,80.40
27346,29.60,80.40
27347,29.60,80.40
27348,29.60,80.30
27349,29.60,80.30
27350,29.60,80.30
27351,29.60,80.40
27352,29.60,80.40
27353,29.60,80.30
27354,29.60,80.40
27355,29.60,80.30
27356,29.60,80.30
27357,29.60,80.30
27358,29.60,80.30
27359,29.60,80.40
27360,29.60,80.30
27361,29.60,80.40
27362,29.60,80.30
27363,29.60,80.30
27364,29.60,80.30
27365,29.60,80.30
27366,29.60,80.40
27367,29.60,80.30
27368,29.60,80.30
27369,29.60,80.40
27370,29.60,80.30
27371,29.60,80.40
27372,29.60,80.40
27373,29.60,80.40
27374,29.60,80.40
27375,29.60,80.30
27376,29.60,80.30
27377,29.60,80.30
27378,29.60,80.30
27379,29.60,80.30
27380,29.70,80.40
27381,29.60,80.30
27382,29.60,80.30
27383,29.60,80.30
27384,29.60,80.30
27385,29.60,80.30
27386,29.60,80.30
27387,29.60,80.30
27388,29.60,80.30
27389,29.60,80.30
27390,29.60,80.30
27391,29.60,80.30
27392,29.60,80.30
27393,29.60,80.40
27394,29.60,80.30
27395,29.60,80.30
27396,29.60,80.30
27397,29.60,80.30
27398,29.60,80.30
27399,29.60,80.30
27400,29.60,80.40
27401,29.60,80.30
27402,29.60,80.30
27403,29.60,80.30
27404,29.60,80.40
27405,29.60,80.30
27406,29.60,80.30
27407,29.60,80.30
27408,29.60,80.30
27409,29.60,80.30
27410,29.60,80.30
27411,29.60,80.30
27412,29.60,80.30
27413,29.60,80.30
27414,29.60,80.30
27415,29.60,80.30
27416,29.60,80.30
27417,29.60,80.30
27418,29.60,80.30
27419,29.60,80.30
27420,29.60,80.30
27421,29.60,80.30
27422,29.60,80.30
27423,29.60,80.30
27424,29.60,80.30
27425,29.60,80.30
27426,29.60,80.30
27427,29.60,80.30
27428,29.60,80.30
27429,29.60,80.30
27430,29.60,80.30
27431,29.60,80.30
27432,29.60,80.30
27433,29.60,80.30
27434,29.60,80.40
27435,29.60,80.30
27436,29.60,80.30
27437,29.60,80.30
27438,29.60,80.30
27439,29.60,80.30
27440,29.60,80.30
27441,29.60,80.30
27442,29.60,80.40
27443,29.60,80.30
27444,29.60,80.30
27445,29.60,80.30
27446,29.60,80.30
27447,29.60,80.30
27448,29.60,80.30
27449,29.60,80.30
27450,29.60,80.30
27451,29.60,80.30
27452,29.60,80.30
27453,29.60,80.30
27454,29.60,80.30
27455,29.60,80.30
27456,29.60,80.30
27457,29.60,80.30
27458,29.60,80.30
27459,29.60,80.30
27460,29.60,80.30
27461,29.60,80.20
27462,29.60,80.30
27463,29.60,80.30
27464,29.60,80.20
27465,29.60,80.30
27466,29.60,80.30
27467,29.60,80.30
27468,29.60,80.30
27469,29.60,80.30
27470,29.60,80.30
27471,29.60,80.30
27472,29.60,80.20
27473,29.60,80.30
27474,29.60,80.20
27475,29.60,80.20
27476,29.60,80.20
27477,29.60,80.20
27478,29.60,80.30
27479,29.60,80.20
27480,29.60,80.30
27481,29.60,80.30
27482,29.60,80.30
27483,29.60,80.30
27484,29.60,80.30
27485,29.60,80.30
27486,29.60,80.30
27487,29.60,80.30
27488,29.60,80.30
27489,29.60,80.30
27490,29.60,80.30
27491,29.60,80.20
27492,29.60,80.30
27493,29.60,80.30
27494,29.60,80.30
27495,29.60,80.30
27496,29.60,80.20
27497,29.60,80.30
27498,29.70,80.30
27499,29.60,80.30
27500,29.60,80.30
27501,29.60,80.30
27502,29.60,80.30
27503,29.60,80.20
27504,29.60,80.30
27505,29.60,80.30
27506,29.60,80.30
27507,29.60,80.30
27508,29.60,80.30
27509,29.60,80.30
27510,29.60,80.20
27511,29.60,80.30
27512,29.60,80.20
27513,29.60,80.30
27514,29.60,80.30
27515,29.60,80.30
27516,29.60,80.30
27517,29.60,80.20
27518,29.60,80.30
27519,29.60,80.30
27520,29.60,80.30
27521,29.60,80.20
27522,29.60,80.30
27523,29.60,80.30
27524,29.60,80.20
27525,29.60,80.30
27526,29.60,80.30
27527,29.60,80.30
27528,29.60,80.20
27529,29.60,80.30
27530,29.60,80.30
27531,29.60,80.30
27532,29.60,80.30
27533,29.60,80.30
27534,29.60,80.30
27535,29.60,80.30
27536,29.60,80.20
27537,29.60,80.30
27538,29.60,80.30
27539,29.60,80.30
27540,29.60,80.30
27541,29.60,80.30
27542,29.60,80.20
27543,29.60,80.30
27544,29.60,80.20
27545,29.60,80.20
27546,29.60,80.20
27547,29.60,80.30
27548,29.60,80.30
27549,29.60,80.30
27550,29.60,80.20
27551,29.60,80.20
27552,29.60,80.30
27553,29.60,80.30
27554,29.60,80.20
27555,29.60,80.20
27556,29.60,80.20
27557,29.60,80.20
27558,29.60,80.20
27559,29.70,80.20
27560,29.60,80.20
27561,29.60,80.20
27562,29.60,80.20
27563,29.60,80.20
27564,29.60,80.20
27565,29.60,80.20
27566,29.60,80.20
27567,29.60,80.20
27568,29.60,80.20
27569,29.60,80.20
27570,29.60,80.30
27571,29.60,80.20
27572,29.60,80.20
27573,29.70,80.20
27574,29.60,80.20
27575,29.70,80.30
27576,29.60,80.20
27577,29.60,80.20
27578,29.60,80.20
27579,29.60,80.30
27580,29.60,80.20
27581,29.70,80.20
27582,29.60,80.20
27583,29.60,80.20
27584,29.60,80.30
27585,29.60,80.20
27586,29.60,80.30
27587,29.60,80.20
27588,29.60,80.20
27589,29.60,80.20
27590,29.60,80.20
27591,29.60,80.30
27592,29.60,80.20
27593,29.60,80.20
27594,29.60,80.30
27595,29.60,80.30
27596,29.60,80.20
27597,29.70,80.30
27598,29.60,80.20
27599,29.60,80.20
27600,29.60,80.30
27601,29.60,80.20
27602,29.60,80.30
27603,29.60,80.20
27604,29.60,80.20
27605,29.60,80.20
27606,29.60,80.20
27607,29.60,80.20
27608,29.60,80.20
27609,29.60,80.30
27610,29.60,80.30
27611,29.60,80.20
27612,29.60,80.20
27613,29.60,80.30
27614,29.60,80.30
27615,29.60,80.20
27616,29.60,80.20
27617,29.60,80.30
27618,29.60,80.20
27619,29.60,80.20
27620,29.60,80.20
27621,29.60,80.20
27622,29.70,80.20
27623,29.60,80.20
27624,29.70,80.30
27625,29.60,80.20
27626,29.60,80.30
27627,29.60,80.30
27628,29.60,80.30
27629,29.60,80.30
27630,29.60,80.30
27631,29.60,80.20
27632,29.60,80.30
27633,29.60,80.20
27634,29.60,80.20
27635,29.60,80.20
27636,29.60,80.20
27637,29.60,80.30
27638,29.60,80.20
27639,29.60,80.20
27640,29.60,80.20
27641,29.60,80.20
27642,29.60,80.30
27643,29.60,80.20
27644,29.60,80.20
27645,29.60,80.20
27646,29.60,80.30
27647,29.60,80.20
27648,29.60,80.20
27649,29.60,80.20
27650,29.60,80.30
27651,29.60,80.20
27652,29.60,80.20
27653,29.60,80.20
27654,29.60,80.20
27655,29.60,80.30
27656,29.60,80.30
27657,29.60,80.30
27658,29.60,80.30
27659,29.60,80.20
27660,29.60,80.20
27661,29.60,80.30
27662,29.60,80.30
27663,29.60,80.20
27664,29.60,80.20
27665,29.60,80.20
27666,29.60,80.20
27667,29.60,80.30
27668,29.60,80.30
27669,29.60,80.20
27670,29.60,80.30
27671,29.60,80.30
27672,29.60,80.20
27673,29.60,80.20
27674,29.60,80.20
27675,29.60,80.20
27676,29.60,80.20
27677,29.60,80.20
27678,29.60,80.20
27679,29.60,80.30
27680,29.60,80.30
27681,29.60,80.20
27682,29.60,80.30
27683,29.60,80.30
27684,29.60,80.30
27685,29.60,80.30
27686,29.60,80.30
27687,29.60,80.20
27688,29.60,80.20
27689,29.60,80.30
27690,29.60,80.20
27691,29.60,80.30
27692,29.60,80.30
27693,29.60,80.30
27694,29.60,80.20
27695,29.60,80.30
27696,29.60,80.30
27697,29.60,80.30
27698,29.60,80.30
27699,29.60,80.30
27700,29.60,80.30
27701,29.60,80.30
27702,29.60,80.20
27703,29.60,80.20
27704,29.60,80.30
27705,29.60,80.30
27706,29.60,80.30
27707,29.60,80.20
27708,29.60,80.30
27709,29.60,80.30
27710,29.60,80.30
27711,29.60,80.30
27712,29.60,80.20
27713,29.60,80.20
27714,29.60,80.20
27715,29.60,80.30
27716,29.60,80.20
27717,29.60,80.30
27718,29.60,80.30
27719,29.60,80.30
27720,29.60,80.30
27721,29.60,80.30
27722,29.60,80.30
27723,29.60,80.30
27724,29.60,80.30
27725,29.60,80.20
27726,29.60,80.30
27727,29.60,80.30
27728,29.60,80.30
27729,29.60,80.30
27730,29.60,80.30
27731,29.60,80.30
27732,29.60,80.20
27733,29.60,80.20
27734,29.60,80.20
27735,29.60,80.30
27736,29.60,80.30
27737,29.60,80.30
27738,29.60,80.30
27739,29.60,80.30
27740,29.60,80.20
27741,29.60,80.30
27742,29.60,80.30
27743,29.60,80.20
27744,29.60,80.20
27745,29.60,80.30
27746,29.60,80.30
27747,29.60,80.20
27748,29.60,80.30
27749,29.60,80.30
27750,29.60,80.30
27751,29.60,80.30
27752,29.60,80.30
27753,29.60,80.30
27754,29.60,80.30
27755,29.60,80.30
27756,29.60,80.30
27757,29.60,80.30
27758,29.60,80.30
27759,29.60,80.20
27760,29.60,80.30
27761,29.60,80.30
27762,29.60,80.20
27763,29.60,80.20
27764,29.60,80.30
27765,29.60,80.20
27766,29.60,80.30
27767,29.60,80.30
27768,29.60,80.30
27769,29.60,80.30
27770,29.60,80.30
27771,29.60,80.30
27772,29.60,80.20
27773,29.60,80.30
27774,29.60,80.20
27775,29.60,80.30
27776,29.60,80.20
27777,29.60,80.30
27778,29.60,80.30
27779,29.60,80.30
27780,29.60,80.20
27781,29.60,80.20
27782,29.60,80.30
27783,29.60,80.30
27784,29.60,80.20
27785,29.60,80.30
27786,29.60,80.20
27787,29.60,80.30
27788,29.60,80.20
27789,29.60,80.30
27790,29.60,80.20
27791,29.60,80.20
27792,29.60,80.30
27793,29.60,80.30
27794,29.60,80.30
27795,29.60,80.30
27796,29.60,80.20
27797,29.60,80.20
27798,29.60,80.30
27799,29.60,80.30
27800,29.60,80.30
27801,29.60,80.30
27802,29.60,80.30
27803,29.60,80.30
27804,29.60,80.20
27805,29.60,80.30
27806,29.60,80.20
27807,29.60,80.30
27808,29.60,80.20
27809,29.60,80.20
27810,29.60,80.30
27811,29.60,80.30
27812,29.60,80.20
27813,29.60,80.30
27814,29.60,80.30
27815,29.60,80.20
27816,29.60,80.30
27817,29.60,80.20
27818,29.60,80.30
27819,29.60,80.30
27820,29.60,80.20
27821,29.60,80.30
27822,29.60,80.30
27823,29.60,80.30
27824,29.60,80.30
27825,29.60,80.30
27826,29.60,80.30
27827,29.60,80.30
27828,29.60,80.30
27829,29.60,80.20
27830,29.60,80.30
27831,29.60,80.30
27832,29.60,80.30
27833,29.60,80.30
27834,29.60,80.20
27835,29.60,80.20
27836,29.60,80.30
27837,29.60,80.20
27838,29.60,80.30
27839,29.60,80.30
27840,29.60,80.20
27841,29.60,80.30
27842,29.60,80.30
27843,29.60,80.30
27844,29.60,80.20
27845,29.60,80.30
27846,29.60,80.30
27847,29.60,80.20
27848,29.60,80.30
27849,29.60,80.30
27850,29.60,80.30
27851,29.60,80.30
27852,29.60,80.20
27853,29.60,80.20
27854,29.60,80.30
27855,29.60,80.20
27856,29.60,80.30
27857,29.60,80.30
27858,29.60,80.20
27859,29.60,80.30
27860,29.60,80.30
27861,29.60,80.30
27862,29.60,80.20
27863,29.60,80.20
27864,29.60,80.30
27865,29.60,80.30
27866,29.60,80.20
27867,29.60,80.20
27868,29.60,80.20
27869,29.60,80.20
27870,29.60,80.20
27871,29.60,80.30
27872,29.60,80.20
27873,29.60,80.20
27874,29.60,80.20
27875,29.60,80.20
27876,29.70,80.20
27877,29.60,80.20
27878,29.60,80.20
27879,29.60,80.20
27880,29.60,80.20
27881,29.60,80.30
27882,29.60,80.30
27883,29.60,80.20
27884,29.60,80.20
27885,29.60,80.20
27886,29.60,80.30
27887,29.60,80.20
27888,29.60,80.20
27889,29.60,80.20
27890,29.60,80.20
27891,29.60,80.30
27892,29.60,80.20
27893,29.60,80.20
27894,29.60,80.30
27895,29.60,80.20
27896,29.60,80.20
27897,29.60,80.20
27898,29.60,80.30
27899,29.60,80.20
27900,29.60,80.20
27901,29.60,80.30
27902,29.60,80.20
27903,29.60,80.20
27904,29.60,80.20
27905,29.60,80.30
27906,29.60,80.20
27907,29.60,80.20
27908,29.60,80.30
27909,29.60,80.20
27910,29.60,80.20
27911,29.60,80.20
27912,29.60,80.20
27913,29.60,80.20
27914,29.60,80.20
27915,29.60,80.30
27916,29.60,80.30
27917,29.60,80.20
27918,29.60,80.20
27919,29.60,80.20
27920,29.60,80.20
27921,29.60,80.20
27922,29.60,80.20
27923,29.60,80.20
27924,29.60,80.30
27925,29.60,80.20
27926,29.60,80.20
27927,29.60,80.20
27928,29.60,80.30
27929,29.60,80.30
27930,29.60,80.20
27931,29.60,80.20
27932,29.60,80.30
27933,29.60,80.20
27934,29.60,80.20
27935,29.60,80.20
27936,29.60,80.20
27937,29.60,80.20
27938,29.60,80.30
27939,29.60,80.30
27940,29.60,80.20
27941,29.60,80.20
27942,29.60,80.20
27943,29.60,80.30
27944,29.60,80.30
27945,29.60,80.20
27946,29.60,80.20
27947,29.60,80.20
27948,29.60,80.30
27949,29.60,80.20
27950,29.60,80.20
27951,29.60,80.20
27952,29.60,80.20
27953,29.60,80.30
27954,29.60,80.30
27955,29.60,80.20
27956,29.60,80.20
27957,29.60,80.30
27958,29.60,80.20
27959,29.60,80.30
27960,29.60,80.20
27961,29.60,80.20
27962,29.60,80.20
27963,29.60,80.20
27964,29.60,80.20
27965,29.60,80.20
27966,29.60,80.20
27967,29.60,80.20
27968,29.60,80.30
27969,29.60,80.30
27970,29.60,80.20
27971,29.60,80.20
27972,29.60,80.30
27973,29.60,80.20
27974,29.60,80.30
27975,29.60,80.20
27976,29.60,80.20
27977,29.60,80.20
27978,29.60,80.20
27979,29.60,80.30
27980,29.60,80.20
27981,29.60,80.30
27982,29.60,80.20
27983,29.60,80.20
27984,29.60,80.20
27985,29.60,80.20
27986,29.60,80.20
27987,29.60,80.20
27988,29.60,80.20
27989,29.60,80.20
27990,29.60,80.20
27991,29.60,80.20
27992,29.60,80.30
27993,29.60,80.20
27994,29.60,80.20
27995,29.60,80.30
27996,29.60,80.30
27997,29.60,80.20
27998,29.50,80.20
27999,29.60,80.20
28000,29.60,80.20
28001,29.60,80.20
28002,29.60,80.20
28003,29.50,80.20
28004,29.60,80.30
28005,29.60,80.20
28006,29.60,80.20
28007,29.60,80.30
28008,29.60,80.30
28009,29.60,80.20
28010,29.60,80.30
28011,29.60,80.20
28012,29.60,80.20
28013,29.60,80.30
28014,29.60,80.20
28015,29.60,80.20
28016,29.60,80.20
28017,29.60,80.30
28018,29.60,80.30
28019,29.60,80.20
28020,29.60,80.30
28021,29.60,80.20
28022,29.60,80.20
28023,29.60,80.20
28024,29.60,80.30
28025,29.60,80.30
28026,29.60,80.30
28027,29.60,80.20
28028,29.60,80.30
28029,29.60,80.20
28030,29.60,80.20
28031,29.60,80.30
28032,29.60,80.20
28033,29.60,80.20
28034,29.60,80.20
28035,29.60,80.20
28036,29.60,80.30
28037,29.60,80.20
28038,29.60,80.20
28039,29.60,80.20
28040,29.60,80.20
28041,29.60,80.20
28042,29.60,80.20
28043,29.60,80.30
28044,29.60,80.20
28045,29.60,80.20
28046,29.60,80.20
28047,29.60,80.30
28048,29.60,80.20
28049,29.60,80.20
28050,29.60,80.20
28051,29.60,80.20
28052,29.60,80.30
28053,29.60,80.30
28054,29.60,80.30
28055,29.60,80.30
28056,29.60,80.20
28057,29.50,80.30
28058,29.60,80.20
28059,29.60,80.20
28060,29.60,80.20
28061,29.60,80.20
28062,29.60,80.30
28063,29.60,80.30
28064,29.60,80.20
28065,29.60,80.30
28066,29.60,80.30
28067,29.60,80.30
28068,29.60,80.20
28069,29.60,80.20
28070,29.60,80.20
28071,29.60,80.30
28072,29.60,80.30
28073,29.60,80.30
28074,29.60,80.30
28075,29.60,80.30
28076,29.60,80.30
28077,29.60,80.20
28078,29.60,80.20
28079,29.50,80.20
28080,29.60,80.20
28081,29.60,80.30
28082,29.60,80.20
28083,29.60,80.30
28084,29.60,80.30
28085,29.60,80.20
28086,29.60,80.30
28087,29.60,80.30
28088,29.60,80.30
28089,29.60,80.20
28090,29.60,80.30
28091,29.60,80.30
28092,29.50,80.20
28093,29.60,80.30
28094,29.60,80.20
28095,29.60,80.30
28096,29.60,80.30
28097,29.60,80.30
28098,29.60,80.20
28099,29.60,80.20
28100,29.60,80.30
28101,29.60,80.20
28102,29.50,80.20
28103,29.60,80.30
28104,29.60,80.20
28105,29.60,80.30
28106,29.60,80.30
28107,29.60,80.30
28108,29.60,80.30
28109,29.60,80.30
28110,29.60,80.30
28111,29.60,80.30
28112,29.60,80.30
28113,29.60,80.30
28114,29.60,80.30
28115,29.50,80.30
28116,29.60,80.30
28117,29.60,80.30
28118,29.50,80.30
28119,29.50,80.30
28120,29.60,80.30
28121,29.50,80.30
28122,29.60,80.30
28123,29.60,80.20
28124,29.50,80.30
28125,29.60,80.30
28126,29.60,80.20
28127,29.60,80.30
28128,29.60,80.30
28129,29.60,80.20
28130,29.60,80.30
28131,29.60,80.20
28132,29.60,80.30
28133,29.60,80.20
28134,29.60,80.30
28135,29.60,80.30
28136,29.60,80.20
28137,29.50,80.30
28138,29.60,80.20
28139,29.50,80.30
28140,29.60,80.20
28141,29.60,80.20
28142,29.60,80.30
28143,29.60,80.20
28144,29.60,80.20
28145,29.60,80.20
28146,29.60,80.30
28147,29.60,80.20
28148,29.60,80.20
28149,29.60,80.30
28150,29.60,80.30
28151,29.60,80.20
28152,29.60,80.30
28153,29.60,80.20
28154,29.60,80.20
28155,29.60,80.30
28156,29.60,80.30
28157,29.60,80.20
28158,29.60,80.30
28159,29.60,80.20
28160,29.50,80.20
28161,29.60,80.20
28162,29.60,80.20
28163,29.60,80.30
28164,29.60,80.30
28165,29.50,80.30
28166,29.60,80.20
28167,29.60,80.20
28168,29.60,80.20
28169,29.60,80.30
28170,29.60,80.20
28171,29.60,80.30
28172,29.60,80.20
28173,29.60,80.20
28174,29.50,80.20
28175,29.60,80.20
28176,29.60,80.20
28177,29.60,80.30
28178,29.60,80.20
28179,29.60,80.30
28180,29.60,80.20
28181,29.60,80.20
28182,29.60,80.20
28183,29.60,80.20
28184,29.60,80.20
28185,29.60,80.20
28186,29.60,80.30
28187,29.60,80.30
28188,29.60,80.30
28189,29.60,80.30
28190,29.60,80.20
28191,29.60,80.30
28192,29.60,80.30
28193,29.50,80.20
28194,29.60,80.20
28195,29.60,80.20
28196,29.60,80.20
28197,29.60,80.30
28198,29.60,80.20
28199,29.60,80.20
28200,29.60,80.30
28201,29.60,80.30
28202,29.60,80.20
28203,29.60,80.20
28204,29.60,80.20
28205,29.60,80.30
28206,29.60,80.30
28207,29.60,80.30
28208,29.60,80.30
28209,29.50,80.30
28210,29.60,80.20
28211,29.60,80.20
28212,29.60,80.30
28213,29.60,80.20
28214,29.60,80.20
28215,29.60,80.30
28216,29.50,80.30
28217,29.60,80.20
28218,29.60,80.20
28219,29.60,80.20
28220,29.60,80.30
28221,29.50,80.30
28222,29.50,80.30
28223,29.60,80.30
28224,29.60,80.30
28225,29.60,80.30
28226,29.50,80.20
28227,29.60,80.30
28228,29.60,80.20
28229,29.60,80.20
28230,29.60,80.20
28231,29.60,80.20
28232,29.60,80.30
28233,29.60,80.30
28234,29.60,80.20
28235,29.60,80.20
28236,29.60,80.30
28237,29.60,80.30
28238,29.60,80.30
28239,29.60,80.20
28240,29.60,80.20
28241,29.50,80.30
28242,29.60,80.20
28243,29.60,80.20
28244,29.60,80.20
28245,29.60,80.20
28246,29.60,80.20
28247,29.60,80.20
28248,29.60,80.30
28249,29.60,80.20
28250,29.50,80.20
28251,29.60,80.30
28252,29.50,80.20
28253,29.60,80.20
28254,29.60,80.20
28255,29.60,80.30
28256,29.50,80.30
28257,29.60,80.20
28258,29.60,80.20
28259,29.60,80.20
28260,29.60,80.20
28261,29.60,80.20
28262,29.60,80.20
28263,29.60,80.20
28264,29.60,80.20
28265,29.60,80.20
28266,29.60,80.20
28267,29.60,80.20
28268,29.60,80.20
28269,29.60,80.20
28270,29.60,80.20
28271,29.60,80.30
28272,29.60,80.20
28273,29.60,80.30
28274,29.60,80.30
28275,29.60,80.20
28276,29.50,80.20
28277,29.60,80.30
28278,29.50,80.20
28279,29.60,80.30
28280,29.60,80.20
28281,29.60,80.20
28282,29.60,80.20
28283,29.60,80.20
28284,29.60,80.20
28285,29.60,80.20
28286,29.60,80.20
28287,29.50,80.20
28288,29.60,80.20
28289,29.60,80.20
28290,29.60,80.20
28291,29.60,80.20
28292,29.60,80.20
28293,29.60,80.30
28294,29.50,80.30
28295,29.60,80.30
28296,29.60,80.30
28297,29.60,80.20
28298,29.60,80.20
28299,29.60,80.20
28300,29.60,80.20
28301,29.60,80.20
28302,29.50,80.20
28303,29.60,80.20
28304,29.60,80.20
28305,29.60,80.20
28306,29.60,80.20
28307,29.60,80.20
28308,29.50,80.20
28309,29.60,80.30
28310,29.50,80.20
28311,29.60,80.20
28312,29.60,80.20
28313,29.60,80.30
28314,29.50,80.30
28315,29.60,80.20
28316,29.60,80.30
28317,29.60,80.20
28318,29.60,80.20
28319,29.60,80.20
28320,29.60,80.30
28321,29.60,80.30
28322,29.60,80.30
28323,29.50,80.20
28324,29.60,80.20
28325,29.50,80.20
28326,29.60,80.20
28327,29.60,80.20
28328,29.50,80.20
28329,29.50,80.30
28330,29.50,80.20
28331,29.60,80.20
28332,29.60,80.20
28333,29.50,80.20
28334,29.60,80.30
28335,29.60,80.20
28336,29.50,80.30
28337,29.60,80.20
28338,29.60,80.30
28339,29.60,80.20
28340,29.50,80.20
28341,29.60,80.30
28342,29.60,80.20
28343,29.50,80.20
28344,29.60,80.20
28345,29.60,80.20
28346,29.60,80.20
28347,29.60,80.30
28348,29.60,80.30
28349,29.60,80.20
28350,29.60,80.30
28351,29.60,80.30
28352,29.60,80.20
28353,29.60,80.20
28354,29.60,80.20
28355,29.50,80.20
28356,29.60,80.20
28357,29.60,80.30
28358,29.60,80.20
28359,29.60,80.30
28360,29.50,80.20
28361,29.50,80.20
28362,29.60,80.20
28363,29.50,80.20
28364,29.60,80.20
28365,29.50,80.30
28366,29.60,80.20
28367,29.50,80.20
28368,29.50,80.30
28369,29.50,80.20
28370,29.60,80.20
28371,29.60,80.30
28372,29.60,80.20
28373,29.60,80.20
28374,29.50,80.20
28375,29.50,80.20
28376,29.60,80.20
28377,29.50,80.20
28378,29.50,80.30
28379,29.60,80.20
28380,29.60,80.20
28381,29.60,80.20
28382,29.50,80.20
28383,29.60,80.30
28384,29.60,80.30
28385,29.50,80.20
28386,29.50,80.20
28387,29.60,80.20
28388,29.50,80.20
28389,29.50,80.20
28390,29.50,80.20
28391,29.60,80.20
28392,29.60,80.20
28393,29.50,80.30
28394,29.50,80.30
28395,29.50,80.20
28396,29.60,80.20
28397,29.50,80.20
28398,29.60,80.20
28399,29.60,80.20
28400,29.60,80.20
28401,29.60,80.20
28402,29.60,80.20
28403,29.60,80.20
28404,29.50,80.20
28405,29.60,80.20
28406,29.60,80.20
28407,29.50,80.20
28408,29.60,80.30
28409,29.50,80.20
28410,29.50,80.20
28411,29.50,80.20
28412,29.60,80.20
28413,29.60,80.20
28414,29.50,80.20
28415,29.50,80.20
28416,29.50,80.20
28417,29.60,80.20
28418,29.50,80.20
28419,29.50,80.20
28420,29.60,80.20
28421,29.50,80.20
28422,29.50,80.20
28423,29.50,80.20
28424,29.50,80.30
28425,29.60,80.20
28426,29.60,80.20
28427,29.60,80.30
28428,29.60,80.20
28429,29.50,80.20
28430,29.50,80.20
28431,29.60,80.20
28432,29.50,80.20
28433,29.50,80.20
28434,29.50,80.20
28435,29.60,80.20
28436,29.60,80.20
28437,29.60,80.20
28438,29.50,80.30
28439,29.60,80.20
28440,29.50,80.20
28441,29.50,80.20
28442,29.50,80.20
28443,29.60,80.20
28444,29.60,80.20
28445,29.60,80.20
28446,29.60,80.20
28447,29.60,80.30
28448,29.60,80.20
28449,29.60,80.20
28450,29.60,80.20
28451,29.60,80.20
28452,29.50,80.20
28453,29.50,80.20
28454,29.60,80.20
28455,29.60,80.20
28456,29.60,80.30
28457,29.50,80.20
28458,29.60,80.20
28459,29.50,80.20
28460,29.50,80.20
28461,29.50,80.20
28462,29.50,80.20
28463,29.50,80.20
28464,29.50,80.20
28465,29.60,80.20
28466,29.50,80.20
28467,29.50,80.20
28468,29.50,80.20
28469,29.50,80.20
28470,29.60,80.20
28471,29.50,80.20
28472,29.50,80.20
28473,29.50,80.20
28474,29.50,80.20
28475,29.60,80.20
28476,29.50,80.20
28477,29.50,80.20
28478,29.50,80.20
28479,29.50,80.20
28480,29.60,80.20
28481,29.50,80.20
28482,29.50,80.20
28483,29.60,80.20
28484,29.50,80.20
28485,29.50,80.20
28486,29.50,80.20
28487,29.60,80.20
28488,29.60,80.20
28489,29.50,80.20
28490,29.60,80.20
28491,29.50,80.20
28492,29.50,80.20
28493,29.50,80.20
28494,29.60,80.20
28495,29.60,80.20
28496,29.50,80.20
28497,29.50,80.20
28498,29.60,80.20
28499,29.50,80.20
28500,29.50,80.20
28501,29.50,80.20
28502,29.50,80.20
28503,29.60,80.20
28504,29.50,80.20
28505,29.60,80.20
28506,29.60,80.20
28507,29.60,80.20
28508,29.50,80.20
28509,29.50,80.20
28510,29.50,80.20
28511,29.50,80.10
28512,29.50,80.20
28513,29.60,80.20
28514,29.60,80.20
28515,29.60,80.20
28516,29.60,80.20
28517,29.50,80.20
28518,29.50,80.20
28519,29.50,80.20
28520,29.50,80.20
28521,29.50,80.20
28522,29.50,80.20
28523,29.60,80.20
28524,29.50,80.20
28525,29.50,80.20
28526,29.60,80.20
28527,29.60,80.20
28528,29.50,80.20
28529,29.50,80.20
28530,29.50,80.20
28531,29.60,80.20
28532,29.50,80.20
28533,29.50,80.20
28534,29.50,80.20
28535,29.50,80.20
28536,29.50,80.20
28537,29.60,80.20
28538,29.50,80.20
28539,29.60,80.20
28540,29.50,80.20
28541,29.50,80.10
28542,29.50,80.20
28543,29.60,80.20
28544,29.50,80.20
28545,29.50,80.20
28546,29.50,80.20
28547,29.50,80.20
28548,29.50,80.20
28549,29.50,80.10
28550,29.60,80.20
28551,29.50,80.20
28552,29.50,80.20
28553,29.60,80.20
28554,29.50,80.20
28555,29.50,80.20
28556,29.50,80.10
28557,29.50,80.20
28558,29.50,80.20
28559,29.50,80.20
28560,29.60,80.20
28561,29.50,80.20
28562,29.60,80.20
28563,29.50,80.20
28564,29.50,80.20
28565,29.50,80.20
28566,29.50,80.30
28567,29.50,80.20
28568,29.50,80.20
28569,29.50,80.20
28570,29.50,80.20
28571,29.50,80.20
28572,29.50,80.20
28573,29.60,80.20
28574,29.50,80.20
28575,29.50,80.30
28576,29.50,80.20
28577,29.50,80.20
28578,29.50,80.20
28579,29.60,80.20
28580,29.50,80.20
28581,29.60,80.20
28582,29.50,80.20
28583,29.50,80.20
28584,29.60,80.20
28585,29.50,80.20
28586,29.60,80.20
28587,29.60,80.20
28588,29.50,80.20
28589,29.50,80.20
28590,29.50,80.20
28591,29.50,80.20
28592,29.50,80.20
28593,29.50,80.20
28594,29.50,80.10
28595,29.50,80.20
28596,29.50,80.20
28597,29.50,80.20
28598,29.50,80.20
28599,29.50,80.20
28600,29.50,80.10
28601,29.60,80.20
28602,29.50,80.20
28603,29.60,80.20
28604,29.50,80.20
28605,29.50,80.20
28606,29.50,80.20
28607,29.50,80.20
28608,29.50,80.20
28609,29.60,80.20
28610,29.50,80.20
28611,29.60,80.10
28612,29.50,80.20
28613,29.50,80.20
28614,29.50,80.20
28615,29.50,80.10
28616,29.50,80.20
28617,29.60,80.20
28618,29.60,80.20
28619,29.50,80.20
28620,29.50,80.20
28621,29.60,80.20
28622,29.50,80.20
28623,29.50,80.20
28624,29.50,80.20
28625,29.50,80.20
28626,29.50,80.20
28627,29.50,80.20
28628,29.60,80.20
28629,29.50,80.20
28630,29.60,80.20
28631,29.50,80.20
28632,29.50,80.10
28633,29.50,80.20
28634,29.50,80.10
28635,29.50,80.20
28636,29.50,80.20
28637,29.50,80.10
28638,29.50,80.20
28639,29.50,80.20
28640,29.60,80.20
28641,29.50,80.20
28642,29.50,80.20
28643,29.60,80.20
28644,29.50,80.20
28645,29.50,80.20
28646,29.60,80.20
28647,29.50,80.20
28648,29.50,80.20
28649,29.50,80.20
28650,29.50,80.20
28651,29.50,80.20
28652,29.60,80.20
28653,29.50,80.20
28654,29.60,80.20
28655,29.50,80.20
28656,29.50,80.20
28657,29.60,80.20
28658,29.50,80.20
28659,29.50,80.10
28660,29.50,80.10
28661,29.50,80.20
28662,29.50,80.10
28663,29.50,80.20
28664,29.50,80.20
28665,29.50,80.10
28666,29.50,80.20
28667,29.50,80.20
28668,29.50,80.20
28669,29.50,80.20
28670,29.50,80.20
28671,29.60,80.20
28672,29.50,80.20
28673,29.50,80.20
28674,29.50,80.20
28675,29.50,80.20
28676,29.50,80.20
28677,29.50,80.10
28678,29.60,80.20
28679,29.50,80.10
28680,29.50,80.20
28681,29.50,80.10
28682,29.50,80.20
28683,29.50,80.20
28684,29.50,80.20
28685,29.50,80.20
28686,29.60,80.20
28687,29.50,80.20
28688,29.50,80.20
28689,29.50,80.20
28690,29.50,80.20
28691,29.50,80.20
28692,29.50,80.20
28693,29.50,80.20
28694,29.60,80.10
28695,29.60,80.20
28696,29.50,80.20
28697,29.50,80.20
28698,29.50,80.20
28699,29.50,80.10
28700,29.60,80.20
28701,29.50,80.10
28702,29.50,80.20
28703,29.60,80.10
28704,29.50,80.20
28705,29.50,80.10
28706,29.50,80.10
28707,29.50,80.10
28708,29.60,80.20
28709,29.50,80.20
28710,29.60,80.10
28711,29.60,80.10
28712,29.60,80.10
28713,29.50,80.10
28714,29.50,80.20
28715,29.60,80.20
28716,29.60,80.10
28717,29.60,80.20
28718,29.60,80.10
28719,29.50,80.20
28720,29.50,80.10
28721,29.50,80.10
28722,29.50,80.10
28723,29.50,80.10
28724,29.50,80.10
28725,29.50,80.10
28726,29.50,80.10
28727,29.60,80.20
28728,29.50,80.20
28729,29.50,80.10
28730,29.50,80.20
28731,29.50,80.20
28732,29.50,80.10
28733,29.50,80.10
28734,29.60,80.20
28735,29.50,80.20
28736,29.50,80.20
28737,29.60,80.20
28738,29.50,80.10
28739,29.50,80.20
28740,29.50,80.20
28741,29.50,80.20
28742,29.50,80.10
28743,29.50,80.20
28744,29.50,80.20
28745,29.50,80.10
28746,29.60,80.20
28747,29.50,80.20
28748,29.50,80.20
28749,29.50,80.20
28750,29.60,80.20
28751,29.50,80.10
28752,29.50,80.20
28753,29.60,80.10
28754,29.50,80.10
28755,29.50,80.20
28756,29.50,80.20
28757,29.50,80.20
28758,29.50,80.20
28759,29.50,80.10
28760,29.50,80.20
28761,29.50,80.20
28762,29.50,80.20
28763,29.50,80.10
28764,29.50,80.20
28765,29.50,80.20
28766,29.50,80.20
28767,29.50,80.20
28768,29.50,80.10
28769,29.50,80.20
28770,29.50,80.20
28771,29.50,80.10
28772,29.50,80.10
28773,29.50,80.20
28774,29.50,80.10
28775,29.50,80.20
28776,29.50,80.20
28777,29.60,80.10
28778,29.50,80.20
28779,29.50,80.20
28780,29.50,80.20
28781,29.50,80.10
28782,29.60,80.10
28783,29.50,80.00
28784,29.50,80.20
28785,29.50,80.10
28786,29.50,80.20
28787,29.50,80.10
28788,29.50,80.10
28789,29.50,80.10
28790,29.50,80.10
28791,29.50,80.20
28792,29.50,80.10
28793,29.50,80.10
28794,29.50,80.10
28795,29.50,80.10
28796,29.60,80.10
28797,29.50,80.10
28798,29.60,80.10
28799,29.50,80.10
28800,29.60,80.10
28801,29.60,80.10
28802,29.50,80.10
28803,29.50,80.10
28804,29.50,80.10
28805,29.50,80.20
28806,29.50,80.20
28807,29.50,80.20
28808,29.50,80.20
28809,29.50,80.20
28810,29.50,80.20
28811,29.50,80.20
28812,29.50,80.20
28813,29.50,80.20
28814,29.50,80.10
28815,29.50,80.10
28816,29.50,80.20
28817,29.50,80.20
28818,29.50,80.20
28819,29.50,80.10
28820,29.50,80.20
28821,29.50,80.20
28822,29.50,80.20
28823,29.50,80.10
28824,29.50,80.10
28825,29.50,80.20
28826,29.50,80.20
28827,29.50,80.20
28828,29.50,80.10
28829,29.50,80.10
28830,29.50,80.10
28831,29.50,80.10
28832,29.50,80.20
28833,29.50,80.20
28834,29.50,80.20
28835,29.50,80.10
28836,29.50,80.20
28837,29.50,80.20
28838,29.50,80.10
28839,29.50,80.10
28840,29.50,80.10
28841,29.50,80.10
28842,29.50,80.20
28843,29.50,80.20
28844,29.50,80.10
28845,29.50,80.20
28846,29.50,80.10
28847,29.50,80.10
28848,29.50,80.20
28849,29.50,80.10
28850,29.50,80.20
28851,29.50,80.10
28852,29.50,80.20
28853,29.50,80.10
28854,29.50,80.10
28855,29.50,80.10
28856,29.50,80.10
28857,29.50,80.10
28858,29.50,80.10
28859,29.50,80.20
28860,29.50,80.10
28861,29.50,80.10
28862,29.50,80.10
28863,29.60,80.10
28864,29.50,80.10
28865,29.50,80.10
28866,29.50,80.10
28867,29.50,80.10
28868,29.50,80.20
28869,29.50,80.10
28870,29.50,80.10
28871,29.50,80.10
28872,29.50,80.10
28873,29.50,80.20
28874,29.50,80.10
28875,29.50,80.10
28876,29.50,80.10
28877,29.50,80.10
28878,29.50,80.10
28879,29.50,80.10
28880,29.50,80.10
28881,29.50,80.10
28882,29.50,80.10
28883,29.50,80.10
28884,29.50,80.10
28885,29.50,80.10
28886,29.50,80.10
28887,29.50,80.10
28888,29.50,80.20
28889,29.50,80.10
28890,29.50,80.10
28891,29.50,80.10
28892,29.50,80.10
28893,29.50,80.10
28894,29.50,80.10
28895,29.50,80.10
28896,29.50,80.10
28897,29.50,80.10
28898,29.50,80.10
28899,29.50,80.20
28900,29.50,80.10
28901,29.50,80.10
28902,29.50,80.10
28903,29.50,80.10
28904,29.50,80.10
28905,29.50,80.20
28906,29.50,80.10
28907,29.50,80.10
28908,29.50,80.10
28909,29.50,80.10
28910,29.50,80.10
28911,29.50,80.10
28912,29.50,80.10
28913,29.50,80.10
28914,29.50,80.20
28915,29.50,80.10
28916,29.50,80.10
28917,29.50,80.10
28918,29.50,80.10
28919,29.50,80.10
28920,29.50,80.10
28921,29.50,80.10
28922,29.50,80.10
28923,29.60,80.10
28924,29.50,80.10
28925,29.50,80.10
28926,29.50,80.10
28927,29.50,80.10
28928,29.50,80.10
28929,29.50,80.10
28930,29.50,80.10
28931,29.50,80.10
28932,29.50,80.10
28933,29.50,80.10
28934,29.50,80.10
28935,29.50,80.10
28936,29.50,80.10
28937,29.50,80.10
28938,29.50,80.10
28939,29.50,80.10
28940,29.50,80.10
28941,29.50,80.20
28942,29.50,80.10
28943,29.60,80.10
28944,29.50,80.10
28945,29.50,80.10
28946,29.50,80.10
28947,29.50,80.10
28948,29.50,80.10
28949,29.50,80.10
28950,29.50,80.10
28951,29.50,80.10
28952,29.50,80.10
28953,29.50,80.10
28954,29.50,80.10
28955,29.50,80.10
28956,29.50,80.10
28957,29.50,80.10
28958,29.50,80.10
28959,29.50,80.10
28960,29.50,80.10
28961,29.50,80.10
28962,29.50,80.10
28963,29.50,80.10
28964,29.50,80.10
28965,29.50,80.10
28966,29.50,80.10
28967,29.50,80.10
28968,29.50,80.10
28969,29.50,80.10
28970,29.50,80.10
28971,29.50,80.10
28972,29.50,80.10
28973,29.50,80.10
28974,29.50,80.10
28975,29.50,80.10
28976,29.50,80.10
28977,29.50,80.10
28978,29.50,80.10
28979,29.50,80.10
28980,29.50,80.10
28981,29.50,80.10
28982,29.50,80.10
28983,29.50,80.10
28984,29.50,80.10
28985,29.50,80.10
28986,29.50,80.10
28987,29.50,80.10
28988,29.50,80.10
28989,29.50,80.20
28990,29.50,80.10
28991,29.50,80.10
28992,29.50,80.10
28993,29.50,80.10
28994,29.50,80.10
28995,29.50,80.10
28996,29.50,80.10
28997,29.50,80.00
28998,29.50,80.10
28999,29.50,80.10
29000,29.50,80.10
29001,29.50,80.10
29002,29.50,80.10
29003,29.50,80.10
29004,29.50,80.10
29005,29.50,80.10
29006,29.50,80.10
29007,29.50,80.10
29008,29.50,80.10
29009,29.50,80.10
29010,29.50,80.10
29011,29.50,80.10
29012,29.50,80.00
29013,29.50,80.10
29014,29.50,80.10
29015,29.50,80.10
29016,29.50,80.10
29017,29.50,80.10
29018,29.50,80.00
29019,29.50,80.10
29020,29.50,80.10
29021,29.50,80.10
29022,29.50,80.10
29023,29.50,80.10
29024,29.50,80.10
29025,29.50,80.10
29026,29.50,80.10
29027,29.50,80.10
29028,29.50,80.10
29029,29.50,80.10
29030,29.50,80.10
29031,29.50,80.10
29032,29.50,80.10
29033,29.50,80.10
29034,29.50,80.10
29035,29.50,80.10
29036,29.50,80.10
29037,29.50,80.10
29038,29.50,80.10
29039,29.50,80.10
29040,29.50,80.10
29041,29.50,80.10
29042,29.50,80.10
29043,29.50,80.10
29044,29.50,80.00
29045,29.50,80.10
29046,29.50,80.10
29047,29.50,80.10
29048,29.50,80.10
29049,29.50,80.00
29050,29.50,80.10
29051,29.50,80.10
29052,29.60,80.10
29053,29.50,80.00
29054,29.50,80.10
29055,29.50,80.10
29056,29.50,80.20
29057,29.50,80.10
29058,29.60,80.10
29059,29.60,80.10
29060,29.50,80.10
29061,29.50,80.10
29062,29.50,80.10
29063,29.60,80.10
29064,29.50,80.10
29065,29.50,80.10
29066,29.50,80.00
29067,29.50,80.10
29068,29.50,80.10
29069,29.50,80.00
29070,29.60,80.00
29071,29.50,80.10
29072,29.50,80.10
29073,29.50,80.00
29074,29.50,80.10
29075,29.50,80.00
29076,29.50,80.10
29077,29.50,80.10
29078,29.60,80.00
29079,29.50,80.00
29080,29.50,80.00
29081,29.50,80.10
29082,29.50,80.10
29083,29.50,80.10
29084,29.50,80.00
29085,29.60,80.00
29086,29.50,80.10
29087,29.60,80.00
29088,29.60,80.00
29089,29.60,80.00
29090,29.50,80.00
29091,29.50,80.00
29092,29.50,80.10
29093,29.50,80.10
29094,29.50,80.10
29095,29.50,80.10
29096,29.50,80.00
29097,29.50,80.00
29098,29.50,80.00
29099,29.50,80.00
29100,29.50,80.10
29101,29.60,80.00
29102,29.50,80.10
29103,29.50,80.00
29104,29.50,80.00
29105,29.50,80.00
29106,29.60,80.00
29107,29.60,80.00
29108,29.50,80.10
29109,29.50,80.00
29110,29.50,80.00
29111,29.50,80.00
29112,29.50,80.10
29113,29.60,80.10
29114,29.50,80.10
29115,29.50,80.10
29116,29.50,80.10
29117,29.50,80.10
29118,29.50,80.00
29119,29.50,80.10
29120,29.50,80.00
29121,29.50,80.10
29122,29.50,80.10
29123,29.50,80.10
29124,29.50,80.10
29125,29.50,80.10
29126,29.50,80.10
29127,29.60,80.10
29128,29.50,80.10
29129,29.50,80.00
29130,29.50,80.00
29131,29.50,80.10
29132,29.50,80.00
29133,29.50,80.10
29134,29.50,80.00
29135,29.50,80.00
29136,29.50,80.10
29137,29.50,80.10
29138,29.50,80.10
29139,29.50,80.00
29140,29.50,80.10
29141,29.50,80.10
29142,29.50,80.00
29143,29.50,80.00
29144,29.50,80.10
29145,29.50,80.00
29146,29.50,80.00
29147,29.50,80.00
29148,29.50,80.00
29149,29.50,80.10
29150,29.50,80.10
29151,29.50,80.10
29152,29.50,80.10
29153,29.50,80.00
29154,29.50,80.00
29155,29.50,80.00
29156,29.60,80.00
29157,29.50,80.00
29158,29.50,80.10
29159,29.50,80.00
29160,29.50,80.00
29161,29.50,80.00
29162,29.50,80.10
29163,29.50,80.10
29164,29.50,80.00
29165,29.50,80.00
29166,29.50,80.10
29167,29.50,80.10
29168,29.50,80.10
29169,29.50,80.00
29170,29.50,80.10
29171,29.50,80.10
29172,29.50,80.00
29173,29.50,80.10
29174,29.50,80.10
29175,29.50,80.10
29176,29.50,80.00
29177,29.50,80.00
29178,29.50,80.10
29179,29.50,80.10
29180,29.50,80.10
29181,29.50,80.00
29182,29.50,80.10
29183,29.50,80.00
29184,29.50,80.10
29185,29.50,80.00
29186,29.50,80.00
29187,29.50,80.10
29188,29.50,80.10
29189,29.50,80.10
29190,29.50,80.00
29191,29.50,80.10
29192,29.50,80.10
29193,29.50,80.10
29194,29.50,80.00
29195,29.50,80.00
29196,29.50,80.10
29197,29.50,80.00
29198,29.50,80.10
29199,29.50,80.00
29200,29.50,80.10
29201,29.50,80.10
29202,29.50,80.00
29203,29.50,80.10
29204,29.50,80.10
29205,29.50,80.00
29206,29.50,80.00
29207,29.50,80.00
29208,29.50,80.10
29209,29.50,80.10
29210,29.50,80.00
29211,29.50,80.10
29212,29.50,80.00
29213,29.50,80.10
29214,29.50,80.10
29215,29.50,80.00
29216,29.50,80.00
29217,29.50,80.00
29218,29.50,80.10
29219,29.50,80.00
29220,29.50,80.10
29221,29.50,80.00
29222,29.50,80.10
29223,29.50,80.10
29224,29.50,80.10
29225,29.50,80.00
29226,29.50,80.10
29227,29.50,80.00
29228,29.50,80.00
29229,29.50,80.00
29230,29.50,80.00
29231,29.50,80.10
29232,29.50,80.00
29233,29.50,80.00
29234,29.50,80.00
29235,29.50,80.00
29236,29.50,80.00
29237,29.50,80.00
29238,29.50,80.00
29239,29.50,80.00
29240,29.50,80.00
29241,29.50,80.00
29242,29.50,80.00
29243,29.50,80.00
29244,29.50,80.00
29245,29.50,80.00
29246,29.50,80.00
29247,29.50,80.00
29248,29.50,80.00
29249,29.50,79.90
29250,29.50,80.00
29251,29.50,80.00
29252,29.50,80.00
29253,29.50,80.00
29254,29.50,80.00
29255,29.50,80.00
29256,29.50,80.00
29257,29.50,80.00
29258,29.60,79.90
29259,29.50,80.00
29260,29.60,80.00
29261,29.50,79.90
29262,29.60,80.00
29263,29.50,79.90
29264,29.50,80.00
29265,29.50,80.00
29266,29.50,79.90
29267,29.50,80.00
29268,29.50,80.00
29269,29.50,80.00
29270,29.50,79.90
29271,29.50,80.00
29272,29.60,80.00
29273,29.50,80.00
29274,29.50,80.00
29275,29.50,80.00
29276,29.50,80.00
29277,29.50,79.90
29278,29.50,79.90
29279,29.50,79.90
29280,29.50,80.00
29281,29.60,79.90
29282,29.50,80.00
29283,29.50,79.90
29284,29.60,80.00
29285,29.50,80.00
29286,29.60,80.00
29287,29.50,80.00
29288,29.50,79.90
29289,29.60,80.00
29290,29.50,80.00
29291,29.50,80.00
29292,29.50,79.90
29293,29.50,79.90
29294,29.50,79.90
29295,29.60,79.90
29296,29.60,80.00
29297,29.60,80.00
29298,29.60,79.90
29299,29.50,79.90
29300,29.50,80.00
29301,29.50,80.00
29302,29.50,79.90
29303,29.50,79.90
29304,29.50,80.00
29305,29.50,79.90
29306,29.50,80.00
29307,29.60,79.90
29308,29.50,79.90
29309,29.50,79.80
29310,29.60,79.90
29311,29.50,79.90
29312,29.50,80.00
29313,29.60,79.90
29314,29.60,79.90
29315,29.60,79.90
29316,29.50,79.90
29317,29.50,80.00
29318,29.60,79.90
29319,29.60,79.90
29320,29.50,79.90
29321,29.60,79.90
29322,29.50,79.90
29323,29.50,79.90
29324,29.50,79.90
29325,29.60,79.90
29326,29.60,79.90
29327,29.50,79.90
29328,29.60,79.90
29329,29.50,79.90
29330,29.50,79.90
29331,29.50,79.90
29332,29.50,79.90
29333,29.50,79.90
29334,29.50,79.90
29335,29.50,79.90
29336,29.50,80.00
29337,29.50,80.00
29338,29.50,79.90
29339,29.60,79.90
29340,29.50,79.90
29341,29.50,79.90
29342,29.50,80.00
29343,29.50,79.90
29344,29.50,80.00
29345,29.50,79.90
29346,29.50,79.90
29347,29.50,79.90
29348,29.50,79.90
29349,29.50,79.90
29350,29.50,79.90
29351,29.50,80.00
29352,29.50,79.90
29353,29.50,80.00
29354,29.50,80.00
29355,29.50,80.00
29356,29.50,79.90
29357,29.50,80.00
29358,29.50,80.00
29359,29.50,79.90
29360,29.50,79.90
29361,29.50,80.00
29362,29.50,79.90
29363,29.50,79.90
29364,29.50,80.00
29365,29.50,80.00
29366,29.50,79.90
29367,29.50,79.90
29368,29.50,79.90
29369,29.50,79.90
29370,29.50,79.80
29371,29.50,79.90
29372,29.50,79.90
29373,29.50,79.90
29374,29.50,79.90
29375,29.50,79.90
29376,29.50,79.90
29377,29.50,79.80
29378,29.50,79.80
29379,29.50,79.80
29380,29.50,79.70
29381,29.50,79.70
29382,29.50,79.70
29383,29.50,79.70
29384,29.50,79.70
29385,29.50,79.70
29386,29.50,79.70
29387,29.50,79.70
29388,29.50,79.60
29389,29.50,79.60
29390,29.50,79.50
29391,29.50,79.50
29392,29.50,79.40
29393,29.50,79.40
29394,29.50,79.40
29395,29.50,79.30
29396,29.40,79.30
29397,29.50,79.30
29398,29.50,79.30
29399,29.40,79.30
29400,29.50,79.20
29401,29.50,79.20
29402,29.50,79.20
29403,29.40,79.10
29404,29.50,79.10
29405,29.50,79.00
29406,29.40,79.10
29407,29.40,79.10
29408,29.40,79.10
29409,29.40,79.00
29410,29.40,79.00
29411,29.40,79.00
29412,29.40,79.00
29413,29.40,79.00
29414,29.40,79.00
29415,29.40,78.90
29416,29.40,78.90
29417,29.40,78.90
29418,29.40,78.90
29419,29.50,78.90
29420,29.40,78.90
29421,29.40,78.90
29422,29.40,78.80
29423,29.40,78.80
29424,29.40,78.80
29425,29.40,78.80
29426,29.40,78.80
29427,29.40,78.80
29428,29.40,78.70
29429,29.40,78.70
29430,29.40,78.70
29431,29.40,78.70
29432,29.40,78.70
29433,29.40,78.60
29434,29.40,78.70
29435,29.40,78.60
29436,29.40,78.60
29437,29.40,78.60
29438,29.40,78.60
29439,29.40,78.60
29440,29.40,78.60
29441,29.40,78.60
29442,29.40,78.60
29443,29.40,78.50
29444,29.40,78.50
29445,29.40,78.50
29446,29.40,78.50
29447,29.40,78.40
29448,29.40,78.50
29449,29.40,78.50
29450,29.40,78.50
29451,29.40,78.50
29452,29.40,78.40
29453,29.40,78.50
29454,29.40,78.40
29455,29.40,78.40
29456,29.40,78.40
29457,29.40,78.40
29458,29.40,78.50
29459,29.40,78.40
29460,29.40,78.30
29461,29.40,78.40
29462,29.40,78.40
29463,29.40,78.40
29464,29.40,78.30
29465,29.40,78.30
29466,29.40,78.40
29467,29.30,78.30
29468,29.40,78.30
29469,29.40,78.30
29470,29.40,78.30
29471,29.40,78.30
29472,29.30,78.30
29473,29.40,78.30
29474,29.40,78.20
29475,29.40,78.30
29476,29.40,78.30
29477,29.40,78.20
29478,29.40,78.20
29479,29.30,78.20
29480,29.30,78.20
29481,29.30,78.20
29482,29.30,78.20
29483,29.40,78.20
29484,29.30,78.20
29485,29.40,78.10
29486,29.40,78.20
29487,29.30,78.20
29488,29.30,78.20
29489,29.40,78.20
29490,29.40,78.20
29491,29.40,78.10
29492,29.40,78.10
29493,29.40,78.10
29494,29.30,78.10
29495,29.30,78.10
29496,29.30,78.10
29497,29.30,78.10
29498,29.30,78.10
29499,29.30,78.10
29500,29.30,78.00
29501,29.30,78.10
29502,29.30,78.10
29503,29.40,78.00
29504,29.30,78.10
29505,29.30,78.10
29506,29.30,78.10
29507,29.30,78.10
29508,29.40,78.10
29509,29.30,78.10
29510,29.40,78.00
29511,29.30,78.10
29512,29.30,78.00
29513,29.30,78.10
29514,29.30,78.10
29515,29.30,78.10
29516,29.40,78.10
29517,29.30,78.00
29518,29.30,78.10
29519,29.30,78.10
29520,29.30,78.10
29521,29.30,78.10
29522,29.30,78.00
29523,29.30,78.00
29524,29.30,78.00
29525,29.30,78.00
29526,29.30,78.00
29527,29.30,78.00
29528,29.30,78.00
29529,29.30,78.00
29530,29.30,78.00
29531,29.30,78.00
29532,29.30,77.90
29533,29.30,77.90
29534,29.30,77.90
29535,29.30,78.00
29536,29.30,78.00
29537,29.30,78.00
29538,29.30,78.00
29539,29.30,77.90
29540,29.30,77.90
29541,29.30,77.90
29542,29.30,78.00
29543,29.30,77.90
29544,29.30,77.90
29545,29.30,78.00
29546,29.30,77.90
29547,29.30,77.90
29548,29.30,77.90
29549,29.30,77.90
29550,29.30,77.90
29551,29.30,77.90
29552,29.30,77.90
29553,29.30,77.80
29554,29.30,77.90
29555,29.30,77.80
29556,29.30,77.90
29557,29.30,77.90
29558,29.30,77.90
29559,29.30,77.80
29560,29.30,77.80
29561,29.30,77.90
29562,29.30,77.90
29563,29.30,77.80
29564,29.30,77.90
29565,29.30,77.90
29566,29.30,77.80
29567,29.30,77.90
29568,29.30,77.80
29569,29.30,77.80
29570,29.30,77.80
29571,29.30,77.90
29572,29.30,77.80
29573,29.30,77.90
29574,29.30,77.80
29575,29.30,77.80
29576,29.30,77.80
29577,29.30,77.80
29578,29.30,77.80
29579,29.30,77.80
29580,29.30,77.90
29581,29.30,77.80
29582,29.30,77.90
29583,29.30,77.80
29584,29.30,77.90
29585,29.30,77.80
29586,29.30,77.80
29587,29.30,77.80
29588,29.30,77.90
29589,29.30,77.80
29590,29.30,77.90
29591,29.30,77.80
29592,29.30,77.80
29593,29.30,77.80
29594,29.30,77.80
29595,29.30,77.80
29596,29.30,77.80
29597,29.30,77.80
29598,29.30,77.80
29599,29.30,77.80
29600,29.30,77.90
29601,29.30,77.80
29602,29.30,77.80
29603,29.30,77.80
29604,29.30,77.90
29605,29.30,77.90
29606,29.30,77.80
29607,29.30,77.80
29608,29.20,77.80
29609,29.30,77.80
29610,29.30,77.80
29611,29.30,77.80
29612,29.30,77.80
29613,29.30,77.80
29614,29.30,77.70
29615,29.30,77.80
29616,29.20,77.80
29617,29.30,77.80
29618,29.30,77.80
29619,29.30,77.80
29620,29.30,77.80
29621,29.30,77.80
29622,29.30,77.80
29623,29.30,77.90
29624,29.30,77.80
29625,29.30,77.90
29626,29.30,77.80
29627,29.30,77.80
29628,29.30,77.80
29629,29.30,77.80
29630,29.30,77.90
29631,29.30,77.90
29632,29.30,77.80
29633,29.30,77.80
29634,29.30,77.90
29635,29.30,77.90
29636,29.30,77.90
29637,29.30,77.90
29638,29.30,77.90
29639,29.30,77.90
29640,29.20,77.90
29641,29.30,77.90
29642,29.30,77.80
29643,29.30,77.90
29644,29.20,77.90
29645,29.30,77.90
29646,29.30,77.80
29647,29.30,77.80
29648,29.30,77.80
29649,29.30,77.90
29650,29.30,77.80
29651,29.30,77.80
29652,29.30,77.80
29653,29.30,77.80
29654,29.20,77.80
29655,29.30,77.80
29656,29.20,77.90
29657,29.30,77.80
29658,29.30,77.80
29659,29.30,77.80
29660,29.30,77.80
29661,29.30,77.90
29662,29.30,77.90
29663,29.30,77.80
29664,29.30,77.90
29665,29.30,77.80
29666,29.20,77.80
29667,29.20,77.80
29668,29.30,77.80
29669,29.20,77.90
29670,29.20,77.80
29671,29.20,77.80
29672,29.30,77.80
29673,29.30,77.90
29674,29.30,77.80
29675,29.30,77.90
29676,29.20,77.80
29677,29.30,77.80
29678,29.20,77.90
29679,29.20,77.90
29680,29.20,77.90
29681,29.20,77.90
29682,29.20,77.90
29683,29.20,77.90
29684,29.20,77.90
29685,29.20,77.90
29686,29.20,77.90
29687,29.20,77.90
29688,29.20,77.90
29689,29.20,77.90
29690,29.30,77.90
29691,29.30,77.90
29692,29.20,77.90
29693,29.30,77.90
29694,29.20,77.90
29695,29.30,77.90
29696,29.20,77.90
29697,29.20,77.90
29698,29.20,77.90
29699,29.20,77.90
29700,29.30,77.90
29701,29.30,77.90
29702,29.20,77.90
29703,29.30,78.00
29704,29.20,77.90
29705,29.20,78.00
29706,29.20,77.90
29707,29.20,78.00
29708,29.30,78.00
29709,29.20,78.00
29710,29.20,77.90
29711,29.30,78.00
29712,29.30,77.90
29713,29.30,77.90
29714,29.20,78.00
29715,29.30,78.00
29716,29.30,77.90
29717,29.30,78.00
29718,29.20,77.90
29719,29.20,77.90
29720,29.20,77.90
29721,29.30,77.90
29722,29.20,78.00
29723,29.20,78.00
29724,29.20,78.00
29725,29.20,78.00
29726,29.20,77.90
29727,29.30,77.90
29728,29.20,78.00
29729,29.20,78.00
29730,29.20,78.00
29731,29.20,77.90
29732,29.20,78.00
29733,29.30,78.00
29734,29.20,77.90
29735,29.30,78.00
29736,29.20,77.90
29737,29.20,78.00
29738,29.20,77.90
29739,29.30,78.00
29740,29.20,77.90
29741,29.20,77.90
29742,29.20,78.00
29743,29.20,77.90
29744,29.30,77.90
29745,29.20,77.90
29746,29.30,77.90
29747,29.20,77.90
29748,29.20,77.90
29749,29.20,78.00
29750,29.30,78.00
29751,29.20,77.90
29752,29.20,77.90
29753,29.20,77.90
29754,29.30,78.00
29755,29.20,77.90
29756,29.20,78.00
29757,29.20,77.90
29758,29.20,77.90
29759,29.20,77.90
29760,29.20,78.00
29761,29.30,77.90
29762,29.20,78.00
29763,29.20,77.90
29764,29.20,77.90
29765,29.20,78.00
29766,29.20,77.90
29767,29.20,77.90
29768,29.20,78.00
29769,29.20,77.90
29770,29.20,77.90
29771,29.20,77.90
29772,29.20,77.90
29773,29.20,77.90
29774,29.20,78.00
29775,29.20,78.00
29776,29.20,77.90
29777,29.30,77.90
29778,29.20,77.90
29779,29.20,78.00
29780,29.20,77.90
29781,29.20,78.00
29782,29.20,77.90
29783,29.20,78.00
29784,29.20,78.00
29785,29.20,78.00
29786,29.20,77.90
29787,29.20,77.90
29788,29.20,78.00
29789,29.20,78.00
29790,29.20,78.00
29791,29.20,78.00
29792,29.30,78.00
29793,29.20,78.00
29794,29.20,78.00
29795,29.30,78.00
29796,29.20,78.00
29797,29.20,78.00
29798,29.20,78.00
29799,29.20,78.00
29800,29.20,78.00
29801,29.20,78.00
29802,29.20,78.00
29803,29.20,78.00
29804,29.20,78.00
29805,29.20,78.00
29806,29.20,78.00
29807,29.20,77.90
29808,29.20,78.00
29809,29.20,78.00
29810,29.20,78.00
29811,29.20,78.00
29812,29.20,78.00
29813,29.20,78.00
29814,29.20,78.00
29815,29.20,77.90
29816,29.20,78.00
29817,29.20,78.10
29818,29.20,78.00
29819,29.20,78.00
29820,29.20,78.00
29821,29.20,78.00
29822,29.20,78.00
29823,29.20,78.00
29824,29.20,78.00
29825,29.20,78.00
29826,29.20,78.00
29827,29.20,78.00
29828,29.20,78.00
29829,29.20,78.00
29830,29.20,78.00
29831,29.20,78.00
29832,29.20,78.00
29833,29.20,78.00
29834,29.20,78.00
29835,29.20,78.00
29836,29.20,78.00
29837,29.20,78.00
29838,29.20,78.10
29839,29.20,78.10
29840,29.20,78.00
29841,29.20,78.00
29842,29.20,78.00
29843,29.20,78.00
29844,29.20,78.10
29845,29.20,78.10
29846,29.20,78.00
29847,29.20,78.10
29848,29.20,78.00
29849,29.20,78.00
29850,29.20,78.00
29851,29.20,78.00
29852,29.20,78.00
29853,29.20,78.00
29854,29.20,78.00
29855,29.20,78.00
29856,29.20,78.00
29857,29.20,78.10
29858,29.20,78.00
29859,29.20,78.10
29860,29.20,78.10
29861,29.20,78.10
29862,29.20,78.10
29863,29.20,78.10
29864,29.20,78.10
29865,29.20,78.00
29866,29.20,78.00
29867,29.20,78.10
29868,29.20,78.10
29869,29.30,78.10
29870,29.20,78.10
29871,29.20,78.10
29872,29.20,78.10
29873,29.20,78.10
29874,29.20,78.10
29875,29.20,78.00
29876,29.20,78.10
29877,29.20,78.10
29878,29.20,78.10
29879,29.20,78.10
29880,29.20,78.10
29881,29.20,78.10
29882,29.20,78.10
29883,29.20,78.10
29884,29.20,78.00
29885,29.20,78.10
29886,29.20,78.10
29887,29.20,78.10
29888,29.20,78.10
29889,29.20,78.10
29890,29.20,78.10
29891,29.20,78.10
29892,29.20,78.10
29893,29.20,78.00
29894,29.20,78.10
29895,29.20,78.10
29896,29.20,78.10
29897,29.20,78.10
29898,29.20,78.10
29899,29.20,78.10
29900,29.20,78.10
29901,29.20,78.10
29902,29.20,78.10
29903,29.20,78.10
29904,29.20,78.00
29905,29.20,78.10
29906,29.20,78.00
29907,29.20,78.10
29908,29.20,78.10
29909,29.20,78.10
29910,29.20,78.10
29911,29.20,78.10
29912,29.20,78.10
29913,29.20,78.10
29914,29.20,78.10
29915,29.20,78.10
29916,29.20,78.10
29917,29.20,78.20
29918,29.20,78.10
29919,29.20,78.10
29920,29.20,78.10
29921,29.20,78.10
29922,29.20,78.10
29923,29.20,78.10
29924,29.20,78.10
29925,29.20,78.10
29926,29.20,78.10
29927,29.20,78.10
29928,29.20,78.10
29929,29.20,78.10
29930,29.20,78.10
29931,29.20,78.00
29932,29.20,78.10
29933,29.20,78.10
29934,29.20,78.10
29935,29.20,78.00
29936,29.20,78.10
29937,29.20,78.00
29938,29.20,78.10
29939,29.20,78.10
29940,29.20,78.10
29941,29.20,78.10
29942,29.20,78.10
29943,29.20,78.10
29944,29.20,78.10
29945,29.20,78.10
29946,29.20,78.10
29947,29.20,78.10
29948,29.20,78.10
29949,29.20,78.10
29950,29.20,78.10
29951,29.20,78.10
29952,29.20,78.10
29953,29.20,78.10
29954,29.20,78.10
29955,29.20,78.10
29956,29.20,78.10
29957,29.20,78.10
29958,29.20,78.10
29959,29.20,78.10
29960,29.20,78.10
29961,29.20,78.10
29962,29.20,78.10
29963,29.20,78.00
29964,29.20,78.10
29965,29.20,78.10
29966,29.20,78.10
29967,29.20,78.10
29968,29.20,78.10
29969,29.20,78.10
29970,29.20,78.10
29971,29.20,78.10
29972,29.20,78.10
29973,29.20,78.00
29974,29.20,78.00
29975,29.20,78.10
29976,29.20,78.10
29977,29.20,78.10
29978,29.20,78.10
29979,29.20,78.10
29980,29.20,78.10
29981,29.20,78.10
29982,29.20,78.10
29983,29.20,78.10
29984,29.10,78.10
29985,29.20,78.00
29986,29.20,78.10
29987,29.20,78.00
29988,29.20,78.10
29989,29.20,78.10
29990,29.20,78.00
29991,29.20,78.10
29992,29.20,78.10
29993,29.20,78.10
29994,29.20,78.00
29995,29.20,78.00
29996,29.20,78.00
29997,29.20,78.00
29998,29.20,78.00
29999,29.20,78.00
30000,29.20,78.10
30001,29.20,78.00
30002,29.20,78.00
30003,29.20,78.00
30004,29.20,78.00
30005,29.20,78.00
30006,29.20,78.00
30007,29.20,78.00
30008,29.20,78.00
30009,29.20,78.00
30010,29.20,78.10
30011,29.20,77.90
30012,29.20,78.00
30013,29.20,78.00
30014,29.20,78.00
30015,29.20,78.10
30016,29.20,78.00
30017,29.20,78.10
30018,29.20,78.10
30019,29.20,78.00
30020,29.20,78.00
30021,29.10,78.00
30022,29.20,78.00
30023,29.20,78.00
30024,29.20,78.00
30025,29.20,78.00
30026,29.20,78.00
30027,29.20,78.00
30028,29.20,77.90
30029,29.20,78.00
30030,29.20,77.90
30031,29.20,78.00
30032,29.20,78.00
30033,29.20,78.00
30034,29.20,78.00
30035,29.20,78.00
30036,29.10,78.00
30037,29.20,77.90
30038,29.20,78.00
30039,29.20,78.00
30040,29.20,78.00
30041,29.20,78.00
30042,29.20,78.00
30043,29.20,78.00
30044,29.20,78.00
30045,29.20,78.00
30046,29.10,78.00
30047,29.20,78.00
30048,29.20,78.00
30049,29.20,78.00
30050,29.20,78.00
30051,29.20,78.00
30052,29.10,78.00
30053,29.20,78.00
30054,29.20,78.00
30055,29.20,78.00
30056,29.20,78.00
30057,29.10,78.00
30058,29.10,78.00
30059,29.20,77.90
30060,29.20,78.00
30061,29.20,78.00
30062,29.10,77.90
30063,29.20,78.00
30064,29.10,78.00
30065,29.20,78.00
30066,29.20,78.00
30067,29.20,78.00
30068,29.20,78.00
30069,29.10,78.00
30070,29.20,78.00
30071,29.20,78.00
30072,29.20,78.00
30073,29.20,78.00
30074,29.10,77.90
30075,29.20,78.00
30076,29.10,77.90
30077,29.20,78.00
30078,29.10,77.90
30079,29.10,77.90
30080,29.10,78.00
30081,29.20,78.00
30082,29.10,78.00
30083,29.10,78.00
30084,29.20,78.00
30085,29.20,78.00
30086,29.10,78.00
30087,29.20,78.00
30088,29.20,78.00
30089,29.10,78.00
30090,29.10,78.00
30091,29.20,77.90
30092,29.20,78.00
30093,29.20,78.00
30094,29.20,77.90
30095,29.10,78.00
30096,29.20,78.00
30097,29.20,78.00
30098,29.20,78.00
30099,29.10,78.00
30100,29.20,78.00
30101,29.20,77.90
30102,29.20,78.00
30103,29.10,77.90
30104,29.20,77.90
30105,29.20,78.00
30106,29.20,77.90
30107,29.10,78.00
30108,29.20,77.90
30109,29.10,77.90
30110,29.20,78.00
30111,29.20,78.00
30112,29.20,78.00
30113,29.20,78.00
30114,29.10,77.90
30115,29.10,78.00
30116,29.20,78.00
30117,29.10,78.00
30118,29.20,78.00
30119,29.10,77.90
30120,29.10,78.00
30121,29.20,78.00
30122,29.20,78.00
30123,29.10,78.00
30124,29.10,77.90
30125,29.10,77.90
30126,29.10,78.00
30127,29.20,78.00
30128,29.20,78.00
30129,29.10,77.90
30130,29.10,77.90
30131,29.10,78.00
30132,29.10,78.00
30133,29.10,77.90
30134,29.10,77.90
30135,29.20,78.00
30136,29.10,77.90
30137,29.20,78.00
30138,29.10,78.00
30139,29.10,78.00
30140,29.10,78.00
30141,29.20,77.90
30142,29.10,78.00
30143,29.10,78.00
30144,29.10,77.90
30145,29.10,78.00
30146,29.20,77.90
30147,29.10,77.90
30148,29.10,77.90
30149,29.10,78.00
30150,29.10,77.90
30151,29.10,78.00
30152,29.10,78.00
30153,29.10,78.00
30154,29.10,77.90
30155,29.10,78.00
30156,29.20,77.90
30157,29.10,78.00
30158,29.10,77.90
30159,29.10,78.00
30160,29.20,78.00
30161,29.10,78.00
30162,29.20,78.00
30163,29.20,78.00
30164,29.10,78.00
30165,29.10,78.00
30166,29.10,78.00
30167,29.10,78.00
30168,29.10,78.00
30169,29.10,78.00
30170,29.10,78.00
30171,29.20,78.00
30172,29.10,78.00
30173,29.10,78.00
30174,29.20,78.00
30175,29.10,78.00
30176,29.20,78.00
30177,29.10,78.00
30178,29.20,78.00
30179,29.20,78.00
30180,29.20,78.00
30181,29.10,78.00
30182,29.20,78.00
30183,29.10,78.00
30184,29.10,78.00
30185,29.10,78.00
30186,29.10,78.00
30187,29.20,78.00
30188,29.10,78.00
30189,29.10,78.00
30190,29.10,78.00
30191,29.10,78.10
30192,29.20,78.10
30193,29.10,78.00
30194,29.20,78.10
30195,29.10,78.10
30196,29.10,78.10
30197,29.10,78.10
30198,29.10,78.10
30199,29.10,78.10
30200,29.10,78.10
30201,29.10,78.10
30202,29.10,78.10
30203,29.10,78.10
30204,29.10,78.10
30205,29.20,78.10
30206,29.10,78.10
30207,29.10,78.10
30208,29.10,78.10
30209,29.20,78.10
30210,29.10,78.10
30211,29.10,78.10
30212,29.10,78.10
30213,29.10,78.10
30214,29.10,78.10
30215,29.20,78.10
30216,29.10,78.10
30217,29.10,78.10
30218,29.10,78.10
30219,29.20,78.10
30220,29.10,78.10
30221,29.20,78.10
30222,29.10,78.10
30223,29.10,78.10
30224,29.10,78.10
30225,29.20,78.00
30226,29.10,78.10
30227,29.10,78.10
30228,29.10,78.10
30229,29.10,78.10
30230,29.10,78.10
30231,29.10,78.10
30232,29.10,78.10
30233,29.10,78.00
30234,29.10,78.10
30235,29.10,78.10
30236,29.10,78.20
30237,29.10,78.20
30238,29.10,78.20
30239,29.10,78.20
30240,29.10,78.20
30241,29.10,78.20
30242,29.10,78.20
30243,29.10,78.20
30244,29.10,78.20
30245,29.10,78.30
30246,29.10,78.30
30247,29.10,78.20
30248,29.10,78.20
30249,29.20,78.20
30250,29.10,78.20
30251,29.10,78.20
30252,29.10,78.20
30253,29.10,78.20
30254,29.10,78.20
30255,29.10,78.20
30256,29.10,78.20
30257,29.10,78.10
30258,29.10,78.20
30259,29.10,78.20
30260,29.10,78.10
30261,29.10,78.20
30262,29.10,78.20
30263,29.10,78.20
30264,29.20,78.20
30265,29.10,78.20
30266,29.10,78.20
30267,29.10,78.20
30268,29.10,78.20
30269,29.10,78.20
30270,29.10,78.20
30271,29.10,78.20
30272,29.10,78.30
30273,29.10,78.20
30274,29.10,78.30
30275,29.10,78.20
30276,29.10,78.20
30277,29.10,78.20
30278,29.10,78.20
30279,29.10,78.20
30280,29.10,78.20
30281,29.10,78.20
30282,29.10,78.20
30283,29.10,78.20
30284,29.10,78.10
30285,29.10,78.20
30286,29.10,78.10
30287,29.10,78.10
30288,29.10,78.10
30289,29.10,78.10
30290,29.10,78.10
30291,29.10,78.10
30292,29.10,78.10
30293,29.10,78.10
30294,29.10,78.10
30295,29.10,78.00
30296,29.10,78.10
30297,29.10,78.10
30298,29.10,78.10
30299,29.10,78.10
30300,29.10,78.10
30301,29.10,78.00
30302,29.10,78.00
30303,29.10,78.00
30304,29.10,78.00
30305,29.10,78.00
30306,29.10,78.00
30307,29.10,78.00
30308,29.10,78.10
30309,29.10,78.00
30310,29.10,78.00
30311,29.10,78.00
30312,29.10,78.00
30313,29.10,78.00
30314,29.10,78.00
30315,29.10,78.00
30316,29.10,78.00
30317,29.10,78.00
30318,29.10,78.00
30319,29.10,78.00
30320,29.00,78.00
30321,29.10,78.00
30322,29.10,78.00
30323,29.10,78.00
30324,29.10,78.00
30325,29.10,78.00
30326,29.10,78.00
30327,29.10,78.00
30328,29.10,78.00
30329,29.10,77.90
30330,29.10,78.00
30331,29.10,77.90
30332,29.10,78.00
30333,29.10,78.00
30334,29.10,77.90
30335,29.10,77.90
30336,29.10,77.90
30337,29.00,77.90
30338,29.10,77.90
30339,29.10,77.90
30340,29.10,77.90
30341,29.10,77.90
30342,29.10,77.90
30343,29.10,77.90
30344,29.10,77.90
30345,29.10,77.90
30346,29.10,77.90
30347,29.10,77.90
30348,29.10,77.90
30349,29.10,77.90
30350,29.10,77.90
30351,29.10,77.90
30352,29.10,77.90
30353,29.00,78.00
30354,29.00,77.90
30355,29.10,77.80
30356,29.00,77.90
30357,29.10,77.90
30358,29.10,77.90
30359,29.10,77.80
30360,29.10,77.90
30361,29.10,77.90
30362,29.10,77.80
30363,29.10,77.90
30364,29.10,77.80
30365,29.00,77.80
30366,29.10,77.90
30367,29.10,77.80
30368,29.00,77.80
30369,29.10,77.80
30370,29.10,77.80
30371,29.10,77.80
30372,29.00,77.80
30373,29.10,77.80
30374,29.10,77.80
30375,29.10,77.80
30376,29.00,77.80
30377,29.00,77.80
30378,29.10,77.80
30379,29.00,77.80
30380,29.00,77.80
30381,29.00,77.80
30382,29.10,77.80
30383,29.00,77.80
30384,29.00,77.80
30385,29.00,77.80
30386,29.00,77.80
30387,29.10,77.80
30388,29.10,77.80
30389,29.00,77.80
30390,29.00,77.80
30391,29.10,77.80
30392,29.00,77.80
30393,29.00,77.80
30394,29.00,77.80
30395,29.00,77.80
30396,29.00,77.80
30397,29.00,77.80
30398,29.00,77.80
30399,29.00,77.80
30400,29.00,77.80
30401,29.00,77.80
30402,29.00,77.80
30403,29.00,77.80
30404,29.00,77.90
30405,29.00,77.80
30406,29.00,77.80
30407,29.00,77.80
30408,29.00,77.80
30409,29.00,77.80
30410,29.00,77.80
30411,29.00,77.80
30412,29.00,77.70
30413,29.00,77.80
30414,29.00,77.80
30415,29.00,77.80
30416,29.00,77.80
30417,29.00,77.80
30418,29.00,77.80
30419,29.00,77.80
30420,29.00,77.80
30421,29.00,77.80
30422,29.00,77.80
30423,29.00,77.80
30424,29.00,77.80
30425,29.00,77.80
30426,29.00,77.80
30427,29.00,77.80
30428,29.00,77.80
30429,29.00,77.80
30430,29.00,77.80
30431,29.00,77.80
30432,29.00,77.80
30433,29.00,77.80
30434,29.00,77.80
30435,29.00,77.80
30436,29.00,77.80
30437,29.00,77.80
30438,29.00,77.80
30439,29.00,77.80
30440,29.00,77.80
30441,29.00,77.80
30442,29.00,77.80
30443,29.00,77.80
30444,29.00,77.80
30445,29.00,77.80
30446,29.00,77.80
30447,29.00,77.80
30448,29.00,77.80
30449,29.00,77.80
30450,29.00,77.80
30451,29.00,77.80
30452,29.00,77.80
30453,29.00,77.80
30454,29.00,77.80
30455,29.00,77.80
30456,29.00,77.80
30457,29.00,77.80
30458,29.00,77.80
30459,29.00,77.80
30460,29.00,77.90
30461,29.00,77.90
30462,29.00,77.90
30463,29.00,77.80
30464,29.00,77.80
30465,29.00,77.80
30466,29.00,77.80
30467,29.00,77.80
30468,29.00,77.90
30469,29.00,77.90
30470,29.00,77.90
30471,29.00,77.90
30472,28.90,77.90
30473,29.00,77.90
30474,29.00,77.90
30475,29.00,77.80
30476,28.90,77.90
30477,29.00,77.90
30478,28.90,77.90
30479,28.90,77.90
30480,29.00,77.90
30481,28.90,77.90
30482,29.00,77.90
30483,29.00,77.90
30484,29.00,77.90
30485,29.00,77.90
30486,29.00,77.90
30487,29.00,77.90
30488,29.00,77.90
30489,28.90,77.90
30490,29.00,78.00
30491,28.90,78.00
30492,28.90,78.00
30493,28.90,77.90
30494,29.00,77.90
30495,28.90,77.90
30496,28.90,78.00
30497,28.90,77.90
30498,28.90,77.90
30499,28.90,78.00
30500,28.90,78.00
30501,28.90,77.90
30502,28.90,78.00
30503,28.90,77.90
30504,28.90,77.90
30505,28.90,78.00
30506,28.90,78.00
30507,28.90,78.00
30508,28.90,78.00
30509,28.90,78.00
30510,28.90,78.00
30511,28.90,78.00
30512,28.90,78.00
30513,28.90,78.00
30514,28.90,78.10
30515,28.90,78.00
30516,28.90,78.00
30517,28.90,78.10
30518,28.90,78.00
30519,28.90,78.10
30520,28.90,78.00
30521,28.90,78.10
30522,28.90,78.10
30523,28.90,78.00
30524,28.90,78.10
30525,28.90,78.10
30526,28.90,78.10
30527,28.90,78.10
30528,28.90,78.10
30529,28.90,78.10
30530,28.90,78.10
30531,28.90,78.10
30532,28.90,78.10
30533,28.90,78.10
30534,28.90,78.10
30535,28.90,78.10
30536,28.90,78.20
30537,28.90,78.10
30538,28.90,78.10
30539,28.90,78.10
30540,28.90,78.20
30541,28.90,78.10
30542,28.90,78.20
30543,28.90,78.20
30544,28.90,78.20
30545,28.80,78.20
30546,28.80,78.20
30547,28.90,78.20
30548,28.90,78.20
30549,28.90,78.20
30550,28.90,78.20
30551,28.80,78.20
30552,28.90,78.30
30553,28.90,78.20
30554,28.90,78.30
30555,28.80,78.20
30556,28.90,78.20
30557,28.80,78.20
30558,28.90,78.20
30559,28.90,78.20
30560,28.90,78.20
30561,28.80,78.30
30562,28.80,78.20
30563,28.90,78.20
30564,28.80,78.20
30565,28.80,78.30
30566,28.80,78.30
30567,28.80,78.30
30568,28.80,78.20
30569,28.80,78.20
30570,28.90,78.20
30571,28.90,78.30
30572,28.80,78.30
30573,28.80,78.30
30574,28.80,78.30
30575,28.80,78.30
30576,28.80,78.30
30577,28.90,78.30
30578,28.80,78.30
30579,28.80,78.30
30580,28.80,78.30
30581,28.80,78.30
30582,28.80,78.30
30583,28.90,78.30
30584,28.80,78.30
30585,28.90,78.30
30586,28.80,78.30
30587,28.90,78.30
30588,28.90,78.30
30589,28.90,78.30
30590,28.90,78.30
30591,28.80,78.30
30592,28.80,78.40
30593,28.80,78.30
30594,28.90,78.40
30595,28.80,78.40
30596,28.80,78.40
30597,28.80,78.40
30598,28.80,78.30
30599,28.80,78.30
30600,28.80,78.40
30601,28.80,78.40
30602,28.80,78.30
30603,28.80,78.40
30604,28.80,78.40
30605,28.80,78.40
30606,28.80,78.40
30607,28.80,78.40
30608,28.80,78.40
30609,28.80,78.40
30610,28.80,78.40
30611,28.80,78.40
30612,28.80,78.40
30613,28.90,78.40
30614,28.80,78.40
30615,28.80,78.40
30616,28.80,78.40
30617,28.80,78.40
30618,28.80,78.40
30619,28.80,78.40
30620,28.80,78.40
30621,28.80,78.40
30622,28.80,78.40
30623,28.80,78.40
30624,28.80,78.40
30625,28.80,78.40
30626,28.80,78.40
30627,28.80,78.40
30628,28.80,78.40
30629,28.80,78.30
30630,28.80,78.40
30631,28.80,78.40
30632,28.80,78.40
30633,28.80,78.40
30634,28.80,78.40
30635,28.80,78.40
30636,28.80,78.50
30637,28.80,78.50
30638,28.80,78.40
30639,28.80,78.40
30640,28.80,78.40
30641,28.80,78.40
30642,28.80,78.40
30643,28.80,78.40
30644,28.80,78.40
30645,28.80,78.40
30646,28.80,78.40
30647,28.80,78.40
30648,28.80,78.40
30649,28.80,78.40
30650,28.80,78.50
30651,28.80,78.40
30652,28.80,78.50
30653,28.80,78.50
30654,28.80,78.50
30655,28.80,78.40
30656,28.80,78.40
30657,28.80,78.40
30658,28.80,78.50
30659,28.80,78.50
30660,28.80,78.50
30661,28.80,78.50
30662,28.80,78.50
30663,28.80,78.50
30664,28.80,78.50
30665,28.80,78.40
30666,28.80,78.40
30667,28.80,78.50
30668,28.80,78.40
30669,28.80,78.50
30670,28.80,78.50
30671,28.80,78.50
30672,28.80,78.50
30673,28.80,78.50
30674,28.80,78.50
30675,28.80,78.50
30676,28.80,78.40
30677,28.80,78.50
30678,28.80,78.50
30679,28.80,78.50
30680,28.80,78.50
30681,28.80,78.50
30682,28.80,78.50
30683,28.80,78.50
30684,28.80,78.50
30685,28.80,78.50
30686,28.80,78.50
30687,28.80,78.50
30688,28.80,78.50
30689,28.80,78.50
30690,28.80,78.50
30691,28.80,78.50
30692,28.80,78.50
30693,28.80,78.50
30694,28.80,78.50
30695,28.80,78.50
30696,28.80,78.60
30697,28.80,78.50
30698,28.80,78.50
30699,28.80,78.60
30700,28.80,78.60
30701,28.80,78.60
30702,28.80,78.60
30703,28.80,78.50
30704,28.80,78.50
30705,28.80,78.50
30706,28.80,78.60
30707,28.80,78.50
30708,28.80,78.50
30709,28.80,78.60
30710,28.80,78.60
30711,28.80,78.60
30712,28.80,78.60
30713,28.80,78.60
30714,28.80,78.60
30715,28.80,78.60
30716,28.80,78.60
30717,28.80,78.60
30718,28.80,78.60
30719,28.80,78.60
30720,28.80,78.60
30721,28.80,78.60
30722,28.80,78.60
30723,28.80,78.60
30724,28.80,78.60
30725,28.80,78.70
30726,28.80,78.60
30727,28.80,78.70
30728,28.80,78.60
30729,28.80,78.70
30730,28.80,78.60
30731,28.80,78.60
30732,28.80,78.60
30733,28.80,78.70
30734,28.80,78.70
30735,28.80,78.70
30736,28.80,78.70
30737,28.80,78.70
30738,28.80,78.70
30739,28.80,78.70
30740,28.80,78.70
30741,28.80,78.70
30742,28.80,78.70
30743,28.80,78.70
30744,28.80,78.70
30745,28.80,78.70
30746,28.80,78.70
30747,28.80,78.70
30748,28.80,78.80
30749,28.80,78.70
30750,28.80,78.70
30751,28.80,78.80
30752,28.80,78.80
30753,28.80,78.80
30754,28.80,78.80
30755,28.80,78.70
30756,28.80,78.80
30757,28.80,78.70
30758,28.80,78.70
30759,28.80,78.80
30760,28.80,78.80
30761,28.80,78.80
30762,28.80,78.80
30763,28.80,78.70
30764,28.80,78.80
30765,28.80,78.80
30766,28.80,78.80
30767,28.80,78.80
30768,28.80,78.80
30769,28.80,78.80
30770,28.80,78.80
30771,28.80,78.80
30772,28.80,78.90
30773,28.80,78.80
30774,28.80,78.80
30775,28.80,78.80
30776,28.80,78.80
30777,28.80,78.80
30778,28.80,78.80
30779,28.80,78.80
30780,28.80,78.80
30781,28.80,78.80
30782,28.80,78.80
30783,28.80,78.80
30784,28.80,78.80
30785,28.80,78.80
30786,28.80,78.90
30787,28.80,78.90
30788,28.80,78.80
30789,28.80,78.90
30790,28.80,78.80
30791,28.80,78.80
30792,28.80,78.80
30793,28.80,78.90
30794,28.80,78.90
30795,28.80,78.90
30796,28.80,78.80
30797,28.80,78.80
30798,28.80,78.90
30799,28.80,78.80
30800,28.80,78.90
30801,28.80,78.80
30802,28.80,78.80
30803,28.80,78.90
30804,28.80,78.90
30805,28.80,78.90
30806,28.90,78.90
30807,28.80,78.90
30808,28.90,78.90
30809,28.80,78.90
30810,28.80,78.80
30811,28.80,78.90
30812,28.80,78.80
30813,28.80,78.90
30814,28.80,78.90
30815,28.80,78.90
30816,28.80,78.90
30817,28.80,78.90
30818,28.80,78.90
30819,28.80,78.90
30820,28.80,78.90
30821,28.80,78.90
30822,28.80,78.90
30823,28.80,78.80
30824,28.90,78.90
30825,28.80,78.90
30826,28.80,78.90
30827,28.80,79.00
30828,28.80,79.00
30829,28.90,79.00
30830,28.80,79.00
30831,28.80,78.90
30832,28.80,78.90
30833,28.80,79.00
30834,28.80,79.00
30835,28.80,79.00
30836,28.80,79.00
30837,28.80,79.00
30838,28.80,79.00
30839,28.80,79.00
30840,28.80,78.90
30841,28.80,79.00
30842,28.80,79.00
30843,28.80,78.90
30844,28.80,79.00
30845,28.80,79.00
30846,28.80,79.00
30847,28.80,79.00
30848,28.80,78.90
30849,28.80,79.00
30850,28.80,79.00
30851,28.80,78.90
30852,28.80,79.00
30853,28.80,79.00
30854,28.80,79.00
30855,28.80,79.00
30856,28.80,79.00
30857,28.80,79.10
30858,28.80,79.00
30859,28.80,79.00
30860,28.80,79.00
30861,28.80,79.00
30862,28.80,79.00
30863,28.80,79.00
30864,28.80,79.00
30865,28.80,79.00
30866,28.80,79.00
30867,28.80,79.00
30868,28.80,79.00
30869,28.80,79.00
30870,28.80,79.00
30871,28.80,79.00
30872,28.80,79.00
30873,28.80,79.00
30874,28.80,79.00
30875,28.80,79.00
30876,28.80,79.00
30877,28.80,79.00
30878,28.80,79.00
30879,28.80,79.00
30880,28.80,79.00
30881,28.80,79.00
30882,28.80,79.00
30883,28.80,79.00
30884,28.80,79.00
30885,28.80,79.00
30886,28.90,79.00
30887,28.80,79.00
30888,28.80,79.00
30889,28.80,79.00
30890,28.90,79.00
30891,28.80,79.00
30892,28.80,79.00
30893,28.80,79.00
30894,28.80,79.00
30895,28.80,79.00
30896,28.80,79.00
30897,28.80,79.00
30898,28.80,79.10
30899,28.80,79.00
30900,28.80,79.00
30901,28.80,79.00
30902,28.80,79.00
30903,28.80,79.00
30904,28.80,79.00
30905,28.80,79.00
30906,28.80,79.00
30907,28.90,79.00
30908,28.80,79.00
30909,28.80,79.00
30910,28.80,79.00
30911,28.80,79.00
30912,28.80,79.00
30913,28.80,79.00
30914,28.80,79.00
30915,28.80,79.00
30916,28.80,79.00
30917,28.80,79.00
30918,28.80,79.00
30919,28.80,79.00
30920,28.80,79.00
30921,28.90,79.00
30922,28.80,79.10
30923,28.80,79.00
30924,28.80,79.00
30925,28.80,79.00
30926,28.80,79.00
30927,28.90,79.00
30928,28.80,79.10
30929,28.80,79.00
30930,28.80,79.00
30931,28.80,79.00
30932,28.80,79.00
30933,28.80,79.00
30934,28.80,79.00
30935,28.80,79.00
30936,28.80,79.00
30937,28.80,79.00
30938,28.80,79.10
30939,28.80,79.10
30940,28.90,79.00
30941,28.80,79.00
30942,28.80,79.10
30943,28.80,79.10
30944,28.80,79.00
30945,28.80,79.10
30946,28.80,79.00
30947,28.80,79.10
30948,28.80,79.00
30949,28.80,79.00
30950,28.80,79.00
30951,28.80,79.10
30952,28.80,79.10
30953,28.80,79.00
30954,28.80,79.00
30955,28.80,79.00
30956,28.90,79.00
30957,28.80,79.10
30958,28.80,79.00
30959,28.80,78.90
30960,28.80,79.00
30961,28.90,79.00
30962,28.80,79.00
30963,28.80,79.00
30964,28.80,79.00
30965,28.80,79.00
30966,28.80,78.90
30967,28.90,79.00
30968,28.80,79.00
30969,28.80,79.10
30970,28.80,79.00
30971,28.90,79.00
30972,28.80,79.00
30973,28.80,79.00
30974,28.80,79.00
30975,28.80,79.00
30976,28.80,79.00
30977,28.80,79.00
30978,28.80,79.00
30979,28.80,79.00
30980,28.90,79.00
30981,28.80,79.00
30982,28.80,79.00
30983,28.80,79.00
30984,28.90,78.90
30985,28.80,78.90
30986,28.80,79.00
30987,28.80,79.00
30988,28.80,79.00
30989,28.80,79.00
30990,28.80,79.00
30991,28.80,79.00
30992,28.80,79.00
30993,28.90,79.00
30994,28.80,78.90
30995,28.90,79.00
30996,28.90,79.00
30997,28.90,79.00
30998,28.90,79.00
30999,28.90,79.00
31000,28.90,79.00
31001,28.80,79.00
31002,28.80,79.00
31003,28.90,79.00
31004,28.90,79.00
31005,28.90,79.00
31006,28.90,79.00
31007,28.80,79.00
31008,28.80,79.00
31009,28.90,79.00
31010,28.90,79.00
31011,28.80,79.00
31012,28.90,79.00
31013,28.90,79.00
31014,28.80,79.00
31015,28.90,79.00
31016,28.90,79.00
31017,28.90,79.00
31018,28.90,79.00
31019,28.90,79.00
31020,28.90,79.00
31021,28.90,79.00
31022,28.80,79.00
31023,28.90,79.00
31024,28.90,79.00
31025,28.90,79.00
31026,28.80,79.00
31027,28.80,79.00
31028,28.80,79.00
31029,28.90,79.10
31030,28.90,78.90
31031,28.80,79.00
31032,28.90,79.00
31033,28.90,79.10
31034,28.90,79.00
31035,28.90,79.00
31036,28.90,78.90
31037,28.90,78.90
31038,28.90,79.00
31039,28.90,79.00
31040,28.90,79.00
31041,28.90,78.90
31042,28.90,79.00
31043,28.90,79.00
31044,28.90,78.90
31045,28.90,79.00
31046,28.80,79.00
31047,28.90,79.00
31048,28.90,79.00
31049,28.90,79.00
31050,28.90,78.90
31051,28.90,79.00
31052,28.90,79.00
31053,28.90,79.00
31054,28.90,79.00
31055,28.80,78.90
31056,28.80,79.00
31057,28.90,79.00
31058,28.90,79.00
31059,28.90,79.00
31060,28.90,79.00
31061,28.80,79.00
31062,28.90,79.00
31063,28.80,79.00
31064,28.90,79.00
31065,28.80,79.00
31066,28.90,79.00
31067,28.90,79.00
31068,28.80,79.00
31069,28.80,79.00
31070,28.90,79.00
31071,28.90,79.00
31072,28.80,79.00
31073,28.90,79.00
31074,28.90,79.10
31075,28.90,79.00
31076,28.90,78.90
31077,28.90,79.00
31078,28.90,79.00
31079,28.90,79.00
31080,28.90,79.00
31081,28.90,78.90
31082,28.90,79.00
31083,28.90,79.00
31084,28.80,79.00
31085,28.80,79.00
31086,28.90,79.00
31087,28.90,79.00
31088,28.90,79.00
31089,28.80,79.00
31090,28.90,79.00
31091,28.90,79.00
31092,28.90,79.00
31093,28.90,79.00
31094,28.90,79.00
31095,28.90,79.00
31096,28.90,79.00
31097,28.90,79.00
31098,28.90,79.00
31099,28.90,79.00
31100,28.90,79.00
31101,28.90,79.00
31102,28.90,79.00
31103,28.90,79.00
31104,28.90,79.00
31105,28.90,79.00
31106,28.90,79.00
31107,28.90,79.00
31108,28.90,79.00
31109,28.90,79.10
31110,28.90,79.00
31111,28.90,79.00
31112,28.90,79.00
31113,28.80,79.00
31114,28.90,79.10
31115,28.90,79.00
31116,28.80,79.00
31117,28.90,79.10
31118,28.90,79.10
31119,28.90,79.00
31120,28.90,79.10
31121,28.90,79.00
31122,28.90,79.10
31123,28.90,79.10
31124,28.90,79.10
31125,28.90,79.10
31126,28.90,79.10
31127,28.90,79.10
31128,28.90,79.20
31129,28.90,79.10
31130,28.90,79.10
31131,28.90,79.10
31132,28.90,79.10
31133,28.90,79.10
31134,28.90,79.20
31135,28.90,79.10
31136,28.90,79.10
31137,28.90,79.20
31138,28.90,79.20
31139,28.90,79.20
31140,28.90,79.20
31141,28.90,79.10
31142,28.90,79.20
31143,28.90,79.20
31144,28.90,79.10
31145,28.80,79.20
31146,28.90,79.20
31147,28.90,79.20
31148,28.90,79.20
31149,28.90,79.20
31150,28.90,79.20
31151,28.90,79.20
31152,28.90,79.20
31153,28.90,79.20
31154,28.90,79.20
31155,28.80,79.20
31156,28.90,79.20
31157,28.90,79.20
31158,28.80,79.20
31159,28.90,79.20
31160,28.80,79.20
31161,28.90,79.20
31162,28.90,79.20
31163,28.90,79.30
31164,28.90,79.30
31165,28.90,79.30
31166,28.90,79.20
31167,28.80,79.30
31168,28.90,79.30
31169,28.90,79.30
31170,28.90,79.30
31171,28.90,79.30
31172,28.90,79.30
31173,28.90,79.30
31174,28.80,79.30
31175,28.90,79.40
31176,28.90,79.30
31177,28.90,79.40
31178,28.90,79.40
31179,28.90,79.30
31180,28.90,79.30
31181,28.90,79.30
31182,28.90,79.30
31183,28.80,79.30
31184,28.90,79.40
31185,28.80,79.40
31186,28.90,79.30
31187,28.90,79.40
31188,28.80,79.40
31189,28.90,79.40
31190,28.90,79.40
31191,28.80,79.40
31192,28.80,79.40
31193,28.80,79.40
31194,28.90,79.40
31195,28.90,79.40
31196,28.90,79.40
31197,28.90,79.50
31198,28.80,79.60
31199,28.80,79.50
31200,28.80,79.60
31201,28.80,79.50
31202,28.90,79.60
31203,28.80,79.50
31204,28.80,79.50
31205,28.80,79.50
31206,28.90,79.50
31207,28.90,79.50
31208,28.80,79.50
31209,28.80,79.50
31210,28.80,79.50
31211,28.80,79.50
31212,28.80,79.50
31213,28.80,79.50
31214,28.80,79.60
31215,28.80,79.50
31216,28.90,79.50
31217,28.80,79.60
31218,28.90,79.50
31219,28.90,79.50
31220,28.90,79.50
31221,28.80,79.60
31222,28.80,79.60
31223,28.80,79.50
31224,28.80,79.50
31225,28.80,79.50
31226,28.80,79.60
31227,28.80,79.60
31228,28.80,79.60
31229,28.80,79.50
31230,28.90,79.60
31231,28.80,79.50
31232,28.80,79.60
31233,28.90,79.60
31234,28.90,79.60
31235,28.80,79.60
31236,28.90,79.60
31237,28.90,79.60
31238,28.80,79.60
31239,28.90,79.60
31240,28.80,79.60
31241,28.90,79.60
31242,28.90,79.60
31243,28.80,79.60
31244,28.80,79.70
31245,28.90,79.60
31246,28.90,79.70
31247,28.90,79.60
31248,28.80,79.60
31249,28.90,79.60
31250,28.90,79.60
31251,28.80,79.70
31252,28.80,79.70
31253,28.90,79.70
31254,28.80,79.70
31255,28.80,79.60
31256,28.80,79.70
31257,28.80,79.60
31258,28.80,79.70
31259,28.90,79.70
31260,28.80,79.70
31261,28.80,79.70
31262,28.90,79.70
31263,28.80,79.70
31264,28.90,79.70
31265,28.80,79.70
31266,28.90,79.70
31267,28.80,79.70
31268,28.90,79.70
31269,28.80,79.70
31270,28.90,79.80
31271,28.80,79.70
31272,28.80,79.70
31273,28.80,79.70
31274,28.80,79.70
31275,28.80,79.70
31276,28.90,79.70
31277,28.80,79.70
31278,28.90,79.70
31279,28.80,79.80
31280,28.80,79.80
31281,28.80,79.80
31282,28.80,79.80
31283,28.90,79.70
31284,28.80,79.70
31285,28.90,79.80
31286,28.80,79.80
31287,28.80,79.80
31288,28.90,79.80
31289,28.80,79.80
31290,28.80,79.80
31291,28.80,79.80
31292,28.80,79.80
31293,28.80,79.80
31294,28.90,79.80
31295,28.90,79.80
31296,28.90,79.80
31297,28.80,79.80
31298,28.80,79.80
31299,28.90,79.70
31300,28.90,79.80
31301,28.80,79.80
31302,28.80,79.80
31303,28.80,79.80
31304,28.90,79.80
31305,28.90,79.90
31306,28.90,79.80
31307,28.90,79.80
31308,28.90,79.80
31309,28.80,79.80
31310,28.90,79.80
31311,28.90,79.80
31312,28.90,79.90
31313,28.90,79.90
31314,28.90,79.80
31315,28.90,79.80
31316,28.90,79.80
31317,28.90,79.90
31318,28.80,79.80
31319,28.80,79.80
31320,28.90,79.80
31321,28.90,79.80
31322,28.90,79.90
31323,28.90,79.80
31324,28.90,79.80
31325,28.80,79.80
31326,28.90,79.80
31327,28.90,79.90
31328,28.90,79.80
31329,28.90,79.80
31330,28.90,79.80
31331,28.80,79.80
31332,28.90,79.80
31333,28.90,79.80
31334,28.90,79.80
31335,28.80,79.80
31336,28.90,79.80
31337,28.90,79.80
31338,28.90,79.80
31339,28.90,79.80
31340,28.90,79.80
31341,28.90,79.70
31342,28.90,79.70
31343,28.90,79.80
31344,28.90,79.70
31345,28.90,79.80
31346,28.90,79.70
